data,dia_semana,is_fim_de_semana,hora,id_cliente,perfil_cliente,bebida,valor_bebida,acompanhamento,valor_acompanhamento,canal,forma_pagamento,ticket_total
2026-01-10,Saturday,1,9,274,Trabalhador,Cappuccino Italiano,14.0,Quiche de Alho Poró,18.0,Balcão,Crédito,32.0
2026-01-10,Saturday,1,13,40,Fim de Semana,Mocha Belga,18.0,Cookie Artesanal,9.0,Delivery,Crédito,27.0
2026-01-10,Saturday,1,13,285,Ocasional,Cappuccino Italiano,14.0,Sanduíche Caprese,19.0,Delivery,Pix,33.0
2026-01-10,Saturday,1,18,169,Fim de Semana,Latte Baunilha,16.0,Bolo Red Velvet,15.0,Delivery,Débito,31.0
2026-01-10,Saturday,1,16,147,Ocasional,Mocha Belga,18.0,Quiche de Alho Poró,18.0,Balcão,Pix,36.0
2026-01-10,Saturday,1,20,97,Ocasional,Cold Brew Especial,17.0,Sanduíche Caprese,19.0,Delivery,Crédito,36.0
2026-01-10,Saturday,1,14,196,Trabalhador,Mocha Belga,18.0,Torta de Limão Siciliano,16.0,Delivery,Pix,34.0
2026-01-10,Saturday,1,17,50,Fim de Semana,Chá Orgânico,12.0,Bolo Red Velvet,15.0,Balcão,Crédito,27.0
2026-01-10,Saturday,1,9,95,Ocasional,Espresso Premium,9.5,Bolo Red Velvet,15.0,Delivery,Débito,24.5
2026-01-10,Saturday,1,13,289,Ocasional,Cappuccino Italiano,14.0,Sanduíche Caprese,19.0,Delivery,Débito,33.0
2026-01-10,Saturday,1,18,286,Ocasional,Latte Baunilha,16.0,Croissant Francês,13.0,Delivery,Crédito,29.0
2026-01-10,Saturday,1,7,110,Fim de Semana,Cold Brew Especial,17.0,Torta de Limão Siciliano,16.0,Balcão,Débito,33.0
2026-01-10,Saturday,1,18,24,Fim de Semana,Chá Orgânico,12.0,Torta de Limão Siciliano,16.0,Delivery,Crédito,28.0
2026-01-10,Saturday,1,17,93,Fim de Semana,Cappuccino Italiano,14.0,Sanduíche Caprese,19.0,Delivery,Pix,33.0
2026-01-10,Saturday,1,14,111,Ocasional,Cold Brew Especial,17.0,Torta de Limão Siciliano,16.0,Delivery,Débito,33.0
2026-01-10,Saturday,1,16,140,Ocasional,Espresso Premium,9.5,Torta de Limão Siciliano,16.0,Balcão,Crédito,25.5
2026-01-10,Saturday,1,7,80,Fim de Semana,Cold Brew Especial,17.0,Croissant Francês,13.0,Balcão,Débito,30.0
2026-01-10,Saturday,1,18,60,Ocasional,Chá Orgânico,12.0,Sanduíche Caprese,19.0,Balcão,Pix,31.0
2026-01-10,Saturday,1,9,176,Fim de Semana,Mocha Belga,18.0,Cookie Artesanal,9.0,Delivery,Pix,27.0
2026-01-10,Saturday,1,18,88,Ocasional,Chá Orgânico,12.0,Quiche de Alho Poró,18.0,Delivery,Crédito,30.0
2026-01-10,Saturday,1,16,112,Trabalhador,Cold Brew Especial,17.0,Croissant Francês,13.0,Delivery,Débito,30.0
2026-01-10,Saturday,1,16,107,Fim de Semana,Latte Baunilha,16.0,Bolo Red Velvet,15.0,Delivery,Pix,31.0
2026-01-10,Saturday,1,16,187,Ocasional,Cappuccino Italiano,14.0,Cookie Artesanal,9.0,Delivery,Pix,23.0
2026-01-10,Saturday,1,20,162,Trabalhador,Chá Orgânico,12.0,Sanduíche Caprese,19.0,Balcão,Crédito,31.0
2026-01-10,Saturday,1,17,66,Ocasional,Mocha Belga,18.0,Sanduíche Caprese,19.0,Balcão,Pix,37.0
2026-01-10,Saturday,1,15,142,Ocasional,Espresso Premium,9.5,Sanduíche Caprese,19.0,Delivery,Pix,28.5
2026-01-10,Saturday,1,17,52,Ocasional,Cappuccino Italiano,14.0,Quiche de Alho Poró,18.0,Delivery,Débito,32.0
2026-01-10,Saturday,1,11,255,Ocasional,Cappuccino Italiano,14.0,Bolo Red Velvet,15.0,Balcão,Débito,29.0
2026-01-10,Saturday,1,10,192,Fim de Semana,Espresso Premium,9.5,Bolo Red Velvet,15.0,Balcão,Pix,24.5
2026-01-10,Saturday,1,9,211,Trabalhador,Latte Baunilha,16.0,Quiche de Alho Poró,18.0,Delivery,Crédito,34.0
2026-01-10,Saturday,1,10,217,Ocasional,Mocha Belga,18.0,Cookie Artesanal,9.0,Delivery,Crédito,27.0
2026-01-10,Saturday,1,18,87,Ocasional,Cappuccino Italiano,14.0,Bolo Red Velvet,15.0,Delivery,Crédito,29.0
2026-01-10,Saturday,1,7,35,Trabalhador,Cappuccino Italiano,14.0,Sanduíche Caprese,19.0,Balcão,Débito,33.0
2026-01-10,Saturday,1,19,101,Fim de Semana,Cappuccino Italiano,14.0,Croissant Francês,13.0,Balcão,Pix,27.0
2026-01-10,Saturday,1,11,210,Trabalhador,Cold Brew Especial,17.0,Croissant Francês,13.0,Balcão,Pix,30.0
2026-01-10,Saturday,1,10,77,Trabalhador,Espresso Premium,9.5,Sanduíche Caprese,19.0,Delivery,Pix,28.5
2026-01-10,Saturday,1,16,167,Ocasional,Mocha Belga,18.0,Sanduíche Caprese,19.0,Balcão,Crédito,37.0
2026-01-10,Saturday,1,19,225,Ocasional,Espresso Premium,9.5,Cookie Artesanal,9.0,Balcão,Débito,18.5
2026-01-10,Saturday,1,8,178,Fim de Semana,Mocha Belga,18.0,Cookie Artesanal,9.0,Balcão,Pix,27.0
2026-01-10,Saturday,1,18,218,Trabalhador,Chá Orgânico,12.0,Cookie Artesanal,9.0,Delivery,Pix,21.0
2026-01-10,Saturday,1,11,154,Trabalhador,Mocha Belga,18.0,Cookie Artesanal,9.0,Delivery,Pix,27.0
2026-01-10,Saturday,1,14,226,Trabalhador,Espresso Premium,9.5,Croissant Francês,13.0,Balcão,Crédito,22.5
2026-01-10,Saturday,1,16,52,Ocasional,Cappuccino Italiano,14.0,Torta de Limão Siciliano,16.0,Delivery,Pix,30.0
2026-01-10,Saturday,1,18,127,Ocasional,Mocha Belga,18.0,Cookie Artesanal,9.0,Delivery,Pix,27.0
2026-01-10,Saturday,1,11,133,Fim de Semana,Chá Orgânico,12.0,Bolo Red Velvet,15.0,Balcão,Crédito,27.0
2026-01-10,Saturday,1,13,272,Trabalhador,Latte Baunilha,16.0,Torta de Limão Siciliano,16.0,Delivery,Débito,32.0
2026-01-10,Saturday,1,17,114,Ocasional,Espresso Premium,9.5,Cookie Artesanal,9.0,Balcão,Débito,18.5
2026-01-10,Saturday,1,19,228,Fim de Semana,Espresso Premium,9.5,Sanduíche Caprese,19.0,Balcão,Pix,28.5
2026-01-10,Saturday,1,7,287,Fim de Semana,Cold Brew Especial,17.0,Sanduíche Caprese,19.0,Balcão,Crédito,36.0
2026-01-10,Saturday,1,9,266,Trabalhador,Mocha Belga,18.0,Bolo Red Velvet,15.0,Delivery,Crédito,33.0
2026-01-10,Saturday,1,18,232,Trabalhador,Cappuccino Italiano,14.0,Cookie Artesanal,9.0,Delivery,Crédito,23.0
2026-01-10,Saturday,1,17,256,Fim de Semana,Cold Brew Especial,17.0,Croissant Francês,13.0,Balcão,Crédito,30.0
2026-01-10,Saturday,1,12,126,Fim de Semana,Cappuccino Italiano,14.0,Quiche de Alho Poró,18.0,Delivery,Débito,32.0
2026-01-10,Saturday,1,8,101,Trabalhador,Cappuccino Italiano,14.0,Croissant Francês,13.0,Delivery,Pix,27.0
2026-01-10,Saturday,1,9,172,Fim de Semana,Mocha Belga,18.0,Quiche de Alho Poró,18.0,Delivery,Débito,36.0
2026-01-10,Saturday,1,18,137,Ocasional,Cappuccino Italiano,14.0,Quiche de Alho Poró,18.0,Delivery,Pix,32.0
2026-01-10,Saturday,1,18,124,Ocasional,Espresso Premium,9.5,Croissant Francês,13.0,Balcão,Crédito,22.5
2026-01-10,Saturday,1,20,291,Trabalhador,Espresso Premium,9.5,Cookie Artesanal,9.0,Delivery,Pix,18.5
2026-01-10,Saturday,1,15,87,Trabalhador,Latte Baunilha,16.0,Torta de Limão Siciliano,16.0,Delivery,Crédito,32.0
2026-01-10,Saturday,1,13,27,Fim de Semana,Cold Brew Especial,17.0,Cookie Artesanal,9.0,Delivery,Pix,26.0
2026-01-10,Saturday,1,9,234,Fim de Semana,Cappuccino Italiano,14.0,Quiche de Alho Poró,18.0,Delivery,Pix,32.0
2026-01-10,Saturday,1,18,103,Ocasional,Latte Baunilha,16.0,Torta de Limão Siciliano,16.0,Delivery,Crédito,32.0
2026-01-10,Saturday,1,15,16,Trabalhador,Cappuccino Italiano,14.0,Bolo Red Velvet,15.0,Delivery,Crédito,29.0
2026-01-10,Saturday,1,16,90,Ocasional,Latte Baunilha,16.0,Cookie Artesanal,9.0,Balcão,Débito,25.0
2026-01-10,Saturday,1,10,36,Trabalhador,Chá Orgânico,12.0,Torta de Limão Siciliano,16.0,Balcão,Crédito,28.0
2026-01-10,Saturday,1,18,171,Ocasional,Chá Orgânico,12.0,Croissant Francês,13.0,Balcão,Débito,25.0
2026-01-10,Saturday,1,12,284,Trabalhador,Chá Orgânico,12.0,Torta de Limão Siciliano,16.0,Delivery,Pix,28.0
2026-01-10,Saturday,1,8,206,Ocasional,Cappuccino Italiano,14.0,Cookie Artesanal,9.0,Balcão,Pix,23.0
2026-01-10,Saturday,1,7,290,Fim de Semana,Mocha Belga,18.0,Sanduíche Caprese,19.0,Balcão,Débito,37.0
2026-01-10,Saturday,1,8,84,Trabalhador,Cold Brew Especial,17.0,Sanduíche Caprese,19.0,Balcão,Crédito,36.0
2026-01-10,Saturday,1,16,21,Fim de Semana,Chá Orgânico,12.0,Quiche de Alho Poró,18.0,Balcão,Pix,30.0
2026-01-10,Saturday,1,9,257,Fim de Semana,Chá Orgânico,12.0,Sanduíche Caprese,19.0,Balcão,Crédito,31.0
2026-01-10,Saturday,1,12,211,Trabalhador,Chá Orgânico,12.0,Bolo Red Velvet,15.0,Balcão,Crédito,27.0
2026-01-10,Saturday,1,14,138,Ocasional,Mocha Belga,18.0,Quiche de Alho Poró,18.0,Delivery,Crédito,36.0
2026-01-10,Saturday,1,7,22,Fim de Semana,Espresso Premium,9.5,Cookie Artesanal,9.0,Delivery,Pix,18.5
2026-01-10,Saturday,1,17,109,Trabalhador,Cold Brew Especial,17.0,Cookie Artesanal,9.0,Delivery,Pix,26.0
2026-01-10,Saturday,1,18,180,Ocasional,Cappuccino Italiano,14.0,Croissant Francês,13.0,Balcão,Pix,27.0
2026-01-10,Saturday,1,17,158,Fim de Semana,Cappuccino Italiano,14.0,Croissant Francês,13.0,Delivery,Débito,27.0
2026-01-10,Saturday,1,12,269,Trabalhador,Cappuccino Italiano,14.0,Croissant Francês,13.0,Delivery,Débito,27.0
2026-01-10,Saturday,1,8,21,Fim de Semana,Mocha Belga,18.0,Sanduíche Caprese,19.0,Balcão,Pix,37.0
2026-01-10,Saturday,1,10,166,Fim de Semana,Latte Baunilha,16.0,Croissant Francês,13.0,Delivery,Crédito,29.0
2026-01-10,Saturday,1,14,274,Ocasional,Chá Orgânico,12.0,Cookie Artesanal,9.0,Balcão,Crédito,21.0
2026-01-10,Saturday,1,12,12,Ocasional,Cold Brew Especial,17.0,Croissant Francês,13.0,Balcão,Débito,30.0
2026-01-10,Saturday,1,20,212,Ocasional,Chá Orgânico,12.0,Croissant Francês,13.0,Delivery,Crédito,25.0
2026-01-10,Saturday,1,13,20,Trabalhador,Mocha Belga,18.0,Cookie Artesanal,9.0,Balcão,Crédito,27.0
2026-01-10,Saturday,1,19,125,Fim de Semana,Mocha Belga,18.0,Sanduíche Caprese,19.0,Delivery,Crédito,37.0
2026-01-10,Saturday,1,8,29,Ocasional,Mocha Belga,18.0,Bolo Red Velvet,15.0,Balcão,Crédito,33.0
2026-01-10,Saturday,1,8,104,Trabalhador,Mocha Belga,18.0,Torta de Limão Siciliano,16.0,Delivery,Pix,34.0
2026-01-11,Sunday,1,15,229,Fim de Semana,Cappuccino Italiano,14.0,Quiche de Alho Poró,18.0,Balcão,Pix,32.0
2026-01-11,Sunday,1,8,122,Fim de Semana,Espresso Premium,9.5,Cookie Artesanal,9.0,Delivery,Pix,18.5
2026-01-11,Sunday,1,10,245,Ocasional,Latte Baunilha,16.0,Sanduíche Caprese,19.0,Balcão,Pix,35.0
2026-01-11,Sunday,1,19,141,Fim de Semana,Chá Orgânico,12.0,Sanduíche Caprese,19.0,Delivery,Pix,31.0
2026-01-11,Sunday,1,13,142,Fim de Semana,Latte Baunilha,16.0,Cookie Artesanal,9.0,Delivery,Crédito,25.0
2026-01-11,Sunday,1,12,36,Fim de Semana,Espresso Premium,9.5,Bolo Red Velvet,15.0,Balcão,Débito,24.5
2026-01-11,Sunday,1,18,89,Trabalhador,Cold Brew Especial,17.0,Sanduíche Caprese,19.0,Delivery,Débito,36.0
2026-01-11,Sunday,1,12,95,Ocasional,Mocha Belga,18.0,Croissant Francês,13.0,Balcão,Pix,31.0
2026-01-11,Sunday,1,9,90,Fim de Semana,Latte Baunilha,16.0,Sanduíche Caprese,19.0,Balcão,Crédito,35.0
2026-01-11,Sunday,1,13,238,Ocasional,Cold Brew Especial,17.0,Croissant Francês,13.0,Balcão,Crédito,30.0
2026-01-11,Sunday,1,19,106,Trabalhador,Mocha Belga,18.0,Croissant Francês,13.0,Delivery,Pix,31.0
2026-01-11,Sunday,1,11,116,Fim de Semana,Latte Baunilha,16.0,Sanduíche Caprese,19.0,Balcão,Débito,35.0
2026-01-11,Sunday,1,15,197,Trabalhador,Espresso Premium,9.5,Quiche de Alho Poró,18.0,Delivery,Crédito,27.5
2026-01-11,Sunday,1,8,39,Trabalhador,Cappuccino Italiano,14.0,Croissant Francês,13.0,Balcão,Débito,27.0
2026-01-11,Sunday,1,19,211,Trabalhador,Latte Baunilha,16.0,Cookie Artesanal,9.0,Delivery,Crédito,25.0
2026-01-11,Sunday,1,15,62,Trabalhador,Cold Brew Especial,17.0,Quiche de Alho Poró,18.0,Balcão,Pix,35.0
2026-01-11,Sunday,1,17,7,Fim de Semana,Mocha Belga,18.0,Cookie Artesanal,9.0,Balcão,Pix,27.0
2026-01-11,Sunday,1,14,184,Ocasional,Espresso Premium,9.5,Croissant Francês,13.0,Delivery,Crédito,22.5
2026-01-11,Sunday,1,9,179,Ocasional,Mocha Belga,18.0,Sanduíche Caprese,19.0,Delivery,Débito,37.0
2026-01-11,Sunday,1,10,85,Trabalhador,Chá Orgânico,12.0,Quiche de Alho Poró,18.0,Delivery,Débito,30.0
2026-01-11,Sunday,1,18,144,Fim de Semana,Cold Brew Especial,17.0,Torta de Limão Siciliano,16.0,Balcão,Pix,33.0
2026-01-11,Sunday,1,18,152,Ocasional,Latte Baunilha,16.0,Sanduíche Caprese,19.0,Delivery,Pix,35.0
2026-01-11,Sunday,1,17,22,Ocasional,Mocha Belga,18.0,Quiche de Alho Poró,18.0,Delivery,Crédito,36.0
2026-01-11,Sunday,1,13,163,Trabalhador,Mocha Belga,18.0,Torta de Limão Siciliano,16.0,Balcão,Débito,34.0
2026-01-11,Sunday,1,15,6,Fim de Semana,Cappuccino Italiano,14.0,Torta de Limão Siciliano,16.0,Delivery,Crédito,30.0
2026-01-11,Sunday,1,12,171,Fim de Semana,Mocha Belga,18.0,Cookie Artesanal,9.0,Balcão,Crédito,27.0
2026-01-11,Sunday,1,7,99,Fim de Semana,Cold Brew Especial,17.0,Torta de Limão Siciliano,16.0,Balcão,Crédito,33.0
2026-01-11,Sunday,1,11,94,Trabalhador,Cold Brew Especial,17.0,Bolo Red Velvet,15.0,Balcão,Crédito,32.0
2026-01-11,Sunday,1,8,207,Fim de Semana,Cold Brew Especial,17.0,Cookie Artesanal,9.0,Delivery,Débito,26.0
2026-01-11,Sunday,1,15,20,Trabalhador,Latte Baunilha,16.0,Cookie Artesanal,9.0,Balcão,Crédito,25.0
2026-01-11,Sunday,1,13,260,Trabalhador,Chá Orgânico,12.0,Croissant Francês,13.0,Balcão,Débito,25.0
2026-01-11,Sunday,1,9,270,Trabalhador,Mocha Belga,18.0,Croissant Francês,13.0,Balcão,Débito,31.0
2026-01-11,Sunday,1,16,21,Trabalhador,Chá Orgânico,12.0,Sanduíche Caprese,19.0,Delivery,Débito,31.0
2026-01-11,Sunday,1,8,69,Fim de Semana,Cold Brew Especial,17.0,Bolo Red Velvet,15.0,Delivery,Débito,32.0
2026-01-11,Sunday,1,17,94,Trabalhador,Cold Brew Especial,17.0,Sanduíche Caprese,19.0,Delivery,Débito,36.0
2026-01-11,Sunday,1,13,240,Trabalhador,Mocha Belga,18.0,Croissant Francês,13.0,Balcão,Pix,31.0
2026-01-11,Sunday,1,7,179,Ocasional,Espresso Premium,9.5,Croissant Francês,13.0,Delivery,Crédito,22.5
2026-01-11,Sunday,1,11,76,Ocasional,Cold Brew Especial,17.0,Bolo Red Velvet,15.0,Delivery,Pix,32.0
2026-01-11,Sunday,1,20,19,Ocasional,Cappuccino Italiano,14.0,Torta de Limão Siciliano,16.0,Delivery,Pix,30.0
2026-01-11,Sunday,1,12,91,Fim de Semana,Cappuccino Italiano,14.0,Sanduíche Caprese,19.0,Balcão,Pix,33.0
2026-01-11,Sunday,1,8,113,Trabalhador,Mocha Belga,18.0,Sanduíche Caprese,19.0,Balcão,Pix,37.0
2026-01-11,Sunday,1,17,180,Ocasional,Cappuccino Italiano,14.0,Croissant Francês,13.0,Delivery,Crédito,27.0
2026-01-11,Sunday,1,7,109,Ocasional,Mocha Belga,18.0,Bolo Red Velvet,15.0,Delivery,Crédito,33.0
2026-01-11,Sunday,1,7,224,Trabalhador,Latte Baunilha,16.0,Cookie Artesanal,9.0,Balcão,Débito,25.0
2026-01-11,Sunday,1,18,137,Trabalhador,Espresso Premium,9.5,Torta de Limão Siciliano,16.0,Balcão,Débito,25.5
2026-01-11,Sunday,1,9,99,Trabalhador,Cold Brew Especial,17.0,Torta de Limão Siciliano,16.0,Balcão,Pix,33.0
2026-01-11,Sunday,1,13,190,Trabalhador,Chá Orgânico,12.0,Quiche de Alho Poró,18.0,Delivery,Pix,30.0
2026-01-11,Sunday,1,17,67,Ocasional,Cappuccino Italiano,14.0,Quiche de Alho Poró,18.0,Balcão,Débito,32.0
2026-01-11,Sunday,1,13,229,Fim de Semana,Cappuccino Italiano,14.0,Cookie Artesanal,9.0,Balcão,Crédito,23.0
2026-01-11,Sunday,1,7,129,Trabalhador,Latte Baunilha,16.0,Sanduíche Caprese,19.0,Balcão,Crédito,35.0
2026-01-11,Sunday,1,12,7,Fim de Semana,Latte Baunilha,16.0,Cookie Artesanal,9.0,Delivery,Débito,25.0
2026-01-11,Sunday,1,7,234,Ocasional,Latte Baunilha,16.0,Sanduíche Caprese,19.0,Balcão,Pix,35.0
2026-01-11,Sunday,1,16,54,Trabalhador,Espresso Premium,9.5,Croissant Francês,13.0,Delivery,Pix,22.5
2026-01-11,Sunday,1,13,167,Trabalhador,Mocha Belga,18.0,Sanduíche Caprese,19.0,Balcão,Pix,37.0
2026-01-11,Sunday,1,10,72,Ocasional,Cold Brew Especial,17.0,Torta de Limão Siciliano,16.0,Delivery,Débito,33.0
2026-01-11,Sunday,1,10,190,Ocasional,Mocha Belga,18.0,Croissant Francês,13.0,Delivery,Pix,31.0
2026-01-11,Sunday,1,15,93,Ocasional,Espresso Premium,9.5,Torta de Limão Siciliano,16.0,Delivery,Pix,25.5
2026-01-11,Sunday,1,13,64,Trabalhador,Cappuccino Italiano,14.0,Sanduíche Caprese,19.0,Delivery,Crédito,33.0
2026-01-11,Sunday,1,9,128,Ocasional,Mocha Belga,18.0,Quiche de Alho Poró,18.0,Balcão,Débito,36.0
2026-01-11,Sunday,1,8,208,Ocasional,Chá Orgânico,12.0,Quiche de Alho Poró,18.0,Delivery,Débito,30.0
2026-01-11,Sunday,1,16,16,Trabalhador,Latte Baunilha,16.0,Torta de Limão Siciliano,16.0,Delivery,Débito,32.0
2026-01-11,Sunday,1,16,53,Ocasional,Espresso Premium,9.5,Quiche de Alho Poró,18.0,Balcão,Débito,27.5
2026-01-11,Sunday,1,18,165,Ocasional,Latte Baunilha,16.0,Quiche de Alho Poró,18.0,Balcão,Débito,34.0
2026-01-11,Sunday,1,8,198,Trabalhador,Cappuccino Italiano,14.0,Quiche de Alho Poró,18.0,Delivery,Débito,32.0
2026-01-11,Sunday,1,20,193,Fim de Semana,Cold Brew Especial,17.0,Cookie Artesanal,9.0,Delivery,Pix,26.0
2026-01-11,Sunday,1,16,165,Trabalhador,Cappuccino Italiano,14.0,Croissant Francês,13.0,Delivery,Pix,27.0
2026-01-11,Sunday,1,10,254,Ocasional,Latte Baunilha,16.0,Bolo Red Velvet,15.0,Balcão,Pix,31.0
2026-01-11,Sunday,1,10,168,Trabalhador,Latte Baunilha,16.0,Cookie Artesanal,9.0,Balcão,Pix,25.0
2026-01-11,Sunday,1,15,139,Trabalhador,Latte Baunilha,16.0,Croissant Francês,13.0,Balcão,Crédito,29.0
2026-01-11,Sunday,1,16,266,Trabalhador,Mocha Belga,18.0,Croissant Francês,13.0,Delivery,Crédito,31.0
2026-01-11,Sunday,1,9,87,Fim de Semana,Mocha Belga,18.0,Torta de Limão Siciliano,16.0,Delivery,Pix,34.0
2026-01-11,Sunday,1,20,274,Trabalhador,Mocha Belga,18.0,Sanduíche Caprese,19.0,Balcão,Débito,37.0
2026-01-12,Monday,0,9,293,Fim de Semana,Mocha Belga,18.0,Bolo Red Velvet,15.0,Delivery,Débito,33.0
2026-01-12,Monday,0,13,157,Ocasional,Espresso Premium,9.5,Bolo Red Velvet,15.0,Balcão,Crédito,24.5
2026-01-12,Monday,0,12,159,Fim de Semana,Cappuccino Italiano,14.0,Croissant Francês,13.0,Delivery,Pix,27.0
2026-01-12,Monday,0,20,130,Fim de Semana,Cold Brew Especial,17.0,Sanduíche Caprese,19.0,Delivery,Crédito,36.0
2026-01-12,Monday,0,8,122,Fim de Semana,Mocha Belga,18.0,Bolo Red Velvet,15.0,Balcão,Crédito,33.0
2026-01-12,Monday,0,14,66,Ocasional,Espresso Premium,9.5,Bolo Red Velvet,15.0,Balcão,Pix,24.5
2026-01-12,Monday,0,10,188,Trabalhador,Cold Brew Especial,17.0,Sanduíche Caprese,19.0,Delivery,Crédito,36.0
2026-01-12,Monday,0,16,104,Trabalhador,Latte Baunilha,16.0,Sanduíche Caprese,19.0,Delivery,Crédito,35.0
2026-01-12,Monday,0,9,209,Trabalhador,Mocha Belga,18.0,Cookie Artesanal,9.0,Balcão,Crédito,27.0
2026-01-12,Monday,0,9,285,Ocasional,Latte Baunilha,16.0,Cookie Artesanal,9.0,Balcão,Débito,25.0
2026-01-12,Monday,0,8,58,Trabalhador,Chá Orgânico,12.0,Bolo Red Velvet,15.0,Balcão,Débito,27.0
2026-01-12,Monday,0,10,269,Ocasional,Cappuccino Italiano,14.0,Cookie Artesanal,9.0,Delivery,Crédito,23.0
2026-01-12,Monday,0,7,131,Fim de Semana,Cappuccino Italiano,14.0,Croissant Francês,13.0,Balcão,Crédito,27.0
2026-01-12,Monday,0,16,172,Fim de Semana,Cold Brew Especial,17.0,Bolo Red Velvet,15.0,Delivery,Pix,32.0
2026-01-12,Monday,0,12,177,Ocasional,Mocha Belga,18.0,Cookie Artesanal,9.0,Delivery,Crédito,27.0
2026-01-12,Monday,0,12,114,Ocasional,Cappuccino Italiano,14.0,Cookie Artesanal,9.0,Delivery,Crédito,23.0
2026-01-12,Monday,0,7,254,Trabalhador,Latte Baunilha,16.0,Bolo Red Velvet,15.0,Balcão,Crédito,31.0
2026-01-12,Monday,0,10,168,Trabalhador,Mocha Belga,18.0,Cookie Artesanal,9.0,Delivery,Débito,27.0
2026-01-12,Monday,0,17,291,Fim de Semana,Cold Brew Especial,17.0,Torta de Limão Siciliano,16.0,Balcão,Crédito,33.0
2026-01-12,Monday,0,16,44,Trabalhador,Chá Orgânico,12.0,Torta de Limão Siciliano,16.0,Balcão,Pix,28.0
2026-01-12,Monday,0,20,299,Fim de Semana,Latte Baunilha,16.0,Torta de Limão Siciliano,16.0,Delivery,Crédito,32.0
2026-01-12,Monday,0,17,226,Fim de Semana,Mocha Belga,18.0,Croissant Francês,13.0,Balcão,Débito,31.0
2026-01-12,Monday,0,10,22,Fim de Semana,Latte Baunilha,16.0,Cookie Artesanal,9.0,Delivery,Pix,25.0
2026-01-12,Monday,0,9,297,Fim de Semana,Mocha Belga,18.0,Bolo Red Velvet,15.0,Balcão,Pix,33.0
2026-01-12,Monday,0,12,134,Trabalhador,Chá Orgânico,12.0,Croissant Francês,13.0,Balcão,Crédito,25.0
2026-01-12,Monday,0,12,122,Fim de Semana,Espresso Premium,9.5,Croissant Francês,13.0,Delivery,Crédito,22.5
2026-01-12,Monday,0,12,122,Ocasional,Chá Orgânico,12.0,Sanduíche Caprese,19.0,Delivery,Débito,31.0
2026-01-12,Monday,0,13,4,Trabalhador,Cold Brew Especial,17.0,Sanduíche Caprese,19.0,Delivery,Débito,36.0
2026-01-12,Monday,0,11,236,Fim de Semana,Cappuccino Italiano,14.0,Torta de Limão Siciliano,16.0,Delivery,Crédito,30.0
2026-01-12,Monday,0,20,238,Ocasional,Cappuccino Italiano,14.0,Cookie Artesanal,9.0,Delivery,Crédito,23.0
2026-01-12,Monday,0,20,18,Trabalhador,Espresso Premium,9.5,Croissant Francês,13.0,Balcão,Pix,22.5
2026-01-12,Monday,0,10,92,Ocasional,Chá Orgânico,12.0,Sanduíche Caprese,19.0,Balcão,Crédito,31.0
2026-01-12,Monday,0,9,144,Trabalhador,Latte Baunilha,16.0,Croissant Francês,13.0,Balcão,Débito,29.0
2026-01-12,Monday,0,9,181,Ocasional,Espresso Premium,9.5,Croissant Francês,13.0,Balcão,Crédito,22.5
2026-01-12,Monday,0,14,189,Ocasional,Cappuccino Italiano,14.0,Sanduíche Caprese,19.0,Delivery,Crédito,33.0
2026-01-12,Monday,0,10,167,Ocasional,Cold Brew Especial,17.0,Bolo Red Velvet,15.0,Balcão,Débito,32.0
2026-01-12,Monday,0,10,1,Ocasional,Cappuccino Italiano,14.0,Sanduíche Caprese,19.0,Balcão,Débito,33.0
2026-01-12,Monday,0,9,2,Trabalhador,Mocha Belga,18.0,Croissant Francês,13.0,Balcão,Pix,31.0
2026-01-12,Monday,0,7,174,Trabalhador,Mocha Belga,18.0,Bolo Red Velvet,15.0,Delivery,Crédito,33.0
2026-01-12,Monday,0,11,83,Trabalhador,Cappuccino Italiano,14.0,Torta de Limão Siciliano,16.0,Balcão,Crédito,30.0
2026-01-12,Monday,0,12,36,Fim de Semana,Cappuccino Italiano,14.0,Croissant Francês,13.0,Balcão,Crédito,27.0
2026-01-12,Monday,0,7,155,Fim de Semana,Cold Brew Especial,17.0,Bolo Red Velvet,15.0,Balcão,Pix,32.0
2026-01-12,Monday,0,13,165,Ocasional,Cold Brew Especial,17.0,Bolo Red Velvet,15.0,Delivery,Débito,32.0
2026-01-12,Monday,0,12,169,Fim de Semana,Cappuccino Italiano,14.0,Torta de Limão Siciliano,16.0,Delivery,Crédito,30.0
2026-01-12,Monday,0,14,174,Trabalhador,Mocha Belga,18.0,Croissant Francês,13.0,Delivery,Crédito,31.0
2026-01-12,Monday,0,7,207,Fim de Semana,Latte Baunilha,16.0,Croissant Francês,13.0,Delivery,Crédito,29.0
2026-01-12,Monday,0,7,156,Ocasional,Cold Brew Especial,17.0,Torta de Limão Siciliano,16.0,Delivery,Débito,33.0
2026-01-12,Monday,0,16,24,Fim de Semana,Espresso Premium,9.5,Torta de Limão Siciliano,16.0,Balcão,Débito,25.5
2026-01-12,Monday,0,7,160,Ocasional,Cappuccino Italiano,14.0,Bolo Red Velvet,15.0,Delivery,Pix,29.0
2026-01-12,Monday,0,18,154,Trabalhador,Cappuccino Italiano,14.0,Sanduíche Caprese,19.0,Balcão,Crédito,33.0
2026-01-12,Monday,0,8,238,Trabalhador,Espresso Premium,9.5,Sanduíche Caprese,19.0,Delivery,Débito,28.5
2026-01-12,Monday,0,8,187,Trabalhador,Espresso Premium,9.5,Sanduíche Caprese,19.0,Balcão,Crédito,28.5
2026-01-12,Monday,0,7,257,Trabalhador,Latte Baunilha,16.0,Sanduíche Caprese,19.0,Balcão,Crédito,35.0
2026-01-12,Monday,0,20,25,Fim de Semana,Mocha Belga,18.0,Torta de Limão Siciliano,16.0,Balcão,Débito,34.0
2026-01-12,Monday,0,8,210,Trabalhador,Latte Baunilha,16.0,Cookie Artesanal,9.0,Delivery,Pix,25.0
2026-01-12,Monday,0,15,179,Ocasional,Latte Baunilha,16.0,Sanduíche Caprese,19.0,Delivery,Pix,35.0
2026-01-12,Monday,0,7,84,Ocasional,Chá Orgânico,12.0,Sanduíche Caprese,19.0,Delivery,Débito,31.0
2026-01-12,Monday,0,9,148,Ocasional,Cold Brew Especial,17.0,Torta de Limão Siciliano,16.0,Delivery,Débito,33.0
2026-01-12,Monday,0,14,224,Trabalhador,Cappuccino Italiano,14.0,Torta de Limão Siciliano,16.0,Delivery,Pix,30.0
2026-01-12,Monday,0,19,155,Trabalhador,Mocha Belga,18.0,Torta de Limão Siciliano,16.0,Delivery,Crédito,34.0
2026-01-12,Monday,0,19,97,Trabalhador,Cold Brew Especial,17.0,Cookie Artesanal,9.0,Delivery,Pix,26.0
2026-01-12,Monday,0,8,130,Trabalhador,Chá Orgânico,12.0,Torta de Limão Siciliano,16.0,Balcão,Crédito,28.0
2026-01-12,Monday,0,16,218,Fim de Semana,Mocha Belga,18.0,Bolo Red Velvet,15.0,Delivery,Crédito,33.0
2026-01-12,Monday,0,20,282,Trabalhador,Chá Orgânico,12.0,Quiche de Alho Poró,18.0,Balcão,Pix,30.0
2026-01-12,Monday,0,13,285,Ocasional,Mocha Belga,18.0,Croissant Francês,13.0,Balcão,Débito,31.0
2026-01-12,Monday,0,18,181,Fim de Semana,Latte Baunilha,16.0,Sanduíche Caprese,19.0,Delivery,Crédito,35.0
2026-01-12,Monday,0,16,165,Trabalhador,Mocha Belga,18.0,Sanduíche Caprese,19.0,Balcão,Pix,37.0
2026-01-12,Monday,0,11,121,Trabalhador,Cappuccino Italiano,14.0,Croissant Francês,13.0,Balcão,Crédito,27.0
2026-01-12,Monday,0,11,54,Trabalhador,Cappuccino Italiano,14.0,Torta de Limão Siciliano,16.0,Balcão,Crédito,30.0
2026-01-12,Monday,0,16,32,Fim de Semana,Cappuccino Italiano,14.0,Torta de Limão Siciliano,16.0,Balcão,Pix,30.0
2026-01-12,Monday,0,12,222,Fim de Semana,Latte Baunilha,16.0,Quiche de Alho Poró,18.0,Delivery,Débito,34.0
2026-01-12,Monday,0,15,70,Fim de Semana,Latte Baunilha,16.0,Cookie Artesanal,9.0,Delivery,Débito,25.0
2026-01-12,Monday,0,15,185,Trabalhador,Mocha Belga,18.0,Croissant Francês,13.0,Balcão,Pix,31.0
2026-01-12,Monday,0,17,135,Trabalhador,Mocha Belga,18.0,Sanduíche Caprese,19.0,Balcão,Crédito,37.0
2026-01-12,Monday,0,8,55,Ocasional,Chá Orgânico,12.0,Torta de Limão Siciliano,16.0,Balcão,Pix,28.0
2026-01-13,Tuesday,0,8,117,Ocasional,Espresso Premium,9.5,Cookie Artesanal,9.0,Delivery,Pix,18.5
2026-01-13,Tuesday,0,11,282,Trabalhador,Latte Baunilha,16.0,Croissant Francês,13.0,Balcão,Débito,29.0
2026-01-13,Tuesday,0,16,126,Trabalhador,Latte Baunilha,16.0,Croissant Francês,13.0,Delivery,Débito,29.0
2026-01-13,Tuesday,0,12,280,Trabalhador,Espresso Premium,9.5,Bolo Red Velvet,15.0,Balcão,Pix,24.5
2026-01-13,Tuesday,0,17,202,Ocasional,Espresso Premium,9.5,Cookie Artesanal,9.0,Balcão,Pix,18.5
2026-01-13,Tuesday,0,7,178,Fim de Semana,Cold Brew Especial,17.0,Cookie Artesanal,9.0,Delivery,Débito,26.0
2026-01-13,Tuesday,0,13,269,Fim de Semana,Chá Orgânico,12.0,Bolo Red Velvet,15.0,Delivery,Crédito,27.0
2026-01-13,Tuesday,0,8,87,Ocasional,Mocha Belga,18.0,Sanduíche Caprese,19.0,Delivery,Débito,37.0
2026-01-13,Tuesday,0,10,170,Fim de Semana,Cappuccino Italiano,14.0,Cookie Artesanal,9.0,Balcão,Débito,23.0
2026-01-13,Tuesday,0,8,170,Fim de Semana,Cold Brew Especial,17.0,Cookie Artesanal,9.0,Delivery,Crédito,26.0
2026-01-13,Tuesday,0,15,279,Ocasional,Cappuccino Italiano,14.0,Croissant Francês,13.0,Balcão,Débito,27.0
2026-01-13,Tuesday,0,12,216,Trabalhador,Cold Brew Especial,17.0,Torta de Limão Siciliano,16.0,Balcão,Crédito,33.0
2026-01-13,Tuesday,0,17,13,Ocasional,Chá Orgânico,12.0,Cookie Artesanal,9.0,Delivery,Débito,21.0
2026-01-13,Tuesday,0,12,16,Trabalhador,Latte Baunilha,16.0,Sanduíche Caprese,19.0,Delivery,Débito,35.0
2026-01-13,Tuesday,0,9,57,Ocasional,Cappuccino Italiano,14.0,Cookie Artesanal,9.0,Delivery,Débito,23.0
2026-01-13,Tuesday,0,19,230,Fim de Semana,Cold Brew Especial,17.0,Croissant Francês,13.0,Balcão,Crédito,30.0
2026-01-13,Tuesday,0,7,110,Trabalhador,Chá Orgânico,12.0,Cookie Artesanal,9.0,Delivery,Débito,21.0
2026-01-13,Tuesday,0,8,161,Fim de Semana,Cold Brew Especial,17.0,Bolo Red Velvet,15.0,Delivery,Débito,32.0
2026-01-13,Tuesday,0,15,234,Fim de Semana,Latte Baunilha,16.0,Croissant Francês,13.0,Balcão,Pix,29.0
2026-01-13,Tuesday,0,15,275,Trabalhador,Latte Baunilha,16.0,Bolo Red Velvet,15.0,Balcão,Débito,31.0
2026-01-13,Tuesday,0,12,100,Ocasional,Cappuccino Italiano,14.0,Croissant Francês,13.0,Balcão,Crédito,27.0
2026-01-13,Tuesday,0,19,205,Ocasional,Espresso Premium,9.5,Quiche de Alho Poró,18.0,Balcão,Pix,27.5
2026-01-13,Tuesday,0,19,114,Ocasional,Espresso Premium,9.5,Cookie Artesanal,9.0,Delivery,Crédito,18.5
2026-01-13,Tuesday,0,8,87,Fim de Semana,Mocha Belga,18.0,Torta de Limão Siciliano,16.0,Delivery,Crédito,34.0
2026-01-13,Tuesday,0,14,107,Trabalhador,Latte Baunilha,16.0,Croissant Francês,13.0,Delivery,Pix,29.0
2026-01-13,Tuesday,0,14,18,Ocasional,Espresso Premium,9.5,Sanduíche Caprese,19.0,Delivery,Débito,28.5
2026-01-13,Tuesday,0,17,268,Ocasional,Latte Baunilha,16.0,Sanduíche Caprese,19.0,Balcão,Débito,35.0
2026-01-13,Tuesday,0,16,162,Ocasional,Latte Baunilha,16.0,Quiche de Alho Poró,18.0,Balcão,Pix,34.0
2026-01-13,Tuesday,0,9,179,Ocasional,Cold Brew Especial,17.0,Sanduíche Caprese,19.0,Balcão,Crédito,36.0
2026-01-13,Tuesday,0,19,28,Fim de Semana,Cold Brew Especial,17.0,Bolo Red Velvet,15.0,Delivery,Crédito,32.0
2026-01-13,Tuesday,0,7,215,Ocasional,Espresso Premium,9.5,Quiche de Alho Poró,18.0,Balcão,Débito,27.5
2026-01-13,Tuesday,0,7,61,Ocasional,Espresso Premium,9.5,Quiche de Alho Poró,18.0,Balcão,Débito,27.5
2026-01-13,Tuesday,0,16,57,Fim de Semana,Espresso Premium,9.5,Torta de Limão Siciliano,16.0,Delivery,Crédito,25.5
2026-01-13,Tuesday,0,9,201,Trabalhador,Chá Orgânico,12.0,Sanduíche Caprese,19.0,Balcão,Débito,31.0
2026-01-13,Tuesday,0,11,159,Fim de Semana,Chá Orgânico,12.0,Torta de Limão Siciliano,16.0,Delivery,Crédito,28.0
2026-01-13,Tuesday,0,15,293,Trabalhador,Mocha Belga,18.0,Torta de Limão Siciliano,16.0,Delivery,Crédito,34.0
2026-01-13,Tuesday,0,15,262,Fim de Semana,Cappuccino Italiano,14.0,Quiche de Alho Poró,18.0,Delivery,Débito,32.0
2026-01-13,Tuesday,0,14,33,Trabalhador,Cold Brew Especial,17.0,Sanduíche Caprese,19.0,Delivery,Pix,36.0
2026-01-13,Tuesday,0,11,224,Trabalhador,Espresso Premium,9.5,Sanduíche Caprese,19.0,Delivery,Débito,28.5
2026-01-13,Tuesday,0,17,270,Trabalhador,Chá Orgânico,12.0,Torta de Limão Siciliano,16.0,Delivery,Crédito,28.0
2026-01-13,Tuesday,0,13,143,Trabalhador,Mocha Belga,18.0,Quiche de Alho Poró,18.0,Delivery,Crédito,36.0
2026-01-13,Tuesday,0,11,145,Fim de Semana,Mocha Belga,18.0,Torta de Limão Siciliano,16.0,Delivery,Débito,34.0
2026-01-13,Tuesday,0,18,102,Ocasional,Chá Orgânico,12.0,Torta de Limão Siciliano,16.0,Delivery,Pix,28.0
2026-01-13,Tuesday,0,18,132,Trabalhador,Cold Brew Especial,17.0,Quiche de Alho Poró,18.0,Delivery,Crédito,35.0
2026-01-13,Tuesday,0,9,260,Trabalhador,Latte Baunilha,16.0,Quiche de Alho Poró,18.0,Delivery,Débito,34.0
2026-01-13,Tuesday,0,10,248,Ocasional,Espresso Premium,9.5,Croissant Francês,13.0,Delivery,Crédito,22.5
2026-01-13,Tuesday,0,19,26,Ocasional,Mocha Belga,18.0,Bolo Red Velvet,15.0,Balcão,Pix,33.0
2026-01-13,Tuesday,0,15,180,Fim de Semana,Cold Brew Especial,17.0,Croissant Francês,13.0,Delivery,Débito,30.0
2026-01-13,Tuesday,0,8,270,Fim de Semana,Espresso Premium,9.5,Quiche de Alho Poró,18.0,Delivery,Crédito,27.5
2026-01-13,Tuesday,0,17,35,Trabalhador,Cold Brew Especial,17.0,Croissant Francês,13.0,Delivery,Débito,30.0
2026-01-13,Tuesday,0,8,220,Trabalhador,Cappuccino Italiano,14.0,Bolo Red Velvet,15.0,Delivery,Pix,29.0
2026-01-13,Tuesday,0,11,275,Trabalhador,Mocha Belga,18.0,Cookie Artesanal,9.0,Delivery,Pix,27.0
2026-01-13,Tuesday,0,13,8,Fim de Semana,Latte Baunilha,16.0,Quiche de Alho Poró,18.0,Balcão,Pix,34.0
2026-01-13,Tuesday,0,16,147,Ocasional,Mocha Belga,18.0,Croissant Francês,13.0,Balcão,Crédito,31.0
2026-01-13,Tuesday,0,20,280,Fim de Semana,Cappuccino Italiano,14.0,Torta de Limão Siciliano,16.0,Balcão,Débito,30.0
2026-01-13,Tuesday,0,7,189,Ocasional,Chá Orgânico,12.0,Torta de Limão Siciliano,16.0,Delivery,Pix,28.0
2026-01-13,Tuesday,0,18,158,Ocasional,Cold Brew Especial,17.0,Sanduíche Caprese,19.0,Balcão,Débito,36.0
2026-01-13,Tuesday,0,13,221,Ocasional,Mocha Belga,18.0,Bolo Red Velvet,15.0,Balcão,Pix,33.0
2026-01-13,Tuesday,0,14,42,Ocasional,Latte Baunilha,16.0,Sanduíche Caprese,19.0,Balcão,Débito,35.0
2026-01-13,Tuesday,0,11,224,Fim de Semana,Chá Orgânico,12.0,Quiche de Alho Poró,18.0,Balcão,Crédito,30.0
2026-01-13,Tuesday,0,18,240,Trabalhador,Cappuccino Italiano,14.0,Croissant Francês,13.0,Delivery,Débito,27.0
2026-01-13,Tuesday,0,14,14,Ocasional,Cold Brew Especial,17.0,Torta de Limão Siciliano,16.0,Delivery,Débito,33.0
2026-01-13,Tuesday,0,14,271,Ocasional,Latte Baunilha,16.0,Croissant Francês,13.0,Delivery,Pix,29.0
2026-01-13,Tuesday,0,20,8,Ocasional,Cappuccino Italiano,14.0,Croissant Francês,13.0,Balcão,Pix,27.0
2026-01-13,Tuesday,0,14,265,Ocasional,Cappuccino Italiano,14.0,Croissant Francês,13.0,Delivery,Pix,27.0
2026-01-13,Tuesday,0,11,291,Trabalhador,Espresso Premium,9.5,Cookie Artesanal,9.0,Balcão,Pix,18.5
2026-01-13,Tuesday,0,10,164,Ocasional,Cold Brew Especial,17.0,Cookie Artesanal,9.0,Balcão,Crédito,26.0
2026-01-13,Tuesday,0,19,158,Ocasional,Espresso Premium,9.5,Torta de Limão Siciliano,16.0,Delivery,Débito,25.5
2026-01-13,Tuesday,0,7,206,Trabalhador,Cappuccino Italiano,14.0,Quiche de Alho Poró,18.0,Delivery,Crédito,32.0
2026-01-13,Tuesday,0,10,78,Ocasional,Mocha Belga,18.0,Quiche de Alho Poró,18.0,Balcão,Débito,36.0
2026-01-13,Tuesday,0,14,26,Trabalhador,Mocha Belga,18.0,Sanduíche Caprese,19.0,Delivery,Débito,37.0
2026-01-13,Tuesday,0,9,29,Fim de Semana,Espresso Premium,9.5,Croissant Francês,13.0,Balcão,Crédito,22.5
2026-01-13,Tuesday,0,12,207,Ocasional,Cappuccino Italiano,14.0,Croissant Francês,13.0,Delivery,Crédito,27.0
2026-01-13,Tuesday,0,20,291,Ocasional,Mocha Belga,18.0,Cookie Artesanal,9.0,Balcão,Crédito,27.0
2026-01-13,Tuesday,0,19,155,Fim de Semana,Cappuccino Italiano,14.0,Bolo Red Velvet,15.0,Delivery,Pix,29.0
2026-01-13,Tuesday,0,13,192,Trabalhador,Mocha Belga,18.0,Torta de Limão Siciliano,16.0,Balcão,Débito,34.0
2026-01-13,Tuesday,0,8,10,Fim de Semana,Espresso Premium,9.5,Cookie Artesanal,9.0,Balcão,Crédito,18.5
2026-01-13,Tuesday,0,17,162,Fim de Semana,Espresso Premium,9.5,Croissant Francês,13.0,Balcão,Pix,22.5
2026-01-13,Tuesday,0,17,119,Trabalhador,Espresso Premium,9.5,Quiche de Alho Poró,18.0,Delivery,Crédito,27.5
2026-01-13,Tuesday,0,7,34,Trabalhador,Chá Orgânico,12.0,Quiche de Alho Poró,18.0,Delivery,Pix,30.0
2026-01-14,Wednesday,0,12,213,Ocasional,Mocha Belga,18.0,Bolo Red Velvet,15.0,Delivery,Crédito,33.0
2026-01-14,Wednesday,0,14,262,Fim de Semana,Cold Brew Especial,17.0,Torta de Limão Siciliano,16.0,Delivery,Pix,33.0
2026-01-14,Wednesday,0,18,194,Fim de Semana,Cappuccino Italiano,14.0,Torta de Limão Siciliano,16.0,Delivery,Débito,30.0
2026-01-14,Wednesday,0,7,92,Fim de Semana,Latte Baunilha,16.0,Croissant Francês,13.0,Delivery,Débito,29.0
2026-01-14,Wednesday,0,16,206,Fim de Semana,Chá Orgânico,12.0,Torta de Limão Siciliano,16.0,Balcão,Débito,28.0
2026-01-14,Wednesday,0,9,291,Trabalhador,Cold Brew Especial,17.0,Torta de Limão Siciliano,16.0,Balcão,Débito,33.0
2026-01-14,Wednesday,0,9,175,Ocasional,Cold Brew Especial,17.0,Croissant Francês,13.0,Delivery,Crédito,30.0
2026-01-14,Wednesday,0,12,85,Trabalhador,Cappuccino Italiano,14.0,Cookie Artesanal,9.0,Balcão,Débito,23.0
2026-01-14,Wednesday,0,11,222,Fim de Semana,Cappuccino Italiano,14.0,Sanduíche Caprese,19.0,Balcão,Crédito,33.0
2026-01-14,Wednesday,0,9,45,Trabalhador,Latte Baunilha,16.0,Croissant Francês,13.0,Balcão,Débito,29.0
2026-01-14,Wednesday,0,10,97,Ocasional,Chá Orgânico,12.0,Croissant Francês,13.0,Balcão,Débito,25.0
2026-01-14,Wednesday,0,18,174,Trabalhador,Espresso Premium,9.5,Bolo Red Velvet,15.0,Balcão,Pix,24.5
2026-01-14,Wednesday,0,18,109,Fim de Semana,Mocha Belga,18.0,Sanduíche Caprese,19.0,Balcão,Crédito,37.0
2026-01-14,Wednesday,0,7,157,Fim de Semana,Chá Orgânico,12.0,Quiche de Alho Poró,18.0,Balcão,Débito,30.0
2026-01-14,Wednesday,0,7,161,Fim de Semana,Cappuccino Italiano,14.0,Croissant Francês,13.0,Balcão,Crédito,27.0
2026-01-14,Wednesday,0,17,53,Trabalhador,Cold Brew Especial,17.0,Cookie Artesanal,9.0,Delivery,Pix,26.0
2026-01-14,Wednesday,0,15,278,Ocasional,Mocha Belga,18.0,Bolo Red Velvet,15.0,Balcão,Pix,33.0
2026-01-14,Wednesday,0,9,124,Trabalhador,Espresso Premium,9.5,Croissant Francês,13.0,Delivery,Crédito,22.5
2026-01-14,Wednesday,0,15,200,Fim de Semana,Chá Orgânico,12.0,Cookie Artesanal,9.0,Balcão,Crédito,21.0
2026-01-14,Wednesday,0,19,165,Fim de Semana,Mocha Belga,18.0,Cookie Artesanal,9.0,Balcão,Débito,27.0
2026-01-14,Wednesday,0,19,12,Fim de Semana,Cold Brew Especial,17.0,Quiche de Alho Poró,18.0,Delivery,Crédito,35.0
2026-01-14,Wednesday,0,20,126,Fim de Semana,Espresso Premium,9.5,Sanduíche Caprese,19.0,Balcão,Pix,28.5
2026-01-14,Wednesday,0,10,201,Ocasional,Chá Orgânico,12.0,Bolo Red Velvet,15.0,Delivery,Débito,27.0
2026-01-14,Wednesday,0,10,91,Trabalhador,Cappuccino Italiano,14.0,Bolo Red Velvet,15.0,Delivery,Débito,29.0
2026-01-14,Wednesday,0,18,281,Fim de Semana,Cappuccino Italiano,14.0,Sanduíche Caprese,19.0,Delivery,Crédito,33.0
2026-01-14,Wednesday,0,9,161,Trabalhador,Latte Baunilha,16.0,Bolo Red Velvet,15.0,Delivery,Débito,31.0
2026-01-14,Wednesday,0,10,184,Trabalhador,Espresso Premium,9.5,Cookie Artesanal,9.0,Balcão,Débito,18.5
2026-01-14,Wednesday,0,15,138,Fim de Semana,Cappuccino Italiano,14.0,Sanduíche Caprese,19.0,Delivery,Débito,33.0
2026-01-14,Wednesday,0,18,37,Fim de Semana,Espresso Premium,9.5,Quiche de Alho Poró,18.0,Delivery,Crédito,27.5
2026-01-14,Wednesday,0,18,192,Fim de Semana,Latte Baunilha,16.0,Quiche de Alho Poró,18.0,Balcão,Débito,34.0
2026-01-14,Wednesday,0,11,161,Fim de Semana,Cappuccino Italiano,14.0,Quiche de Alho Poró,18.0,Delivery,Débito,32.0
2026-01-14,Wednesday,0,17,56,Trabalhador,Latte Baunilha,16.0,Croissant Francês,13.0,Balcão,Crédito,29.0
2026-01-14,Wednesday,0,17,226,Fim de Semana,Espresso Premium,9.5,Sanduíche Caprese,19.0,Balcão,Pix,28.5
2026-01-14,Wednesday,0,7,15,Ocasional,Cold Brew Especial,17.0,Croissant Francês,13.0,Balcão,Pix,30.0
2026-01-14,Wednesday,0,7,256,Ocasional,Espresso Premium,9.5,Torta de Limão Siciliano,16.0,Delivery,Pix,25.5
2026-01-14,Wednesday,0,16,51,Ocasional,Latte Baunilha,16.0,Croissant Francês,13.0,Delivery,Crédito,29.0
2026-01-14,Wednesday,0,19,265,Fim de Semana,Espresso Premium,9.5,Quiche de Alho Poró,18.0,Delivery,Débito,27.5
2026-01-14,Wednesday,0,20,85,Trabalhador,Cold Brew Especial,17.0,Torta de Limão Siciliano,16.0,Delivery,Débito,33.0
2026-01-14,Wednesday,0,18,13,Ocasional,Chá Orgânico,12.0,Sanduíche Caprese,19.0,Delivery,Crédito,31.0
2026-01-14,Wednesday,0,10,77,Fim de Semana,Chá Orgânico,12.0,Sanduíche Caprese,19.0,Balcão,Débito,31.0
2026-01-14,Wednesday,0,8,44,Trabalhador,Latte Baunilha,16.0,Bolo Red Velvet,15.0,Delivery,Débito,31.0
2026-01-14,Wednesday,0,15,43,Fim de Semana,Cold Brew Especial,17.0,Bolo Red Velvet,15.0,Delivery,Pix,32.0
2026-01-14,Wednesday,0,18,135,Ocasional,Mocha Belga,18.0,Croissant Francês,13.0,Balcão,Crédito,31.0
2026-01-14,Wednesday,0,7,61,Trabalhador,Cold Brew Especial,17.0,Torta de Limão Siciliano,16.0,Balcão,Crédito,33.0
2026-01-14,Wednesday,0,11,232,Ocasional,Chá Orgânico,12.0,Bolo Red Velvet,15.0,Delivery,Crédito,27.0
2026-01-14,Wednesday,0,10,60,Ocasional,Cold Brew Especial,17.0,Sanduíche Caprese,19.0,Balcão,Pix,36.0
2026-01-14,Wednesday,0,13,101,Trabalhador,Latte Baunilha,16.0,Bolo Red Velvet,15.0,Delivery,Pix,31.0
2026-01-14,Wednesday,0,8,161,Trabalhador,Cold Brew Especial,17.0,Croissant Francês,13.0,Balcão,Pix,30.0
2026-01-14,Wednesday,0,14,7,Trabalhador,Cappuccino Italiano,14.0,Bolo Red Velvet,15.0,Balcão,Crédito,29.0
2026-01-14,Wednesday,0,15,23,Trabalhador,Cappuccino Italiano,14.0,Quiche de Alho Poró,18.0,Delivery,Débito,32.0
2026-01-14,Wednesday,0,7,181,Ocasional,Cold Brew Especial,17.0,Sanduíche Caprese,19.0,Delivery,Crédito,36.0
2026-01-14,Wednesday,0,10,168,Trabalhador,Mocha Belga,18.0,Croissant Francês,13.0,Balcão,Crédito,31.0
2026-01-14,Wednesday,0,16,31,Trabalhador,Cold Brew Especial,17.0,Torta de Limão Siciliano,16.0,Balcão,Crédito,33.0
2026-01-14,Wednesday,0,17,265,Trabalhador,Mocha Belga,18.0,Sanduíche Caprese,19.0,Balcão,Débito,37.0
2026-01-14,Wednesday,0,20,78,Trabalhador,Chá Orgânico,12.0,Sanduíche Caprese,19.0,Balcão,Pix,31.0
2026-01-14,Wednesday,0,19,259,Ocasional,Latte Baunilha,16.0,Quiche de Alho Poró,18.0,Balcão,Pix,34.0
2026-01-14,Wednesday,0,11,187,Fim de Semana,Cold Brew Especial,17.0,Croissant Francês,13.0,Delivery,Pix,30.0
2026-01-14,Wednesday,0,9,61,Fim de Semana,Cappuccino Italiano,14.0,Torta de Limão Siciliano,16.0,Balcão,Pix,30.0
2026-01-14,Wednesday,0,12,32,Trabalhador,Chá Orgânico,12.0,Torta de Limão Siciliano,16.0,Balcão,Débito,28.0
2026-01-14,Wednesday,0,20,106,Ocasional,Cold Brew Especial,17.0,Quiche de Alho Poró,18.0,Delivery,Pix,35.0
2026-01-14,Wednesday,0,15,92,Fim de Semana,Latte Baunilha,16.0,Torta de Limão Siciliano,16.0,Balcão,Crédito,32.0
2026-01-14,Wednesday,0,10,35,Fim de Semana,Chá Orgânico,12.0,Torta de Limão Siciliano,16.0,Delivery,Débito,28.0
2026-01-14,Wednesday,0,11,44,Ocasional,Chá Orgânico,12.0,Quiche de Alho Poró,18.0,Balcão,Débito,30.0
2026-01-14,Wednesday,0,7,148,Trabalhador,Espresso Premium,9.5,Croissant Francês,13.0,Delivery,Pix,22.5
2026-01-14,Wednesday,0,15,180,Trabalhador,Cappuccino Italiano,14.0,Cookie Artesanal,9.0,Delivery,Pix,23.0
2026-01-14,Wednesday,0,12,62,Trabalhador,Mocha Belga,18.0,Croissant Francês,13.0,Delivery,Crédito,31.0
2026-01-14,Wednesday,0,8,180,Trabalhador,Cappuccino Italiano,14.0,Torta de Limão Siciliano,16.0,Balcão,Crédito,30.0
2026-01-14,Wednesday,0,13,145,Fim de Semana,Chá Orgânico,12.0,Quiche de Alho Poró,18.0,Balcão,Crédito,30.0
2026-01-14,Wednesday,0,16,256,Ocasional,Cappuccino Italiano,14.0,Bolo Red Velvet,15.0,Delivery,Pix,29.0
2026-01-14,Wednesday,0,13,248,Trabalhador,Cappuccino Italiano,14.0,Bolo Red Velvet,15.0,Delivery,Débito,29.0
2026-01-14,Wednesday,0,7,198,Trabalhador,Espresso Premium,9.5,Sanduíche Caprese,19.0,Balcão,Crédito,28.5
2026-01-14,Wednesday,0,18,18,Trabalhador,Cappuccino Italiano,14.0,Torta de Limão Siciliano,16.0,Delivery,Pix,30.0
2026-01-14,Wednesday,0,20,221,Ocasional,Cold Brew Especial,17.0,Cookie Artesanal,9.0,Delivery,Crédito,26.0
2026-01-15,Thursday,0,10,143,Ocasional,Cappuccino Italiano,14.0,Cookie Artesanal,9.0,Balcão,Pix,23.0
2026-01-15,Thursday,0,18,66,Trabalhador,Mocha Belga,18.0,Sanduíche Caprese,19.0,Balcão,Crédito,37.0
2026-01-15,Thursday,0,9,44,Trabalhador,Cappuccino Italiano,14.0,Torta de Limão Siciliano,16.0,Delivery,Crédito,30.0
2026-01-15,Thursday,0,10,28,Ocasional,Cappuccino Italiano,14.0,Sanduíche Caprese,19.0,Balcão,Débito,33.0
2026-01-15,Thursday,0,10,167,Trabalhador,Cappuccino Italiano,14.0,Cookie Artesanal,9.0,Delivery,Débito,23.0
2026-01-15,Thursday,0,7,186,Trabalhador,Chá Orgânico,12.0,Croissant Francês,13.0,Balcão,Crédito,25.0
2026-01-15,Thursday,0,18,162,Trabalhador,Chá Orgânico,12.0,Bolo Red Velvet,15.0,Balcão,Pix,27.0
2026-01-15,Thursday,0,13,110,Fim de Semana,Cold Brew Especial,17.0,Bolo Red Velvet,15.0,Delivery,Pix,32.0
2026-01-15,Thursday,0,18,51,Fim de Semana,Chá Orgânico,12.0,Bolo Red Velvet,15.0,Delivery,Pix,27.0
2026-01-15,Thursday,0,15,42,Fim de Semana,Cold Brew Especial,17.0,Bolo Red Velvet,15.0,Delivery,Débito,32.0
2026-01-15,Thursday,0,14,19,Fim de Semana,Mocha Belga,18.0,Torta de Limão Siciliano,16.0,Balcão,Crédito,34.0
2026-01-15,Thursday,0,20,16,Trabalhador,Cold Brew Especial,17.0,Croissant Francês,13.0,Balcão,Pix,30.0
2026-01-15,Thursday,0,7,26,Fim de Semana,Cappuccino Italiano,14.0,Croissant Francês,13.0,Delivery,Débito,27.0
2026-01-15,Thursday,0,12,184,Ocasional,Cold Brew Especial,17.0,Sanduíche Caprese,19.0,Delivery,Crédito,36.0
2026-01-15,Thursday,0,13,168,Trabalhador,Cappuccino Italiano,14.0,Cookie Artesanal,9.0,Balcão,Crédito,23.0
2026-01-15,Thursday,0,11,44,Fim de Semana,Chá Orgânico,12.0,Sanduíche Caprese,19.0,Delivery,Débito,31.0
2026-01-15,Thursday,0,19,101,Trabalhador,Cold Brew Especial,17.0,Bolo Red Velvet,15.0,Delivery,Pix,32.0
2026-01-15,Thursday,0,7,11,Ocasional,Cold Brew Especial,17.0,Torta de Limão Siciliano,16.0,Delivery,Crédito,33.0
2026-01-15,Thursday,0,10,260,Ocasional,Chá Orgânico,12.0,Croissant Francês,13.0,Balcão,Pix,25.0
2026-01-15,Thursday,0,18,39,Fim de Semana,Mocha Belga,18.0,Cookie Artesanal,9.0,Balcão,Crédito,27.0
2026-01-15,Thursday,0,9,111,Trabalhador,Espresso Premium,9.5,Sanduíche Caprese,19.0,Balcão,Crédito,28.5
2026-01-15,Thursday,0,7,234,Ocasional,Chá Orgânico,12.0,Bolo Red Velvet,15.0,Delivery,Débito,27.0
2026-01-15,Thursday,0,18,300,Fim de Semana,Cappuccino Italiano,14.0,Quiche de Alho Poró,18.0,Balcão,Pix,32.0
2026-01-15,Thursday,0,11,41,Fim de Semana,Cold Brew Especial,17.0,Cookie Artesanal,9.0,Delivery,Crédito,26.0
2026-01-15,Thursday,0,13,83,Fim de Semana,Cold Brew Especial,17.0,Sanduíche Caprese,19.0,Delivery,Débito,36.0
2026-01-15,Thursday,0,20,245,Trabalhador,Chá Orgânico,12.0,Torta de Limão Siciliano,16.0,Balcão,Pix,28.0
2026-01-15,Thursday,0,7,265,Ocasional,Cappuccino Italiano,14.0,Cookie Artesanal,9.0,Balcão,Pix,23.0
2026-01-15,Thursday,0,12,22,Fim de Semana,Cappuccino Italiano,14.0,Cookie Artesanal,9.0,Balcão,Crédito,23.0
2026-01-15,Thursday,0,16,167,Ocasional,Espresso Premium,9.5,Bolo Red Velvet,15.0,Delivery,Crédito,24.5
2026-01-15,Thursday,0,16,190,Trabalhador,Latte Baunilha,16.0,Cookie Artesanal,9.0,Balcão,Pix,25.0
2026-01-15,Thursday,0,11,165,Fim de Semana,Cappuccino Italiano,14.0,Sanduíche Caprese,19.0,Balcão,Pix,33.0
2026-01-15,Thursday,0,15,214,Fim de Semana,Espresso Premium,9.5,Bolo Red Velvet,15.0,Balcão,Débito,24.5
2026-01-15,Thursday,0,9,146,Fim de Semana,Cold Brew Especial,17.0,Sanduíche Caprese,19.0,Balcão,Débito,36.0
2026-01-15,Thursday,0,17,122,Ocasional,Chá Orgânico,12.0,Croissant Francês,13.0,Delivery,Pix,25.0
2026-01-15,Thursday,0,9,181,Ocasional,Cold Brew Especial,17.0,Quiche de Alho Poró,18.0,Balcão,Pix,35.0
2026-01-15,Thursday,0,19,246,Fim de Semana,Cappuccino Italiano,14.0,Cookie Artesanal,9.0,Delivery,Crédito,23.0
2026-01-15,Thursday,0,8,108,Trabalhador,Cold Brew Especial,17.0,Bolo Red Velvet,15.0,Balcão,Crédito,32.0
2026-01-15,Thursday,0,7,76,Trabalhador,Espresso Premium,9.5,Torta de Limão Siciliano,16.0,Balcão,Pix,25.5
2026-01-15,Thursday,0,19,124,Fim de Semana,Cappuccino Italiano,14.0,Sanduíche Caprese,19.0,Delivery,Crédito,33.0
2026-01-15,Thursday,0,17,5,Fim de Semana,Chá Orgânico,12.0,Sanduíche Caprese,19.0,Delivery,Crédito,31.0
2026-01-15,Thursday,0,14,222,Trabalhador,Espresso Premium,9.5,Quiche de Alho Poró,18.0,Balcão,Débito,27.5
2026-01-15,Thursday,0,11,187,Trabalhador,Espresso Premium,9.5,Bolo Red Velvet,15.0,Delivery,Crédito,24.5
2026-01-15,Thursday,0,19,61,Fim de Semana,Cappuccino Italiano,14.0,Quiche de Alho Poró,18.0,Balcão,Crédito,32.0
2026-01-15,Thursday,0,7,113,Ocasional,Cold Brew Especial,17.0,Bolo Red Velvet,15.0,Balcão,Pix,32.0
2026-01-15,Thursday,0,15,24,Ocasional,Chá Orgânico,12.0,Croissant Francês,13.0,Delivery,Débito,25.0
2026-01-15,Thursday,0,20,13,Trabalhador,Latte Baunilha,16.0,Bolo Red Velvet,15.0,Balcão,Débito,31.0
2026-01-15,Thursday,0,11,29,Fim de Semana,Mocha Belga,18.0,Cookie Artesanal,9.0,Delivery,Débito,27.0
2026-01-15,Thursday,0,11,45,Ocasional,Cappuccino Italiano,14.0,Torta de Limão Siciliano,16.0,Delivery,Pix,30.0
2026-01-15,Thursday,0,11,91,Trabalhador,Latte Baunilha,16.0,Quiche de Alho Poró,18.0,Delivery,Pix,34.0
2026-01-15,Thursday,0,11,167,Fim de Semana,Chá Orgânico,12.0,Cookie Artesanal,9.0,Balcão,Pix,21.0
2026-01-15,Thursday,0,12,20,Trabalhador,Mocha Belga,18.0,Sanduíche Caprese,19.0,Delivery,Débito,37.0
2026-01-15,Thursday,0,14,277,Trabalhador,Cappuccino Italiano,14.0,Bolo Red Velvet,15.0,Delivery,Débito,29.0
2026-01-15,Thursday,0,7,277,Ocasional,Latte Baunilha,16.0,Quiche de Alho Poró,18.0,Balcão,Pix,34.0
2026-01-15,Thursday,0,15,190,Fim de Semana,Chá Orgânico,12.0,Quiche de Alho Poró,18.0,Balcão,Pix,30.0
2026-01-15,Thursday,0,9,27,Fim de Semana,Espresso Premium,9.5,Croissant Francês,13.0,Balcão,Crédito,22.5
2026-01-15,Thursday,0,12,117,Fim de Semana,Latte Baunilha,16.0,Sanduíche Caprese,19.0,Balcão,Débito,35.0
2026-01-15,Thursday,0,15,217,Ocasional,Espresso Premium,9.5,Bolo Red Velvet,15.0,Delivery,Débito,24.5
2026-01-15,Thursday,0,20,254,Fim de Semana,Chá Orgânico,12.0,Cookie Artesanal,9.0,Delivery,Débito,21.0
2026-01-15,Thursday,0,11,131,Trabalhador,Cappuccino Italiano,14.0,Quiche de Alho Poró,18.0,Balcão,Crédito,32.0
2026-01-15,Thursday,0,7,97,Fim de Semana,Chá Orgânico,12.0,Torta de Limão Siciliano,16.0,Delivery,Débito,28.0
2026-01-15,Thursday,0,10,283,Trabalhador,Cold Brew Especial,17.0,Sanduíche Caprese,19.0,Delivery,Pix,36.0
2026-01-15,Thursday,0,7,178,Ocasional,Cold Brew Especial,17.0,Croissant Francês,13.0,Balcão,Débito,30.0
2026-01-15,Thursday,0,16,53,Trabalhador,Espresso Premium,9.5,Quiche de Alho Poró,18.0,Delivery,Crédito,27.5
2026-01-15,Thursday,0,17,42,Trabalhador,Cappuccino Italiano,14.0,Croissant Francês,13.0,Delivery,Pix,27.0
2026-01-15,Thursday,0,19,159,Fim de Semana,Espresso Premium,9.5,Sanduíche Caprese,19.0,Delivery,Pix,28.5
2026-01-15,Thursday,0,19,100,Trabalhador,Cold Brew Especial,17.0,Bolo Red Velvet,15.0,Balcão,Crédito,32.0
2026-01-15,Thursday,0,13,128,Fim de Semana,Latte Baunilha,16.0,Bolo Red Velvet,15.0,Delivery,Pix,31.0
2026-01-15,Thursday,0,8,285,Fim de Semana,Mocha Belga,18.0,Torta de Limão Siciliano,16.0,Delivery,Crédito,34.0
2026-01-15,Thursday,0,15,33,Ocasional,Chá Orgânico,12.0,Torta de Limão Siciliano,16.0,Balcão,Pix,28.0
2026-01-15,Thursday,0,13,294,Trabalhador,Espresso Premium,9.5,Sanduíche Caprese,19.0,Delivery,Crédito,28.5
2026-01-15,Thursday,0,7,153,Fim de Semana,Cappuccino Italiano,14.0,Torta de Limão Siciliano,16.0,Balcão,Pix,30.0
2026-01-16,Friday,0,19,194,Fim de Semana,Latte Baunilha,16.0,Cookie Artesanal,9.0,Balcão,Crédito,25.0
2026-01-16,Friday,0,11,288,Trabalhador,Mocha Belga,18.0,Cookie Artesanal,9.0,Delivery,Débito,27.0
2026-01-16,Friday,0,11,88,Trabalhador,Latte Baunilha,16.0,Torta de Limão Siciliano,16.0,Balcão,Pix,32.0
2026-01-16,Friday,0,16,121,Ocasional,Cold Brew Especial,17.0,Torta de Limão Siciliano,16.0,Delivery,Débito,33.0
2026-01-16,Friday,0,19,165,Trabalhador,Mocha Belga,18.0,Sanduíche Caprese,19.0,Delivery,Crédito,37.0
2026-01-16,Friday,0,13,215,Trabalhador,Mocha Belga,18.0,Bolo Red Velvet,15.0,Delivery,Crédito,33.0
2026-01-16,Friday,0,13,270,Ocasional,Chá Orgânico,12.0,Quiche de Alho Poró,18.0,Delivery,Crédito,30.0
2026-01-16,Friday,0,19,106,Trabalhador,Latte Baunilha,16.0,Bolo Red Velvet,15.0,Delivery,Crédito,31.0
2026-01-16,Friday,0,9,87,Trabalhador,Chá Orgânico,12.0,Quiche de Alho Poró,18.0,Delivery,Crédito,30.0
2026-01-16,Friday,0,8,2,Ocasional,Chá Orgânico,12.0,Torta de Limão Siciliano,16.0,Delivery,Pix,28.0
2026-01-16,Friday,0,15,237,Fim de Semana,Mocha Belga,18.0,Bolo Red Velvet,15.0,Delivery,Crédito,33.0
2026-01-16,Friday,0,19,139,Trabalhador,Latte Baunilha,16.0,Sanduíche Caprese,19.0,Delivery,Débito,35.0
2026-01-16,Friday,0,8,201,Ocasional,Espresso Premium,9.5,Cookie Artesanal,9.0,Delivery,Crédito,18.5
2026-01-16,Friday,0,13,41,Ocasional,Cappuccino Italiano,14.0,Croissant Francês,13.0,Balcão,Débito,27.0
2026-01-16,Friday,0,17,127,Fim de Semana,Cappuccino Italiano,14.0,Sanduíche Caprese,19.0,Balcão,Pix,33.0
2026-01-16,Friday,0,16,210,Trabalhador,Latte Baunilha,16.0,Torta de Limão Siciliano,16.0,Balcão,Crédito,32.0
2026-01-16,Friday,0,10,27,Fim de Semana,Latte Baunilha,16.0,Quiche de Alho Poró,18.0,Balcão,Pix,34.0
2026-01-16,Friday,0,15,249,Fim de Semana,Cappuccino Italiano,14.0,Torta de Limão Siciliano,16.0,Balcão,Débito,30.0
2026-01-16,Friday,0,11,14,Fim de Semana,Espresso Premium,9.5,Bolo Red Velvet,15.0,Delivery,Pix,24.5
2026-01-16,Friday,0,17,243,Fim de Semana,Latte Baunilha,16.0,Sanduíche Caprese,19.0,Delivery,Pix,35.0
2026-01-16,Friday,0,17,231,Trabalhador,Espresso Premium,9.5,Croissant Francês,13.0,Delivery,Débito,22.5
2026-01-16,Friday,0,20,103,Trabalhador,Espresso Premium,9.5,Bolo Red Velvet,15.0,Balcão,Débito,24.5
2026-01-16,Friday,0,11,16,Trabalhador,Espresso Premium,9.5,Sanduíche Caprese,19.0,Balcão,Crédito,28.5
2026-01-16,Friday,0,16,51,Fim de Semana,Cappuccino Italiano,14.0,Cookie Artesanal,9.0,Balcão,Crédito,23.0
2026-01-16,Friday,0,17,62,Fim de Semana,Chá Orgânico,12.0,Quiche de Alho Poró,18.0,Delivery,Pix,30.0
2026-01-16,Friday,0,14,99,Fim de Semana,Cold Brew Especial,17.0,Sanduíche Caprese,19.0,Delivery,Crédito,36.0
2026-01-16,Friday,0,10,185,Fim de Semana,Cold Brew Especial,17.0,Croissant Francês,13.0,Delivery,Crédito,30.0
2026-01-16,Friday,0,7,228,Fim de Semana,Cold Brew Especial,17.0,Cookie Artesanal,9.0,Delivery,Pix,26.0
2026-01-16,Friday,0,18,158,Trabalhador,Mocha Belga,18.0,Torta de Limão Siciliano,16.0,Balcão,Pix,34.0
2026-01-16,Friday,0,17,32,Trabalhador,Espresso Premium,9.5,Quiche de Alho Poró,18.0,Delivery,Pix,27.5
2026-01-16,Friday,0,9,144,Ocasional,Cold Brew Especial,17.0,Cookie Artesanal,9.0,Delivery,Pix,26.0
2026-01-16,Friday,0,15,67,Ocasional,Cold Brew Especial,17.0,Cookie Artesanal,9.0,Balcão,Débito,26.0
2026-01-16,Friday,0,19,76,Trabalhador,Cold Brew Especial,17.0,Croissant Francês,13.0,Delivery,Pix,30.0
2026-01-16,Friday,0,11,83,Ocasional,Cold Brew Especial,17.0,Quiche de Alho Poró,18.0,Delivery,Crédito,35.0
2026-01-16,Friday,0,13,82,Fim de Semana,Espresso Premium,9.5,Quiche de Alho Poró,18.0,Balcão,Débito,27.5
2026-01-16,Friday,0,20,225,Ocasional,Mocha Belga,18.0,Cookie Artesanal,9.0,Delivery,Pix,27.0
2026-01-16,Friday,0,11,147,Trabalhador,Chá Orgânico,12.0,Cookie Artesanal,9.0,Delivery,Crédito,21.0
2026-01-16,Friday,0,9,92,Ocasional,Espresso Premium,9.5,Bolo Red Velvet,15.0,Balcão,Crédito,24.5
2026-01-16,Friday,0,12,258,Fim de Semana,Chá Orgânico,12.0,Quiche de Alho Poró,18.0,Delivery,Débito,30.0
2026-01-16,Friday,0,20,5,Fim de Semana,Cold Brew Especial,17.0,Sanduíche Caprese,19.0,Balcão,Débito,36.0
2026-01-16,Friday,0,9,111,Fim de Semana,Cappuccino Italiano,14.0,Torta de Limão Siciliano,16.0,Delivery,Crédito,30.0
2026-01-16,Friday,0,18,263,Trabalhador,Chá Orgânico,12.0,Cookie Artesanal,9.0,Balcão,Pix,21.0
2026-01-16,Friday,0,19,101,Ocasional,Chá Orgânico,12.0,Croissant Francês,13.0,Delivery,Pix,25.0
2026-01-16,Friday,0,18,222,Trabalhador,Cappuccino Italiano,14.0,Bolo Red Velvet,15.0,Delivery,Crédito,29.0
2026-01-16,Friday,0,14,76,Ocasional,Chá Orgânico,12.0,Torta de Limão Siciliano,16.0,Delivery,Crédito,28.0
2026-01-16,Friday,0,8,80,Ocasional,Latte Baunilha,16.0,Cookie Artesanal,9.0,Delivery,Crédito,25.0
2026-01-16,Friday,0,14,14,Ocasional,Cappuccino Italiano,14.0,Croissant Francês,13.0,Balcão,Débito,27.0
2026-01-16,Friday,0,14,191,Fim de Semana,Espresso Premium,9.5,Cookie Artesanal,9.0,Delivery,Pix,18.5
2026-01-16,Friday,0,17,173,Trabalhador,Chá Orgânico,12.0,Bolo Red Velvet,15.0,Delivery,Crédito,27.0
2026-01-16,Friday,0,9,138,Ocasional,Cold Brew Especial,17.0,Quiche de Alho Poró,18.0,Delivery,Débito,35.0
2026-01-16,Friday,0,16,163,Ocasional,Espresso Premium,9.5,Quiche de Alho Poró,18.0,Delivery,Débito,27.5
2026-01-16,Friday,0,20,51,Ocasional,Espresso Premium,9.5,Bolo Red Velvet,15.0,Balcão,Pix,24.5
2026-01-16,Friday,0,12,190,Ocasional,Cappuccino Italiano,14.0,Cookie Artesanal,9.0,Balcão,Crédito,23.0
2026-01-16,Friday,0,15,98,Fim de Semana,Cappuccino Italiano,14.0,Torta de Limão Siciliano,16.0,Balcão,Crédito,30.0
2026-01-16,Friday,0,11,259,Fim de Semana,Latte Baunilha,16.0,Torta de Limão Siciliano,16.0,Delivery,Débito,32.0
2026-01-16,Friday,0,19,146,Trabalhador,Chá Orgânico,12.0,Torta de Limão Siciliano,16.0,Balcão,Débito,28.0
2026-01-16,Friday,0,8,154,Ocasional,Mocha Belga,18.0,Bolo Red Velvet,15.0,Delivery,Débito,33.0
2026-01-16,Friday,0,7,105,Trabalhador,Cappuccino Italiano,14.0,Sanduíche Caprese,19.0,Balcão,Pix,33.0
2026-01-16,Friday,0,12,297,Ocasional,Cappuccino Italiano,14.0,Torta de Limão Siciliano,16.0,Delivery,Crédito,30.0
2026-01-16,Friday,0,8,200,Fim de Semana,Chá Orgânico,12.0,Bolo Red Velvet,15.0,Delivery,Pix,27.0
2026-01-16,Friday,0,10,5,Fim de Semana,Cold Brew Especial,17.0,Bolo Red Velvet,15.0,Balcão,Pix,32.0
2026-01-16,Friday,0,18,91,Trabalhador,Cappuccino Italiano,14.0,Quiche de Alho Poró,18.0,Balcão,Débito,32.0
2026-01-16,Friday,0,14,263,Trabalhador,Mocha Belga,18.0,Sanduíche Caprese,19.0,Balcão,Crédito,37.0
2026-01-16,Friday,0,19,98,Ocasional,Cold Brew Especial,17.0,Sanduíche Caprese,19.0,Delivery,Débito,36.0
2026-01-16,Friday,0,10,125,Trabalhador,Cappuccino Italiano,14.0,Sanduíche Caprese,19.0,Delivery,Débito,33.0
2026-01-16,Friday,0,12,60,Fim de Semana,Espresso Premium,9.5,Cookie Artesanal,9.0,Balcão,Crédito,18.5
2026-01-16,Friday,0,20,92,Ocasional,Espresso Premium,9.5,Sanduíche Caprese,19.0,Balcão,Débito,28.5
2026-01-16,Friday,0,11,269,Fim de Semana,Cold Brew Especial,17.0,Sanduíche Caprese,19.0,Delivery,Débito,36.0
2026-01-16,Friday,0,17,225,Trabalhador,Espresso Premium,9.5,Bolo Red Velvet,15.0,Balcão,Débito,24.5
2026-01-16,Friday,0,13,227,Ocasional,Chá Orgânico,12.0,Quiche de Alho Poró,18.0,Balcão,Crédito,30.0
2026-01-16,Friday,0,12,205,Trabalhador,Cappuccino Italiano,14.0,Bolo Red Velvet,15.0,Delivery,Crédito,29.0
2026-01-16,Friday,0,15,251,Trabalhador,Mocha Belga,18.0,Sanduíche Caprese,19.0,Delivery,Pix,37.0
2026-01-16,Friday,0,9,240,Fim de Semana,Cappuccino Italiano,14.0,Cookie Artesanal,9.0,Delivery,Pix,23.0
2026-01-16,Friday,0,16,268,Ocasional,Latte Baunilha,16.0,Bolo Red Velvet,15.0,Balcão,Débito,31.0
2026-01-16,Friday,0,8,134,Fim de Semana,Espresso Premium,9.5,Sanduíche Caprese,19.0,Balcão,Pix,28.5
2026-01-16,Friday,0,17,14,Fim de Semana,Latte Baunilha,16.0,Cookie Artesanal,9.0,Delivery,Pix,25.0
2026-01-16,Friday,0,9,234,Fim de Semana,Espresso Premium,9.5,Cookie Artesanal,9.0,Balcão,Débito,18.5
2026-01-16,Friday,0,11,105,Trabalhador,Espresso Premium,9.5,Sanduíche Caprese,19.0,Delivery,Crédito,28.5
2026-01-16,Friday,0,15,1,Fim de Semana,Chá Orgânico,12.0,Croissant Francês,13.0,Balcão,Débito,25.0
2026-01-16,Friday,0,17,211,Trabalhador,Mocha Belga,18.0,Sanduíche Caprese,19.0,Delivery,Débito,37.0
2026-01-16,Friday,0,13,144,Fim de Semana,Cappuccino Italiano,14.0,Quiche de Alho Poró,18.0,Delivery,Crédito,32.0
2026-01-16,Friday,0,19,108,Ocasional,Cold Brew Especial,17.0,Cookie Artesanal,9.0,Balcão,Débito,26.0
2026-01-16,Friday,0,15,165,Ocasional,Cold Brew Especial,17.0,Bolo Red Velvet,15.0,Delivery,Pix,32.0
2026-01-16,Friday,0,10,5,Trabalhador,Latte Baunilha,16.0,Torta de Limão Siciliano,16.0,Balcão,Crédito,32.0
2026-01-17,Saturday,1,15,220,Ocasional,Mocha Belga,18.0,Croissant Francês,13.0,Delivery,Pix,31.0
2026-01-17,Saturday,1,20,177,Ocasional,Espresso Premium,9.5,Bolo Red Velvet,15.0,Delivery,Pix,24.5
2026-01-17,Saturday,1,12,297,Ocasional,Mocha Belga,18.0,Sanduíche Caprese,19.0,Balcão,Pix,37.0
2026-01-17,Saturday,1,15,190,Ocasional,Latte Baunilha,16.0,Croissant Francês,13.0,Delivery,Débito,29.0
2026-01-17,Saturday,1,8,268,Ocasional,Latte Baunilha,16.0,Croissant Francês,13.0,Delivery,Crédito,29.0
2026-01-17,Saturday,1,10,8,Trabalhador,Latte Baunilha,16.0,Croissant Francês,13.0,Balcão,Crédito,29.0
2026-01-17,Saturday,1,15,242,Ocasional,Latte Baunilha,16.0,Bolo Red Velvet,15.0,Balcão,Pix,31.0
2026-01-17,Saturday,1,11,44,Fim de Semana,Cold Brew Especial,17.0,Bolo Red Velvet,15.0,Delivery,Débito,32.0
2026-01-17,Saturday,1,17,255,Ocasional,Chá Orgânico,12.0,Croissant Francês,13.0,Delivery,Débito,25.0
2026-01-17,Saturday,1,14,122,Fim de Semana,Chá Orgânico,12.0,Bolo Red Velvet,15.0,Balcão,Crédito,27.0
2026-01-17,Saturday,1,18,208,Trabalhador,Cappuccino Italiano,14.0,Bolo Red Velvet,15.0,Delivery,Pix,29.0
2026-01-17,Saturday,1,15,300,Ocasional,Espresso Premium,9.5,Bolo Red Velvet,15.0,Delivery,Pix,24.5
2026-01-17,Saturday,1,18,252,Fim de Semana,Mocha Belga,18.0,Bolo Red Velvet,15.0,Delivery,Crédito,33.0
2026-01-17,Saturday,1,14,119,Ocasional,Cappuccino Italiano,14.0,Torta de Limão Siciliano,16.0,Delivery,Crédito,30.0
2026-01-17,Saturday,1,20,43,Trabalhador,Latte Baunilha,16.0,Croissant Francês,13.0,Delivery,Débito,29.0
2026-01-17,Saturday,1,17,150,Trabalhador,Chá Orgânico,12.0,Cookie Artesanal,9.0,Balcão,Débito,21.0
2026-01-17,Saturday,1,10,76,Trabalhador,Chá Orgânico,12.0,Sanduíche Caprese,19.0,Delivery,Débito,31.0
2026-01-17,Saturday,1,14,1,Fim de Semana,Chá Orgânico,12.0,Torta de Limão Siciliano,16.0,Balcão,Débito,28.0
2026-01-17,Saturday,1,18,141,Fim de Semana,Latte Baunilha,16.0,Quiche de Alho Poró,18.0,Balcão,Pix,34.0
2026-01-17,Saturday,1,20,264,Fim de Semana,Cappuccino Italiano,14.0,Croissant Francês,13.0,Balcão,Crédito,27.0
2026-01-17,Saturday,1,15,261,Trabalhador,Cold Brew Especial,17.0,Cookie Artesanal,9.0,Delivery,Pix,26.0
2026-01-17,Saturday,1,10,291,Trabalhador,Espresso Premium,9.5,Croissant Francês,13.0,Balcão,Débito,22.5
2026-01-17,Saturday,1,19,92,Ocasional,Mocha Belga,18.0,Sanduíche Caprese,19.0,Balcão,Crédito,37.0
2026-01-17,Saturday,1,18,225,Fim de Semana,Cold Brew Especial,17.0,Cookie Artesanal,9.0,Balcão,Pix,26.0
2026-01-17,Saturday,1,17,26,Fim de Semana,Latte Baunilha,16.0,Sanduíche Caprese,19.0,Balcão,Débito,35.0
2026-01-17,Saturday,1,14,201,Ocasional,Latte Baunilha,16.0,Quiche de Alho Poró,18.0,Delivery,Crédito,34.0
2026-01-17,Saturday,1,16,236,Ocasional,Cold Brew Especial,17.0,Cookie Artesanal,9.0,Balcão,Pix,26.0
2026-01-17,Saturday,1,20,256,Fim de Semana,Espresso Premium,9.5,Torta de Limão Siciliano,16.0,Balcão,Pix,25.5
2026-01-17,Saturday,1,7,245,Trabalhador,Espresso Premium,9.5,Quiche de Alho Poró,18.0,Balcão,Débito,27.5
2026-01-17,Saturday,1,12,147,Ocasional,Mocha Belga,18.0,Cookie Artesanal,9.0,Balcão,Débito,27.0
2026-01-17,Saturday,1,16,153,Fim de Semana,Mocha Belga,18.0,Croissant Francês,13.0,Balcão,Débito,31.0
2026-01-17,Saturday,1,14,171,Ocasional,Latte Baunilha,16.0,Cookie Artesanal,9.0,Balcão,Débito,25.0
2026-01-17,Saturday,1,10,184,Fim de Semana,Cappuccino Italiano,14.0,Torta de Limão Siciliano,16.0,Balcão,Crédito,30.0
2026-01-17,Saturday,1,7,145,Fim de Semana,Mocha Belga,18.0,Cookie Artesanal,9.0,Balcão,Pix,27.0
2026-01-17,Saturday,1,14,175,Trabalhador,Cappuccino Italiano,14.0,Torta de Limão Siciliano,16.0,Balcão,Crédito,30.0
2026-01-17,Saturday,1,16,82,Trabalhador,Cold Brew Especial,17.0,Bolo Red Velvet,15.0,Balcão,Crédito,32.0
2026-01-17,Saturday,1,15,297,Trabalhador,Cappuccino Italiano,14.0,Cookie Artesanal,9.0,Delivery,Crédito,23.0
2026-01-17,Saturday,1,19,144,Fim de Semana,Mocha Belga,18.0,Quiche de Alho Poró,18.0,Balcão,Pix,36.0
2026-01-17,Saturday,1,13,16,Trabalhador,Espresso Premium,9.5,Bolo Red Velvet,15.0,Balcão,Crédito,24.5
2026-01-17,Saturday,1,13,205,Trabalhador,Cold Brew Especial,17.0,Croissant Francês,13.0,Delivery,Débito,30.0
2026-01-17,Saturday,1,7,262,Trabalhador,Cold Brew Especial,17.0,Croissant Francês,13.0,Balcão,Débito,30.0
2026-01-17,Saturday,1,9,285,Trabalhador,Mocha Belga,18.0,Cookie Artesanal,9.0,Delivery,Crédito,27.0
2026-01-17,Saturday,1,12,246,Fim de Semana,Mocha Belga,18.0,Croissant Francês,13.0,Balcão,Débito,31.0
2026-01-17,Saturday,1,18,118,Ocasional,Espresso Premium,9.5,Croissant Francês,13.0,Balcão,Débito,22.5
2026-01-17,Saturday,1,8,73,Fim de Semana,Cappuccino Italiano,14.0,Bolo Red Velvet,15.0,Balcão,Pix,29.0
2026-01-17,Saturday,1,20,282,Ocasional,Espresso Premium,9.5,Torta de Limão Siciliano,16.0,Balcão,Pix,25.5
2026-01-17,Saturday,1,12,182,Fim de Semana,Latte Baunilha,16.0,Croissant Francês,13.0,Balcão,Pix,29.0
2026-01-17,Saturday,1,7,270,Trabalhador,Mocha Belga,18.0,Torta de Limão Siciliano,16.0,Delivery,Débito,34.0
2026-01-17,Saturday,1,12,188,Fim de Semana,Cappuccino Italiano,14.0,Croissant Francês,13.0,Delivery,Pix,27.0
2026-01-17,Saturday,1,13,147,Ocasional,Espresso Premium,9.5,Cookie Artesanal,9.0,Balcão,Crédito,18.5
2026-01-17,Saturday,1,14,53,Trabalhador,Mocha Belga,18.0,Cookie Artesanal,9.0,Balcão,Pix,27.0
2026-01-17,Saturday,1,8,16,Trabalhador,Mocha Belga,18.0,Croissant Francês,13.0,Balcão,Débito,31.0
2026-01-17,Saturday,1,13,256,Ocasional,Espresso Premium,9.5,Quiche de Alho Poró,18.0,Delivery,Pix,27.5
2026-01-17,Saturday,1,17,76,Ocasional,Espresso Premium,9.5,Croissant Francês,13.0,Balcão,Pix,22.5
2026-01-17,Saturday,1,14,94,Fim de Semana,Cold Brew Especial,17.0,Croissant Francês,13.0,Balcão,Débito,30.0
2026-01-17,Saturday,1,13,55,Fim de Semana,Cold Brew Especial,17.0,Cookie Artesanal,9.0,Balcão,Pix,26.0
2026-01-17,Saturday,1,9,88,Ocasional,Chá Orgânico,12.0,Sanduíche Caprese,19.0,Delivery,Crédito,31.0
2026-01-17,Saturday,1,7,10,Trabalhador,Chá Orgânico,12.0,Croissant Francês,13.0,Balcão,Pix,25.0
2026-01-17,Saturday,1,17,204,Fim de Semana,Mocha Belga,18.0,Bolo Red Velvet,15.0,Delivery,Débito,33.0
2026-01-17,Saturday,1,14,16,Fim de Semana,Cold Brew Especial,17.0,Torta de Limão Siciliano,16.0,Balcão,Débito,33.0
2026-01-17,Saturday,1,18,24,Fim de Semana,Chá Orgânico,12.0,Croissant Francês,13.0,Balcão,Crédito,25.0
2026-01-17,Saturday,1,17,238,Ocasional,Chá Orgânico,12.0,Sanduíche Caprese,19.0,Delivery,Crédito,31.0
2026-01-17,Saturday,1,17,137,Ocasional,Cold Brew Especial,17.0,Torta de Limão Siciliano,16.0,Delivery,Crédito,33.0
2026-01-17,Saturday,1,20,188,Fim de Semana,Chá Orgânico,12.0,Bolo Red Velvet,15.0,Delivery,Débito,27.0
2026-01-17,Saturday,1,18,296,Ocasional,Cold Brew Especial,17.0,Bolo Red Velvet,15.0,Delivery,Pix,32.0
2026-01-17,Saturday,1,13,96,Trabalhador,Latte Baunilha,16.0,Sanduíche Caprese,19.0,Delivery,Crédito,35.0
2026-01-17,Saturday,1,11,183,Fim de Semana,Mocha Belga,18.0,Torta de Limão Siciliano,16.0,Delivery,Crédito,34.0
2026-01-17,Saturday,1,8,238,Trabalhador,Espresso Premium,9.5,Cookie Artesanal,9.0,Balcão,Pix,18.5
2026-01-17,Saturday,1,9,211,Fim de Semana,Latte Baunilha,16.0,Croissant Francês,13.0,Balcão,Pix,29.0
2026-01-17,Saturday,1,11,255,Fim de Semana,Chá Orgânico,12.0,Cookie Artesanal,9.0,Delivery,Débito,21.0
2026-01-17,Saturday,1,9,93,Trabalhador,Mocha Belga,18.0,Torta de Limão Siciliano,16.0,Delivery,Crédito,34.0
2026-01-17,Saturday,1,17,162,Trabalhador,Latte Baunilha,16.0,Quiche de Alho Poró,18.0,Balcão,Débito,34.0
2026-01-17,Saturday,1,14,50,Trabalhador,Chá Orgânico,12.0,Croissant Francês,13.0,Balcão,Pix,25.0
2026-01-17,Saturday,1,18,221,Trabalhador,Mocha Belga,18.0,Bolo Red Velvet,15.0,Balcão,Débito,33.0
2026-01-17,Saturday,1,20,47,Fim de Semana,Cold Brew Especial,17.0,Bolo Red Velvet,15.0,Delivery,Crédito,32.0
2026-01-17,Saturday,1,7,211,Ocasional,Latte Baunilha,16.0,Bolo Red Velvet,15.0,Balcão,Pix,31.0
2026-01-17,Saturday,1,18,243,Ocasional,Cold Brew Especial,17.0,Torta de Limão Siciliano,16.0,Balcão,Pix,33.0
2026-01-17,Saturday,1,14,298,Ocasional,Cappuccino Italiano,14.0,Torta de Limão Siciliano,16.0,Delivery,Débito,30.0
2026-01-17,Saturday,1,13,141,Trabalhador,Chá Orgânico,12.0,Cookie Artesanal,9.0,Delivery,Débito,21.0
2026-01-17,Saturday,1,13,7,Trabalhador,Cold Brew Especial,17.0,Sanduíche Caprese,19.0,Delivery,Pix,36.0
2026-01-17,Saturday,1,9,16,Fim de Semana,Latte Baunilha,16.0,Croissant Francês,13.0,Balcão,Pix,29.0
2026-01-17,Saturday,1,20,62,Ocasional,Latte Baunilha,16.0,Sanduíche Caprese,19.0,Delivery,Pix,35.0
2026-01-17,Saturday,1,13,187,Trabalhador,Espresso Premium,9.5,Bolo Red Velvet,15.0,Balcão,Pix,24.5
2026-01-17,Saturday,1,12,287,Ocasional,Cold Brew Especial,17.0,Cookie Artesanal,9.0,Delivery,Débito,26.0
2026-01-17,Saturday,1,19,135,Trabalhador,Mocha Belga,18.0,Bolo Red Velvet,15.0,Delivery,Pix,33.0
2026-01-17,Saturday,1,18,213,Ocasional,Espresso Premium,9.5,Croissant Francês,13.0,Delivery,Crédito,22.5
2026-01-17,Saturday,1,16,117,Trabalhador,Latte Baunilha,16.0,Croissant Francês,13.0,Delivery,Pix,29.0
2026-01-17,Saturday,1,14,134,Ocasional,Latte Baunilha,16.0,Sanduíche Caprese,19.0,Balcão,Crédito,35.0
2026-01-17,Saturday,1,10,128,Ocasional,Espresso Premium,9.5,Bolo Red Velvet,15.0,Delivery,Débito,24.5
2026-01-17,Saturday,1,19,260,Fim de Semana,Cold Brew Especial,17.0,Bolo Red Velvet,15.0,Balcão,Débito,32.0
2026-01-18,Sunday,1,13,192,Ocasional,Cappuccino Italiano,14.0,Torta de Limão Siciliano,16.0,Balcão,Crédito,30.0
2026-01-18,Sunday,1,15,183,Trabalhador,Latte Baunilha,16.0,Sanduíche Caprese,19.0,Delivery,Pix,35.0
2026-01-18,Sunday,1,13,21,Ocasional,Mocha Belga,18.0,Sanduíche Caprese,19.0,Delivery,Crédito,37.0
2026-01-18,Sunday,1,11,124,Ocasional,Cappuccino Italiano,14.0,Sanduíche Caprese,19.0,Delivery,Crédito,33.0
2026-01-18,Sunday,1,15,165,Trabalhador,Cold Brew Especial,17.0,Croissant Francês,13.0,Balcão,Crédito,30.0
2026-01-18,Sunday,1,9,286,Trabalhador,Mocha Belga,18.0,Croissant Francês,13.0,Balcão,Crédito,31.0
2026-01-18,Sunday,1,13,280,Ocasional,Chá Orgânico,12.0,Sanduíche Caprese,19.0,Balcão,Crédito,31.0
2026-01-18,Sunday,1,8,62,Ocasional,Espresso Premium,9.5,Cookie Artesanal,9.0,Balcão,Pix,18.5
2026-01-18,Sunday,1,9,128,Trabalhador,Cold Brew Especial,17.0,Bolo Red Velvet,15.0,Balcão,Pix,32.0
2026-01-18,Sunday,1,13,56,Ocasional,Latte Baunilha,16.0,Quiche de Alho Poró,18.0,Balcão,Crédito,34.0
2026-01-18,Sunday,1,9,249,Trabalhador,Latte Baunilha,16.0,Torta de Limão Siciliano,16.0,Balcão,Crédito,32.0
2026-01-18,Sunday,1,9,208,Trabalhador,Cold Brew Especial,17.0,Croissant Francês,13.0,Delivery,Crédito,30.0
2026-01-18,Sunday,1,18,67,Ocasional,Cold Brew Especial,17.0,Quiche de Alho Poró,18.0,Delivery,Débito,35.0
2026-01-18,Sunday,1,12,215,Fim de Semana,Espresso Premium,9.5,Quiche de Alho Poró,18.0,Balcão,Débito,27.5
2026-01-18,Sunday,1,20,240,Trabalhador,Chá Orgânico,12.0,Bolo Red Velvet,15.0,Balcão,Crédito,27.0
2026-01-18,Sunday,1,18,289,Ocasional,Mocha Belga,18.0,Sanduíche Caprese,19.0,Delivery,Débito,37.0
2026-01-18,Sunday,1,7,10,Trabalhador,Espresso Premium,9.5,Cookie Artesanal,9.0,Balcão,Crédito,18.5
2026-01-18,Sunday,1,20,114,Trabalhador,Espresso Premium,9.5,Cookie Artesanal,9.0,Balcão,Pix,18.5
2026-01-18,Sunday,1,7,138,Fim de Semana,Mocha Belga,18.0,Sanduíche Caprese,19.0,Delivery,Crédito,37.0
2026-01-18,Sunday,1,9,93,Ocasional,Cold Brew Especial,17.0,Croissant Francês,13.0,Balcão,Crédito,30.0
2026-01-18,Sunday,1,8,14,Ocasional,Mocha Belga,18.0,Sanduíche Caprese,19.0,Delivery,Pix,37.0
2026-01-18,Sunday,1,12,92,Fim de Semana,Cappuccino Italiano,14.0,Torta de Limão Siciliano,16.0,Balcão,Pix,30.0
2026-01-18,Sunday,1,11,256,Trabalhador,Cold Brew Especial,17.0,Torta de Limão Siciliano,16.0,Balcão,Crédito,33.0
2026-01-18,Sunday,1,17,61,Ocasional,Chá Orgânico,12.0,Cookie Artesanal,9.0,Balcão,Pix,21.0
2026-01-18,Sunday,1,11,188,Fim de Semana,Cappuccino Italiano,14.0,Sanduíche Caprese,19.0,Delivery,Pix,33.0
2026-01-18,Sunday,1,13,68,Trabalhador,Latte Baunilha,16.0,Sanduíche Caprese,19.0,Balcão,Pix,35.0
2026-01-18,Sunday,1,16,73,Fim de Semana,Cappuccino Italiano,14.0,Bolo Red Velvet,15.0,Delivery,Débito,29.0
2026-01-18,Sunday,1,10,214,Ocasional,Espresso Premium,9.5,Croissant Francês,13.0,Delivery,Pix,22.5
2026-01-18,Sunday,1,19,261,Ocasional,Cold Brew Especial,17.0,Cookie Artesanal,9.0,Balcão,Débito,26.0
2026-01-18,Sunday,1,17,260,Fim de Semana,Espresso Premium,9.5,Torta de Limão Siciliano,16.0,Delivery,Débito,25.5
2026-01-18,Sunday,1,13,186,Trabalhador,Latte Baunilha,16.0,Sanduíche Caprese,19.0,Balcão,Débito,35.0
2026-01-18,Sunday,1,19,75,Fim de Semana,Cappuccino Italiano,14.0,Cookie Artesanal,9.0,Balcão,Pix,23.0
2026-01-18,Sunday,1,12,27,Trabalhador,Espresso Premium,9.5,Torta de Limão Siciliano,16.0,Balcão,Débito,25.5
2026-01-18,Sunday,1,7,74,Trabalhador,Mocha Belga,18.0,Bolo Red Velvet,15.0,Delivery,Pix,33.0
2026-01-18,Sunday,1,7,26,Fim de Semana,Cold Brew Especial,17.0,Torta de Limão Siciliano,16.0,Delivery,Débito,33.0
2026-01-18,Sunday,1,11,38,Trabalhador,Cappuccino Italiano,14.0,Croissant Francês,13.0,Balcão,Débito,27.0
2026-01-18,Sunday,1,8,11,Fim de Semana,Mocha Belga,18.0,Torta de Limão Siciliano,16.0,Balcão,Débito,34.0
2026-01-18,Sunday,1,15,27,Fim de Semana,Latte Baunilha,16.0,Bolo Red Velvet,15.0,Delivery,Crédito,31.0
2026-01-18,Sunday,1,9,156,Ocasional,Cold Brew Especial,17.0,Torta de Limão Siciliano,16.0,Balcão,Débito,33.0
2026-01-18,Sunday,1,18,110,Fim de Semana,Latte Baunilha,16.0,Sanduíche Caprese,19.0,Balcão,Pix,35.0
2026-01-18,Sunday,1,9,116,Fim de Semana,Espresso Premium,9.5,Bolo Red Velvet,15.0,Balcão,Pix,24.5
2026-01-18,Sunday,1,18,11,Trabalhador,Latte Baunilha,16.0,Quiche de Alho Poró,18.0,Delivery,Débito,34.0
2026-01-18,Sunday,1,8,65,Ocasional,Chá Orgânico,12.0,Croissant Francês,13.0,Balcão,Débito,25.0
2026-01-18,Sunday,1,11,93,Fim de Semana,Chá Orgânico,12.0,Torta de Limão Siciliano,16.0,Delivery,Débito,28.0
2026-01-18,Sunday,1,12,144,Ocasional,Mocha Belga,18.0,Quiche de Alho Poró,18.0,Balcão,Crédito,36.0
2026-01-18,Sunday,1,7,73,Trabalhador,Cold Brew Especial,17.0,Bolo Red Velvet,15.0,Delivery,Crédito,32.0
2026-01-18,Sunday,1,11,124,Fim de Semana,Cappuccino Italiano,14.0,Torta de Limão Siciliano,16.0,Balcão,Débito,30.0
2026-01-18,Sunday,1,13,109,Fim de Semana,Chá Orgânico,12.0,Sanduíche Caprese,19.0,Balcão,Débito,31.0
2026-01-18,Sunday,1,16,256,Trabalhador,Cappuccino Italiano,14.0,Croissant Francês,13.0,Balcão,Crédito,27.0
2026-01-18,Sunday,1,14,296,Fim de Semana,Chá Orgânico,12.0,Torta de Limão Siciliano,16.0,Delivery,Crédito,28.0
2026-01-18,Sunday,1,20,94,Ocasional,Latte Baunilha,16.0,Sanduíche Caprese,19.0,Delivery,Crédito,35.0
2026-01-18,Sunday,1,11,102,Fim de Semana,Chá Orgânico,12.0,Cookie Artesanal,9.0,Balcão,Pix,21.0
2026-01-18,Sunday,1,17,279,Ocasional,Espresso Premium,9.5,Torta de Limão Siciliano,16.0,Delivery,Débito,25.5
2026-01-18,Sunday,1,17,157,Trabalhador,Latte Baunilha,16.0,Bolo Red Velvet,15.0,Balcão,Débito,31.0
2026-01-18,Sunday,1,18,197,Fim de Semana,Espresso Premium,9.5,Croissant Francês,13.0,Delivery,Débito,22.5
2026-01-18,Sunday,1,16,264,Ocasional,Mocha Belga,18.0,Cookie Artesanal,9.0,Delivery,Crédito,27.0
2026-01-18,Sunday,1,13,276,Ocasional,Espresso Premium,9.5,Cookie Artesanal,9.0,Delivery,Débito,18.5
2026-01-18,Sunday,1,12,160,Trabalhador,Cold Brew Especial,17.0,Torta de Limão Siciliano,16.0,Balcão,Crédito,33.0
2026-01-18,Sunday,1,8,111,Trabalhador,Espresso Premium,9.5,Sanduíche Caprese,19.0,Balcão,Débito,28.5
2026-01-18,Sunday,1,15,277,Fim de Semana,Cappuccino Italiano,14.0,Torta de Limão Siciliano,16.0,Balcão,Débito,30.0
2026-01-18,Sunday,1,17,188,Ocasional,Cappuccino Italiano,14.0,Croissant Francês,13.0,Balcão,Débito,27.0
2026-01-18,Sunday,1,10,122,Ocasional,Latte Baunilha,16.0,Bolo Red Velvet,15.0,Balcão,Débito,31.0
2026-01-18,Sunday,1,9,57,Trabalhador,Chá Orgânico,12.0,Sanduíche Caprese,19.0,Balcão,Débito,31.0
2026-01-18,Sunday,1,20,285,Trabalhador,Latte Baunilha,16.0,Croissant Francês,13.0,Delivery,Débito,29.0
2026-01-18,Sunday,1,8,180,Trabalhador,Cappuccino Italiano,14.0,Croissant Francês,13.0,Balcão,Débito,27.0
2026-01-18,Sunday,1,17,60,Fim de Semana,Mocha Belga,18.0,Sanduíche Caprese,19.0,Balcão,Crédito,37.0
2026-01-18,Sunday,1,11,145,Ocasional,Cappuccino Italiano,14.0,Quiche de Alho Poró,18.0,Delivery,Crédito,32.0
2026-01-18,Sunday,1,19,294,Ocasional,Cold Brew Especial,17.0,Cookie Artesanal,9.0,Delivery,Crédito,26.0
2026-01-18,Sunday,1,18,201,Fim de Semana,Espresso Premium,9.5,Torta de Limão Siciliano,16.0,Delivery,Débito,25.5
2026-01-18,Sunday,1,10,271,Trabalhador,Mocha Belga,18.0,Sanduíche Caprese,19.0,Delivery,Débito,37.0
2026-01-18,Sunday,1,10,257,Trabalhador,Latte Baunilha,16.0,Quiche de Alho Poró,18.0,Delivery,Pix,34.0
2026-01-18,Sunday,1,19,147,Ocasional,Espresso Premium,9.5,Cookie Artesanal,9.0,Balcão,Pix,18.5
2026-01-18,Sunday,1,16,164,Trabalhador,Espresso Premium,9.5,Bolo Red Velvet,15.0,Delivery,Pix,24.5
2026-01-18,Sunday,1,18,284,Ocasional,Espresso Premium,9.5,Torta de Limão Siciliano,16.0,Delivery,Crédito,25.5
2026-01-18,Sunday,1,16,212,Fim de Semana,Chá Orgânico,12.0,Sanduíche Caprese,19.0,Balcão,Pix,31.0
2026-01-19,Monday,0,18,29,Trabalhador,Mocha Belga,18.0,Sanduíche Caprese,19.0,Delivery,Pix,37.0
2026-01-19,Monday,0,15,16,Trabalhador,Latte Baunilha,16.0,Croissant Francês,13.0,Balcão,Débito,29.0
2026-01-19,Monday,0,8,7,Ocasional,Espresso Premium,9.5,Torta de Limão Siciliano,16.0,Balcão,Crédito,25.5
2026-01-19,Monday,0,19,81,Ocasional,Espresso Premium,9.5,Croissant Francês,13.0,Balcão,Débito,22.5
2026-01-19,Monday,0,7,210,Fim de Semana,Chá Orgânico,12.0,Croissant Francês,13.0,Delivery,Crédito,25.0
2026-01-19,Monday,0,19,260,Trabalhador,Mocha Belga,18.0,Cookie Artesanal,9.0,Balcão,Débito,27.0
2026-01-19,Monday,0,15,50,Trabalhador,Espresso Premium,9.5,Croissant Francês,13.0,Delivery,Pix,22.5
2026-01-19,Monday,0,19,283,Trabalhador,Cappuccino Italiano,14.0,Bolo Red Velvet,15.0,Balcão,Débito,29.0
2026-01-19,Monday,0,7,229,Ocasional,Mocha Belga,18.0,Bolo Red Velvet,15.0,Delivery,Débito,33.0
2026-01-19,Monday,0,12,9,Ocasional,Chá Orgânico,12.0,Sanduíche Caprese,19.0,Delivery,Crédito,31.0
2026-01-19,Monday,0,10,185,Fim de Semana,Cold Brew Especial,17.0,Sanduíche Caprese,19.0,Delivery,Pix,36.0
2026-01-19,Monday,0,8,98,Ocasional,Espresso Premium,9.5,Sanduíche Caprese,19.0,Balcão,Crédito,28.5
2026-01-19,Monday,0,14,11,Trabalhador,Chá Orgânico,12.0,Quiche de Alho Poró,18.0,Delivery,Débito,30.0
2026-01-19,Monday,0,16,80,Fim de Semana,Chá Orgânico,12.0,Quiche de Alho Poró,18.0,Delivery,Crédito,30.0
2026-01-19,Monday,0,9,173,Ocasional,Latte Baunilha,16.0,Bolo Red Velvet,15.0,Delivery,Débito,31.0
2026-01-19,Monday,0,11,78,Ocasional,Espresso Premium,9.5,Quiche de Alho Poró,18.0,Delivery,Pix,27.5
2026-01-19,Monday,0,14,282,Trabalhador,Cappuccino Italiano,14.0,Croissant Francês,13.0,Balcão,Débito,27.0
2026-01-19,Monday,0,12,128,Fim de Semana,Latte Baunilha,16.0,Cookie Artesanal,9.0,Delivery,Débito,25.0
2026-01-19,Monday,0,12,164,Trabalhador,Chá Orgânico,12.0,Quiche de Alho Poró,18.0,Balcão,Débito,30.0
2026-01-19,Monday,0,10,225,Ocasional,Latte Baunilha,16.0,Bolo Red Velvet,15.0,Delivery,Débito,31.0
2026-01-19,Monday,0,14,15,Ocasional,Cappuccino Italiano,14.0,Croissant Francês,13.0,Balcão,Crédito,27.0
2026-01-19,Monday,0,8,203,Fim de Semana,Chá Orgânico,12.0,Sanduíche Caprese,19.0,Delivery,Crédito,31.0
2026-01-19,Monday,0,17,217,Trabalhador,Chá Orgânico,12.0,Croissant Francês,13.0,Balcão,Débito,25.0
2026-01-19,Monday,0,11,167,Trabalhador,Espresso Premium,9.5,Torta de Limão Siciliano,16.0,Delivery,Crédito,25.5
2026-01-19,Monday,0,20,127,Fim de Semana,Espresso Premium,9.5,Croissant Francês,13.0,Delivery,Débito,22.5
2026-01-19,Monday,0,11,283,Trabalhador,Chá Orgânico,12.0,Cookie Artesanal,9.0,Balcão,Débito,21.0
2026-01-19,Monday,0,18,94,Fim de Semana,Chá Orgânico,12.0,Torta de Limão Siciliano,16.0,Delivery,Débito,28.0
2026-01-19,Monday,0,20,178,Ocasional,Chá Orgânico,12.0,Quiche de Alho Poró,18.0,Balcão,Crédito,30.0
2026-01-19,Monday,0,20,212,Fim de Semana,Chá Orgânico,12.0,Cookie Artesanal,9.0,Delivery,Pix,21.0
2026-01-19,Monday,0,11,79,Fim de Semana,Cappuccino Italiano,14.0,Bolo Red Velvet,15.0,Delivery,Crédito,29.0
2026-01-19,Monday,0,8,187,Trabalhador,Mocha Belga,18.0,Bolo Red Velvet,15.0,Balcão,Débito,33.0
2026-01-19,Monday,0,15,211,Trabalhador,Cold Brew Especial,17.0,Quiche de Alho Poró,18.0,Delivery,Débito,35.0
2026-01-19,Monday,0,10,52,Trabalhador,Chá Orgânico,12.0,Quiche de Alho Poró,18.0,Delivery,Crédito,30.0
2026-01-19,Monday,0,17,84,Trabalhador,Chá Orgânico,12.0,Torta de Limão Siciliano,16.0,Balcão,Débito,28.0
2026-01-19,Monday,0,18,94,Fim de Semana,Mocha Belga,18.0,Bolo Red Velvet,15.0,Balcão,Crédito,33.0
2026-01-19,Monday,0,9,11,Fim de Semana,Chá Orgânico,12.0,Torta de Limão Siciliano,16.0,Delivery,Pix,28.0
2026-01-19,Monday,0,14,82,Fim de Semana,Cold Brew Especial,17.0,Sanduíche Caprese,19.0,Delivery,Crédito,36.0
2026-01-19,Monday,0,9,252,Trabalhador,Cappuccino Italiano,14.0,Torta de Limão Siciliano,16.0,Delivery,Crédito,30.0
2026-01-19,Monday,0,15,34,Fim de Semana,Cappuccino Italiano,14.0,Quiche de Alho Poró,18.0,Delivery,Débito,32.0
2026-01-19,Monday,0,9,1,Trabalhador,Chá Orgânico,12.0,Quiche de Alho Poró,18.0,Balcão,Débito,30.0
2026-01-19,Monday,0,13,155,Trabalhador,Latte Baunilha,16.0,Sanduíche Caprese,19.0,Balcão,Crédito,35.0
2026-01-19,Monday,0,9,260,Trabalhador,Cappuccino Italiano,14.0,Cookie Artesanal,9.0,Balcão,Crédito,23.0
2026-01-19,Monday,0,20,269,Trabalhador,Latte Baunilha,16.0,Torta de Limão Siciliano,16.0,Balcão,Débito,32.0
2026-01-19,Monday,0,20,104,Ocasional,Chá Orgânico,12.0,Bolo Red Velvet,15.0,Balcão,Crédito,27.0
2026-01-19,Monday,0,15,223,Trabalhador,Mocha Belga,18.0,Sanduíche Caprese,19.0,Delivery,Débito,37.0
2026-01-19,Monday,0,11,212,Fim de Semana,Chá Orgânico,12.0,Torta de Limão Siciliano,16.0,Balcão,Pix,28.0
2026-01-19,Monday,0,8,102,Fim de Semana,Espresso Premium,9.5,Sanduíche Caprese,19.0,Delivery,Crédito,28.5
2026-01-19,Monday,0,9,65,Ocasional,Cappuccino Italiano,14.0,Croissant Francês,13.0,Balcão,Crédito,27.0
2026-01-19,Monday,0,15,1,Trabalhador,Cold Brew Especial,17.0,Croissant Francês,13.0,Balcão,Crédito,30.0
2026-01-19,Monday,0,11,285,Fim de Semana,Cold Brew Especial,17.0,Bolo Red Velvet,15.0,Delivery,Crédito,32.0
2026-01-19,Monday,0,20,287,Trabalhador,Cold Brew Especial,17.0,Bolo Red Velvet,15.0,Delivery,Débito,32.0
2026-01-19,Monday,0,11,153,Trabalhador,Mocha Belga,18.0,Torta de Limão Siciliano,16.0,Balcão,Crédito,34.0
2026-01-19,Monday,0,12,118,Trabalhador,Cold Brew Especial,17.0,Torta de Limão Siciliano,16.0,Balcão,Débito,33.0
2026-01-19,Monday,0,11,238,Fim de Semana,Latte Baunilha,16.0,Torta de Limão Siciliano,16.0,Balcão,Débito,32.0
2026-01-19,Monday,0,10,39,Ocasional,Latte Baunilha,16.0,Cookie Artesanal,9.0,Balcão,Débito,25.0
2026-01-19,Monday,0,7,54,Trabalhador,Cappuccino Italiano,14.0,Torta de Limão Siciliano,16.0,Balcão,Débito,30.0
2026-01-19,Monday,0,11,250,Trabalhador,Latte Baunilha,16.0,Quiche de Alho Poró,18.0,Balcão,Débito,34.0
2026-01-19,Monday,0,16,188,Fim de Semana,Espresso Premium,9.5,Bolo Red Velvet,15.0,Delivery,Pix,24.5
2026-01-19,Monday,0,9,156,Trabalhador,Latte Baunilha,16.0,Torta de Limão Siciliano,16.0,Delivery,Débito,32.0
2026-01-19,Monday,0,12,1,Fim de Semana,Espresso Premium,9.5,Croissant Francês,13.0,Delivery,Débito,22.5
2026-01-19,Monday,0,13,179,Fim de Semana,Espresso Premium,9.5,Torta de Limão Siciliano,16.0,Balcão,Pix,25.5
2026-01-19,Monday,0,9,255,Ocasional,Cappuccino Italiano,14.0,Sanduíche Caprese,19.0,Delivery,Débito,33.0
2026-01-19,Monday,0,16,250,Fim de Semana,Espresso Premium,9.5,Cookie Artesanal,9.0,Balcão,Débito,18.5
2026-01-19,Monday,0,8,271,Trabalhador,Mocha Belga,18.0,Cookie Artesanal,9.0,Balcão,Débito,27.0
2026-01-19,Monday,0,16,120,Trabalhador,Mocha Belga,18.0,Croissant Francês,13.0,Balcão,Pix,31.0
2026-01-19,Monday,0,9,42,Ocasional,Latte Baunilha,16.0,Cookie Artesanal,9.0,Delivery,Débito,25.0
2026-01-19,Monday,0,10,10,Fim de Semana,Chá Orgânico,12.0,Croissant Francês,13.0,Delivery,Pix,25.0
2026-01-19,Monday,0,7,78,Fim de Semana,Espresso Premium,9.5,Torta de Limão Siciliano,16.0,Balcão,Pix,25.5
2026-01-19,Monday,0,20,11,Ocasional,Espresso Premium,9.5,Sanduíche Caprese,19.0,Balcão,Crédito,28.5
2026-01-19,Monday,0,11,223,Trabalhador,Mocha Belga,18.0,Croissant Francês,13.0,Delivery,Débito,31.0
2026-01-20,Tuesday,0,11,34,Trabalhador,Espresso Premium,9.5,Sanduíche Caprese,19.0,Delivery,Débito,28.5
2026-01-20,Tuesday,0,13,204,Fim de Semana,Chá Orgânico,12.0,Bolo Red Velvet,15.0,Delivery,Crédito,27.0
2026-01-20,Tuesday,0,12,147,Ocasional,Chá Orgânico,12.0,Sanduíche Caprese,19.0,Balcão,Pix,31.0
2026-01-20,Tuesday,0,17,136,Ocasional,Latte Baunilha,16.0,Torta de Limão Siciliano,16.0,Delivery,Débito,32.0
2026-01-20,Tuesday,0,14,192,Fim de Semana,Cappuccino Italiano,14.0,Torta de Limão Siciliano,16.0,Delivery,Crédito,30.0
2026-01-20,Tuesday,0,17,155,Ocasional,Mocha Belga,18.0,Croissant Francês,13.0,Delivery,Pix,31.0
2026-01-20,Tuesday,0,16,34,Fim de Semana,Espresso Premium,9.5,Torta de Limão Siciliano,16.0,Delivery,Crédito,25.5
2026-01-20,Tuesday,0,14,127,Fim de Semana,Cappuccino Italiano,14.0,Cookie Artesanal,9.0,Delivery,Crédito,23.0
2026-01-20,Tuesday,0,15,61,Ocasional,Chá Orgânico,12.0,Bolo Red Velvet,15.0,Balcão,Crédito,27.0
2026-01-20,Tuesday,0,8,87,Fim de Semana,Chá Orgânico,12.0,Cookie Artesanal,9.0,Delivery,Crédito,21.0
2026-01-20,Tuesday,0,10,273,Trabalhador,Cold Brew Especial,17.0,Cookie Artesanal,9.0,Delivery,Pix,26.0
2026-01-20,Tuesday,0,17,65,Ocasional,Cold Brew Especial,17.0,Croissant Francês,13.0,Balcão,Pix,30.0
2026-01-20,Tuesday,0,13,179,Fim de Semana,Chá Orgânico,12.0,Quiche de Alho Poró,18.0,Delivery,Pix,30.0
2026-01-20,Tuesday,0,17,21,Fim de Semana,Mocha Belga,18.0,Torta de Limão Siciliano,16.0,Balcão,Pix,34.0
2026-01-20,Tuesday,0,12,287,Fim de Semana,Cappuccino Italiano,14.0,Torta de Limão Siciliano,16.0,Balcão,Crédito,30.0
2026-01-20,Tuesday,0,16,92,Fim de Semana,Chá Orgânico,12.0,Bolo Red Velvet,15.0,Balcão,Débito,27.0
2026-01-20,Tuesday,0,11,131,Ocasional,Mocha Belga,18.0,Cookie Artesanal,9.0,Delivery,Pix,27.0
2026-01-20,Tuesday,0,19,225,Trabalhador,Espresso Premium,9.5,Croissant Francês,13.0,Balcão,Pix,22.5
2026-01-20,Tuesday,0,8,231,Fim de Semana,Latte Baunilha,16.0,Sanduíche Caprese,19.0,Balcão,Crédito,35.0
2026-01-20,Tuesday,0,20,132,Ocasional,Chá Orgânico,12.0,Torta de Limão Siciliano,16.0,Delivery,Débito,28.0
2026-01-20,Tuesday,0,19,163,Trabalhador,Mocha Belga,18.0,Cookie Artesanal,9.0,Balcão,Pix,27.0
2026-01-20,Tuesday,0,18,264,Fim de Semana,Cold Brew Especial,17.0,Croissant Francês,13.0,Balcão,Crédito,30.0
2026-01-20,Tuesday,0,17,49,Fim de Semana,Cold Brew Especial,17.0,Torta de Limão Siciliano,16.0,Delivery,Crédito,33.0
2026-01-20,Tuesday,0,19,130,Fim de Semana,Espresso Premium,9.5,Bolo Red Velvet,15.0,Balcão,Débito,24.5
2026-01-20,Tuesday,0,14,107,Trabalhador,Espresso Premium,9.5,Cookie Artesanal,9.0,Delivery,Crédito,18.5
2026-01-20,Tuesday,0,12,200,Fim de Semana,Chá Orgânico,12.0,Cookie Artesanal,9.0,Balcão,Débito,21.0
2026-01-20,Tuesday,0,14,113,Trabalhador,Cold Brew Especial,17.0,Quiche de Alho Poró,18.0,Delivery,Débito,35.0
2026-01-20,Tuesday,0,10,115,Fim de Semana,Cappuccino Italiano,14.0,Sanduíche Caprese,19.0,Balcão,Pix,33.0
2026-01-20,Tuesday,0,13,51,Trabalhador,Cappuccino Italiano,14.0,Bolo Red Velvet,15.0,Balcão,Crédito,29.0
2026-01-20,Tuesday,0,14,225,Fim de Semana,Mocha Belga,18.0,Sanduíche Caprese,19.0,Balcão,Crédito,37.0
2026-01-20,Tuesday,0,9,95,Ocasional,Cold Brew Especial,17.0,Sanduíche Caprese,19.0,Balcão,Crédito,36.0
2026-01-20,Tuesday,0,10,285,Trabalhador,Latte Baunilha,16.0,Bolo Red Velvet,15.0,Delivery,Débito,31.0
2026-01-20,Tuesday,0,8,69,Ocasional,Cappuccino Italiano,14.0,Bolo Red Velvet,15.0,Balcão,Débito,29.0
2026-01-20,Tuesday,0,14,138,Ocasional,Cappuccino Italiano,14.0,Torta de Limão Siciliano,16.0,Delivery,Pix,30.0
2026-01-20,Tuesday,0,16,296,Fim de Semana,Latte Baunilha,16.0,Croissant Francês,13.0,Delivery,Débito,29.0
2026-01-20,Tuesday,0,14,234,Fim de Semana,Latte Baunilha,16.0,Sanduíche Caprese,19.0,Balcão,Crédito,35.0
2026-01-20,Tuesday,0,8,233,Ocasional,Chá Orgânico,12.0,Croissant Francês,13.0,Balcão,Pix,25.0
2026-01-20,Tuesday,0,20,151,Ocasional,Mocha Belga,18.0,Sanduíche Caprese,19.0,Delivery,Crédito,37.0
2026-01-20,Tuesday,0,18,109,Ocasional,Latte Baunilha,16.0,Sanduíche Caprese,19.0,Delivery,Pix,35.0
2026-01-20,Tuesday,0,7,47,Fim de Semana,Mocha Belga,18.0,Torta de Limão Siciliano,16.0,Balcão,Pix,34.0
2026-01-20,Tuesday,0,10,194,Trabalhador,Mocha Belga,18.0,Quiche de Alho Poró,18.0,Delivery,Débito,36.0
2026-01-20,Tuesday,0,18,11,Fim de Semana,Latte Baunilha,16.0,Bolo Red Velvet,15.0,Balcão,Débito,31.0
2026-01-20,Tuesday,0,20,146,Trabalhador,Latte Baunilha,16.0,Cookie Artesanal,9.0,Balcão,Débito,25.0
2026-01-20,Tuesday,0,7,171,Fim de Semana,Latte Baunilha,16.0,Bolo Red Velvet,15.0,Delivery,Crédito,31.0
2026-01-20,Tuesday,0,8,137,Ocasional,Chá Orgânico,12.0,Quiche de Alho Poró,18.0,Delivery,Crédito,30.0
2026-01-20,Tuesday,0,11,113,Fim de Semana,Mocha Belga,18.0,Cookie Artesanal,9.0,Balcão,Crédito,27.0
2026-01-20,Tuesday,0,18,23,Trabalhador,Cappuccino Italiano,14.0,Torta de Limão Siciliano,16.0,Delivery,Pix,30.0
2026-01-20,Tuesday,0,16,190,Ocasional,Mocha Belga,18.0,Sanduíche Caprese,19.0,Balcão,Pix,37.0
2026-01-20,Tuesday,0,12,13,Trabalhador,Cold Brew Especial,17.0,Quiche de Alho Poró,18.0,Balcão,Pix,35.0
2026-01-20,Tuesday,0,15,50,Trabalhador,Cold Brew Especial,17.0,Torta de Limão Siciliano,16.0,Delivery,Pix,33.0
2026-01-20,Tuesday,0,7,265,Trabalhador,Mocha Belga,18.0,Cookie Artesanal,9.0,Balcão,Crédito,27.0
2026-01-20,Tuesday,0,18,224,Fim de Semana,Espresso Premium,9.5,Quiche de Alho Poró,18.0,Delivery,Pix,27.5
2026-01-20,Tuesday,0,16,225,Ocasional,Cold Brew Especial,17.0,Torta de Limão Siciliano,16.0,Delivery,Crédito,33.0
2026-01-20,Tuesday,0,18,160,Ocasional,Latte Baunilha,16.0,Sanduíche Caprese,19.0,Delivery,Pix,35.0
2026-01-20,Tuesday,0,20,249,Fim de Semana,Mocha Belga,18.0,Croissant Francês,13.0,Balcão,Pix,31.0
2026-01-20,Tuesday,0,17,151,Ocasional,Espresso Premium,9.5,Bolo Red Velvet,15.0,Balcão,Débito,24.5
2026-01-20,Tuesday,0,19,176,Fim de Semana,Espresso Premium,9.5,Croissant Francês,13.0,Delivery,Débito,22.5
2026-01-20,Tuesday,0,17,180,Trabalhador,Mocha Belga,18.0,Sanduíche Caprese,19.0,Balcão,Crédito,37.0
2026-01-20,Tuesday,0,19,179,Trabalhador,Cappuccino Italiano,14.0,Cookie Artesanal,9.0,Balcão,Crédito,23.0
2026-01-20,Tuesday,0,10,20,Trabalhador,Latte Baunilha,16.0,Cookie Artesanal,9.0,Balcão,Pix,25.0
2026-01-20,Tuesday,0,17,5,Fim de Semana,Chá Orgânico,12.0,Bolo Red Velvet,15.0,Delivery,Pix,27.0
2026-01-20,Tuesday,0,12,292,Trabalhador,Latte Baunilha,16.0,Croissant Francês,13.0,Balcão,Pix,29.0
2026-01-20,Tuesday,0,8,13,Trabalhador,Mocha Belga,18.0,Cookie Artesanal,9.0,Balcão,Débito,27.0
2026-01-20,Tuesday,0,7,37,Fim de Semana,Espresso Premium,9.5,Quiche de Alho Poró,18.0,Delivery,Pix,27.5
2026-01-20,Tuesday,0,19,208,Fim de Semana,Latte Baunilha,16.0,Bolo Red Velvet,15.0,Delivery,Pix,31.0
2026-01-20,Tuesday,0,14,159,Trabalhador,Espresso Premium,9.5,Torta de Limão Siciliano,16.0,Delivery,Crédito,25.5
2026-01-20,Tuesday,0,14,240,Fim de Semana,Chá Orgânico,12.0,Torta de Limão Siciliano,16.0,Balcão,Crédito,28.0
2026-01-20,Tuesday,0,11,264,Trabalhador,Latte Baunilha,16.0,Croissant Francês,13.0,Balcão,Pix,29.0
2026-01-20,Tuesday,0,7,300,Fim de Semana,Latte Baunilha,16.0,Quiche de Alho Poró,18.0,Delivery,Pix,34.0
2026-01-20,Tuesday,0,15,256,Fim de Semana,Chá Orgânico,12.0,Croissant Francês,13.0,Delivery,Pix,25.0
2026-01-20,Tuesday,0,18,29,Trabalhador,Cold Brew Especial,17.0,Sanduíche Caprese,19.0,Balcão,Crédito,36.0
2026-01-20,Tuesday,0,15,4,Ocasional,Cold Brew Especial,17.0,Croissant Francês,13.0,Delivery,Crédito,30.0
2026-01-20,Tuesday,0,13,201,Trabalhador,Chá Orgânico,12.0,Bolo Red Velvet,15.0,Balcão,Crédito,27.0
2026-01-20,Tuesday,0,9,181,Ocasional,Cold Brew Especial,17.0,Quiche de Alho Poró,18.0,Delivery,Débito,35.0
2026-01-20,Tuesday,0,13,38,Ocasional,Chá Orgânico,12.0,Cookie Artesanal,9.0,Delivery,Crédito,21.0
2026-01-20,Tuesday,0,20,238,Ocasional,Mocha Belga,18.0,Torta de Limão Siciliano,16.0,Delivery,Débito,34.0
2026-01-20,Tuesday,0,12,205,Trabalhador,Espresso Premium,9.5,Quiche de Alho Poró,18.0,Balcão,Débito,27.5
2026-01-20,Tuesday,0,13,223,Trabalhador,Latte Baunilha,16.0,Bolo Red Velvet,15.0,Delivery,Débito,31.0
2026-01-20,Tuesday,0,16,140,Fim de Semana,Latte Baunilha,16.0,Croissant Francês,13.0,Balcão,Débito,29.0
2026-01-20,Tuesday,0,13,171,Ocasional,Cold Brew Especial,17.0,Quiche de Alho Poró,18.0,Delivery,Débito,35.0
2026-01-20,Tuesday,0,19,161,Trabalhador,Cold Brew Especial,17.0,Bolo Red Velvet,15.0,Delivery,Pix,32.0
2026-01-20,Tuesday,0,8,294,Fim de Semana,Cold Brew Especial,17.0,Croissant Francês,13.0,Delivery,Pix,30.0
2026-01-20,Tuesday,0,13,40,Trabalhador,Cold Brew Especial,17.0,Torta de Limão Siciliano,16.0,Delivery,Pix,33.0
2026-01-20,Tuesday,0,18,225,Trabalhador,Chá Orgânico,12.0,Torta de Limão Siciliano,16.0,Balcão,Débito,28.0
2026-01-20,Tuesday,0,12,296,Fim de Semana,Mocha Belga,18.0,Bolo Red Velvet,15.0,Delivery,Crédito,33.0
2026-01-21,Wednesday,0,10,8,Ocasional,Cappuccino Italiano,14.0,Cookie Artesanal,9.0,Balcão,Crédito,23.0
2026-01-21,Wednesday,0,13,97,Fim de Semana,Cappuccino Italiano,14.0,Croissant Francês,13.0,Delivery,Crédito,27.0
2026-01-21,Wednesday,0,9,194,Ocasional,Cold Brew Especial,17.0,Bolo Red Velvet,15.0,Delivery,Débito,32.0
2026-01-21,Wednesday,0,12,10,Trabalhador,Latte Baunilha,16.0,Sanduíche Caprese,19.0,Delivery,Débito,35.0
2026-01-21,Wednesday,0,9,79,Fim de Semana,Cappuccino Italiano,14.0,Cookie Artesanal,9.0,Balcão,Crédito,23.0
2026-01-21,Wednesday,0,10,55,Ocasional,Mocha Belga,18.0,Cookie Artesanal,9.0,Balcão,Pix,27.0
2026-01-21,Wednesday,0,9,232,Fim de Semana,Espresso Premium,9.5,Cookie Artesanal,9.0,Balcão,Pix,18.5
2026-01-21,Wednesday,0,7,28,Fim de Semana,Cappuccino Italiano,14.0,Cookie Artesanal,9.0,Delivery,Pix,23.0
2026-01-21,Wednesday,0,7,282,Trabalhador,Cappuccino Italiano,14.0,Quiche de Alho Poró,18.0,Balcão,Crédito,32.0
2026-01-21,Wednesday,0,13,170,Fim de Semana,Latte Baunilha,16.0,Croissant Francês,13.0,Delivery,Débito,29.0
2026-01-21,Wednesday,0,9,206,Ocasional,Latte Baunilha,16.0,Bolo Red Velvet,15.0,Delivery,Pix,31.0
2026-01-21,Wednesday,0,8,252,Ocasional,Chá Orgânico,12.0,Sanduíche Caprese,19.0,Balcão,Pix,31.0
2026-01-21,Wednesday,0,13,56,Fim de Semana,Latte Baunilha,16.0,Quiche de Alho Poró,18.0,Delivery,Pix,34.0
2026-01-21,Wednesday,0,17,221,Ocasional,Mocha Belga,18.0,Torta de Limão Siciliano,16.0,Delivery,Crédito,34.0
2026-01-21,Wednesday,0,11,4,Trabalhador,Latte Baunilha,16.0,Quiche de Alho Poró,18.0,Delivery,Débito,34.0
2026-01-21,Wednesday,0,20,277,Fim de Semana,Latte Baunilha,16.0,Cookie Artesanal,9.0,Delivery,Crédito,25.0
2026-01-21,Wednesday,0,19,194,Trabalhador,Latte Baunilha,16.0,Sanduíche Caprese,19.0,Balcão,Crédito,35.0
2026-01-21,Wednesday,0,17,133,Fim de Semana,Cold Brew Especial,17.0,Croissant Francês,13.0,Delivery,Débito,30.0
2026-01-21,Wednesday,0,9,35,Fim de Semana,Cold Brew Especial,17.0,Croissant Francês,13.0,Delivery,Pix,30.0
2026-01-21,Wednesday,0,13,107,Fim de Semana,Cappuccino Italiano,14.0,Croissant Francês,13.0,Delivery,Débito,27.0
2026-01-21,Wednesday,0,19,204,Ocasional,Latte Baunilha,16.0,Sanduíche Caprese,19.0,Delivery,Crédito,35.0
2026-01-21,Wednesday,0,12,179,Ocasional,Cappuccino Italiano,14.0,Cookie Artesanal,9.0,Delivery,Pix,23.0
2026-01-21,Wednesday,0,15,232,Trabalhador,Chá Orgânico,12.0,Torta de Limão Siciliano,16.0,Balcão,Pix,28.0
2026-01-21,Wednesday,0,12,121,Trabalhador,Mocha Belga,18.0,Torta de Limão Siciliano,16.0,Balcão,Crédito,34.0
2026-01-21,Wednesday,0,11,31,Fim de Semana,Cold Brew Especial,17.0,Bolo Red Velvet,15.0,Balcão,Crédito,32.0
2026-01-21,Wednesday,0,20,119,Trabalhador,Cold Brew Especial,17.0,Bolo Red Velvet,15.0,Delivery,Crédito,32.0
2026-01-21,Wednesday,0,9,100,Fim de Semana,Espresso Premium,9.5,Quiche de Alho Poró,18.0,Balcão,Crédito,27.5
2026-01-21,Wednesday,0,18,165,Fim de Semana,Cold Brew Especial,17.0,Bolo Red Velvet,15.0,Balcão,Crédito,32.0
2026-01-21,Wednesday,0,10,200,Fim de Semana,Espresso Premium,9.5,Croissant Francês,13.0,Balcão,Crédito,22.5
2026-01-21,Wednesday,0,17,16,Ocasional,Mocha Belga,18.0,Bolo Red Velvet,15.0,Balcão,Crédito,33.0
2026-01-21,Wednesday,0,12,170,Fim de Semana,Cappuccino Italiano,14.0,Bolo Red Velvet,15.0,Delivery,Pix,29.0
2026-01-21,Wednesday,0,12,214,Ocasional,Chá Orgânico,12.0,Sanduíche Caprese,19.0,Delivery,Pix,31.0
2026-01-21,Wednesday,0,11,29,Ocasional,Latte Baunilha,16.0,Bolo Red Velvet,15.0,Delivery,Pix,31.0
2026-01-21,Wednesday,0,14,300,Ocasional,Cold Brew Especial,17.0,Torta de Limão Siciliano,16.0,Delivery,Pix,33.0
2026-01-21,Wednesday,0,13,11,Ocasional,Chá Orgânico,12.0,Croissant Francês,13.0,Balcão,Débito,25.0
2026-01-21,Wednesday,0,16,288,Trabalhador,Latte Baunilha,16.0,Quiche de Alho Poró,18.0,Delivery,Pix,34.0
2026-01-21,Wednesday,0,15,110,Fim de Semana,Cappuccino Italiano,14.0,Cookie Artesanal,9.0,Delivery,Crédito,23.0
2026-01-21,Wednesday,0,8,291,Ocasional,Mocha Belga,18.0,Sanduíche Caprese,19.0,Delivery,Débito,37.0
2026-01-21,Wednesday,0,12,300,Ocasional,Cold Brew Especial,17.0,Bolo Red Velvet,15.0,Delivery,Crédito,32.0
2026-01-21,Wednesday,0,15,37,Ocasional,Latte Baunilha,16.0,Sanduíche Caprese,19.0,Balcão,Crédito,35.0
2026-01-21,Wednesday,0,19,180,Trabalhador,Latte Baunilha,16.0,Cookie Artesanal,9.0,Balcão,Débito,25.0
2026-01-21,Wednesday,0,7,86,Ocasional,Latte Baunilha,16.0,Bolo Red Velvet,15.0,Delivery,Débito,31.0
2026-01-21,Wednesday,0,20,282,Fim de Semana,Cold Brew Especial,17.0,Quiche de Alho Poró,18.0,Delivery,Crédito,35.0
2026-01-21,Wednesday,0,9,195,Ocasional,Latte Baunilha,16.0,Cookie Artesanal,9.0,Balcão,Crédito,25.0
2026-01-21,Wednesday,0,12,29,Ocasional,Cappuccino Italiano,14.0,Sanduíche Caprese,19.0,Balcão,Débito,33.0
2026-01-21,Wednesday,0,19,130,Trabalhador,Espresso Premium,9.5,Cookie Artesanal,9.0,Balcão,Pix,18.5
2026-01-21,Wednesday,0,9,246,Ocasional,Chá Orgânico,12.0,Cookie Artesanal,9.0,Delivery,Débito,21.0
2026-01-21,Wednesday,0,9,79,Trabalhador,Mocha Belga,18.0,Quiche de Alho Poró,18.0,Balcão,Débito,36.0
2026-01-21,Wednesday,0,9,125,Trabalhador,Cold Brew Especial,17.0,Bolo Red Velvet,15.0,Balcão,Débito,32.0
2026-01-21,Wednesday,0,20,125,Ocasional,Mocha Belga,18.0,Croissant Francês,13.0,Delivery,Pix,31.0
2026-01-21,Wednesday,0,13,219,Trabalhador,Cappuccino Italiano,14.0,Torta de Limão Siciliano,16.0,Balcão,Pix,30.0
2026-01-21,Wednesday,0,18,235,Trabalhador,Chá Orgânico,12.0,Cookie Artesanal,9.0,Delivery,Crédito,21.0
2026-01-21,Wednesday,0,8,174,Fim de Semana,Cappuccino Italiano,14.0,Croissant Francês,13.0,Delivery,Crédito,27.0
2026-01-21,Wednesday,0,17,92,Fim de Semana,Latte Baunilha,16.0,Cookie Artesanal,9.0,Balcão,Débito,25.0
2026-01-21,Wednesday,0,9,281,Ocasional,Mocha Belga,18.0,Bolo Red Velvet,15.0,Balcão,Pix,33.0
2026-01-21,Wednesday,0,20,255,Trabalhador,Espresso Premium,9.5,Sanduíche Caprese,19.0,Balcão,Pix,28.5
2026-01-21,Wednesday,0,18,80,Fim de Semana,Cappuccino Italiano,14.0,Torta de Limão Siciliano,16.0,Delivery,Pix,30.0
2026-01-21,Wednesday,0,14,108,Trabalhador,Cappuccino Italiano,14.0,Sanduíche Caprese,19.0,Balcão,Pix,33.0
2026-01-21,Wednesday,0,9,35,Fim de Semana,Chá Orgânico,12.0,Quiche de Alho Poró,18.0,Balcão,Pix,30.0
2026-01-21,Wednesday,0,19,57,Fim de Semana,Cappuccino Italiano,14.0,Sanduíche Caprese,19.0,Balcão,Crédito,33.0
2026-01-21,Wednesday,0,15,39,Ocasional,Latte Baunilha,16.0,Croissant Francês,13.0,Balcão,Pix,29.0
2026-01-21,Wednesday,0,12,147,Trabalhador,Mocha Belga,18.0,Torta de Limão Siciliano,16.0,Balcão,Débito,34.0
2026-01-21,Wednesday,0,15,164,Fim de Semana,Cappuccino Italiano,14.0,Croissant Francês,13.0,Delivery,Débito,27.0
2026-01-21,Wednesday,0,19,180,Ocasional,Espresso Premium,9.5,Bolo Red Velvet,15.0,Balcão,Pix,24.5
2026-01-21,Wednesday,0,12,214,Fim de Semana,Cold Brew Especial,17.0,Cookie Artesanal,9.0,Balcão,Débito,26.0
2026-01-21,Wednesday,0,13,109,Fim de Semana,Latte Baunilha,16.0,Croissant Francês,13.0,Delivery,Crédito,29.0
2026-01-21,Wednesday,0,7,129,Trabalhador,Latte Baunilha,16.0,Quiche de Alho Poró,18.0,Balcão,Crédito,34.0
2026-01-21,Wednesday,0,15,229,Fim de Semana,Espresso Premium,9.5,Cookie Artesanal,9.0,Delivery,Débito,18.5
2026-01-21,Wednesday,0,11,225,Trabalhador,Espresso Premium,9.5,Cookie Artesanal,9.0,Delivery,Crédito,18.5
2026-01-21,Wednesday,0,19,206,Trabalhador,Latte Baunilha,16.0,Bolo Red Velvet,15.0,Delivery,Débito,31.0
2026-01-21,Wednesday,0,15,254,Ocasional,Latte Baunilha,16.0,Torta de Limão Siciliano,16.0,Delivery,Crédito,32.0
2026-01-21,Wednesday,0,14,136,Fim de Semana,Espresso Premium,9.5,Croissant Francês,13.0,Balcão,Débito,22.5
2026-01-21,Wednesday,0,20,87,Trabalhador,Mocha Belga,18.0,Torta de Limão Siciliano,16.0,Delivery,Débito,34.0
2026-01-21,Wednesday,0,17,125,Fim de Semana,Mocha Belga,18.0,Cookie Artesanal,9.0,Balcão,Débito,27.0
2026-01-21,Wednesday,0,20,43,Ocasional,Latte Baunilha,16.0,Cookie Artesanal,9.0,Delivery,Crédito,25.0
2026-01-21,Wednesday,0,9,130,Trabalhador,Espresso Premium,9.5,Sanduíche Caprese,19.0,Delivery,Crédito,28.5
2026-01-21,Wednesday,0,15,217,Ocasional,Cappuccino Italiano,14.0,Croissant Francês,13.0,Delivery,Débito,27.0
2026-01-21,Wednesday,0,7,6,Fim de Semana,Latte Baunilha,16.0,Bolo Red Velvet,15.0,Balcão,Pix,31.0
2026-01-21,Wednesday,0,8,38,Fim de Semana,Mocha Belga,18.0,Bolo Red Velvet,15.0,Balcão,Pix,33.0
2026-01-21,Wednesday,0,16,276,Fim de Semana,Espresso Premium,9.5,Bolo Red Velvet,15.0,Balcão,Pix,24.5
2026-01-21,Wednesday,0,11,144,Trabalhador,Mocha Belga,18.0,Torta de Limão Siciliano,16.0,Delivery,Pix,34.0
2026-01-21,Wednesday,0,10,7,Fim de Semana,Chá Orgânico,12.0,Sanduíche Caprese,19.0,Delivery,Débito,31.0
2026-01-21,Wednesday,0,18,51,Fim de Semana,Latte Baunilha,16.0,Croissant Francês,13.0,Balcão,Crédito,29.0
2026-01-21,Wednesday,0,8,116,Ocasional,Mocha Belga,18.0,Croissant Francês,13.0,Balcão,Débito,31.0
2026-01-21,Wednesday,0,8,299,Trabalhador,Mocha Belga,18.0,Cookie Artesanal,9.0,Delivery,Crédito,27.0
2026-01-22,Thursday,0,17,47,Trabalhador,Mocha Belga,18.0,Sanduíche Caprese,19.0,Delivery,Pix,37.0
2026-01-22,Thursday,0,9,71,Fim de Semana,Mocha Belga,18.0,Croissant Francês,13.0,Balcão,Crédito,31.0
2026-01-22,Thursday,0,17,200,Fim de Semana,Cold Brew Especial,17.0,Cookie Artesanal,9.0,Delivery,Crédito,26.0
2026-01-22,Thursday,0,16,175,Ocasional,Latte Baunilha,16.0,Cookie Artesanal,9.0,Balcão,Pix,25.0
2026-01-22,Thursday,0,18,93,Trabalhador,Chá Orgânico,12.0,Croissant Francês,13.0,Balcão,Crédito,25.0
2026-01-22,Thursday,0,16,209,Ocasional,Cappuccino Italiano,14.0,Quiche de Alho Poró,18.0,Delivery,Pix,32.0
2026-01-22,Thursday,0,11,57,Fim de Semana,Cappuccino Italiano,14.0,Quiche de Alho Poró,18.0,Delivery,Pix,32.0
2026-01-22,Thursday,0,8,8,Trabalhador,Cappuccino Italiano,14.0,Torta de Limão Siciliano,16.0,Balcão,Débito,30.0
2026-01-22,Thursday,0,17,189,Ocasional,Mocha Belga,18.0,Cookie Artesanal,9.0,Balcão,Crédito,27.0
2026-01-22,Thursday,0,16,151,Ocasional,Latte Baunilha,16.0,Sanduíche Caprese,19.0,Delivery,Pix,35.0
2026-01-22,Thursday,0,7,31,Trabalhador,Cold Brew Especial,17.0,Torta de Limão Siciliano,16.0,Delivery,Pix,33.0
2026-01-22,Thursday,0,10,252,Trabalhador,Cold Brew Especial,17.0,Sanduíche Caprese,19.0,Delivery,Pix,36.0
2026-01-22,Thursday,0,16,225,Trabalhador,Mocha Belga,18.0,Quiche de Alho Poró,18.0,Delivery,Pix,36.0
2026-01-22,Thursday,0,12,13,Trabalhador,Cappuccino Italiano,14.0,Bolo Red Velvet,15.0,Delivery,Pix,29.0
2026-01-22,Thursday,0,20,291,Ocasional,Cold Brew Especial,17.0,Quiche de Alho Poró,18.0,Delivery,Crédito,35.0
2026-01-22,Thursday,0,12,54,Ocasional,Cold Brew Especial,17.0,Torta de Limão Siciliano,16.0,Balcão,Crédito,33.0
2026-01-22,Thursday,0,12,39,Fim de Semana,Cappuccino Italiano,14.0,Torta de Limão Siciliano,16.0,Balcão,Crédito,30.0
2026-01-22,Thursday,0,17,188,Trabalhador,Cappuccino Italiano,14.0,Croissant Francês,13.0,Balcão,Crédito,27.0
2026-01-22,Thursday,0,19,240,Ocasional,Cappuccino Italiano,14.0,Bolo Red Velvet,15.0,Delivery,Pix,29.0
2026-01-22,Thursday,0,8,179,Trabalhador,Cappuccino Italiano,14.0,Bolo Red Velvet,15.0,Delivery,Crédito,29.0
2026-01-22,Thursday,0,11,115,Trabalhador,Espresso Premium,9.5,Croissant Francês,13.0,Balcão,Pix,22.5
2026-01-22,Thursday,0,18,294,Fim de Semana,Cappuccino Italiano,14.0,Torta de Limão Siciliano,16.0,Balcão,Débito,30.0
2026-01-22,Thursday,0,16,250,Ocasional,Latte Baunilha,16.0,Cookie Artesanal,9.0,Delivery,Débito,25.0
2026-01-22,Thursday,0,18,117,Ocasional,Cold Brew Especial,17.0,Torta de Limão Siciliano,16.0,Balcão,Crédito,33.0
2026-01-22,Thursday,0,13,62,Ocasional,Espresso Premium,9.5,Torta de Limão Siciliano,16.0,Balcão,Crédito,25.5
2026-01-22,Thursday,0,12,261,Trabalhador,Mocha Belga,18.0,Sanduíche Caprese,19.0,Delivery,Débito,37.0
2026-01-22,Thursday,0,13,77,Ocasional,Cold Brew Especial,17.0,Torta de Limão Siciliano,16.0,Delivery,Pix,33.0
2026-01-22,Thursday,0,20,43,Fim de Semana,Latte Baunilha,16.0,Sanduíche Caprese,19.0,Balcão,Crédito,35.0
2026-01-22,Thursday,0,14,95,Ocasional,Espresso Premium,9.5,Bolo Red Velvet,15.0,Balcão,Crédito,24.5
2026-01-22,Thursday,0,19,19,Trabalhador,Chá Orgânico,12.0,Bolo Red Velvet,15.0,Delivery,Pix,27.0
2026-01-22,Thursday,0,15,88,Trabalhador,Latte Baunilha,16.0,Torta de Limão Siciliano,16.0,Balcão,Pix,32.0
2026-01-22,Thursday,0,9,139,Fim de Semana,Cold Brew Especial,17.0,Bolo Red Velvet,15.0,Balcão,Débito,32.0
2026-01-22,Thursday,0,7,113,Ocasional,Chá Orgânico,12.0,Quiche de Alho Poró,18.0,Balcão,Pix,30.0
2026-01-22,Thursday,0,18,66,Ocasional,Chá Orgânico,12.0,Sanduíche Caprese,19.0,Delivery,Crédito,31.0
2026-01-22,Thursday,0,12,171,Ocasional,Espresso Premium,9.5,Torta de Limão Siciliano,16.0,Delivery,Crédito,25.5
2026-01-22,Thursday,0,14,38,Fim de Semana,Chá Orgânico,12.0,Bolo Red Velvet,15.0,Delivery,Débito,27.0
2026-01-22,Thursday,0,13,118,Fim de Semana,Espresso Premium,9.5,Bolo Red Velvet,15.0,Balcão,Pix,24.5
2026-01-22,Thursday,0,15,138,Ocasional,Chá Orgânico,12.0,Sanduíche Caprese,19.0,Delivery,Débito,31.0
2026-01-22,Thursday,0,7,15,Fim de Semana,Cold Brew Especial,17.0,Cookie Artesanal,9.0,Balcão,Pix,26.0
2026-01-22,Thursday,0,9,110,Ocasional,Espresso Premium,9.5,Torta de Limão Siciliano,16.0,Delivery,Pix,25.5
2026-01-22,Thursday,0,8,244,Ocasional,Cold Brew Especial,17.0,Bolo Red Velvet,15.0,Balcão,Pix,32.0
2026-01-22,Thursday,0,15,242,Fim de Semana,Cold Brew Especial,17.0,Cookie Artesanal,9.0,Delivery,Crédito,26.0
2026-01-22,Thursday,0,20,290,Trabalhador,Latte Baunilha,16.0,Bolo Red Velvet,15.0,Delivery,Crédito,31.0
2026-01-22,Thursday,0,10,290,Ocasional,Mocha Belga,18.0,Bolo Red Velvet,15.0,Balcão,Débito,33.0
2026-01-22,Thursday,0,9,244,Trabalhador,Mocha Belga,18.0,Sanduíche Caprese,19.0,Balcão,Crédito,37.0
2026-01-22,Thursday,0,7,268,Trabalhador,Cappuccino Italiano,14.0,Sanduíche Caprese,19.0,Delivery,Pix,33.0
2026-01-22,Thursday,0,16,43,Ocasional,Mocha Belga,18.0,Croissant Francês,13.0,Delivery,Pix,31.0
2026-01-22,Thursday,0,13,222,Trabalhador,Cappuccino Italiano,14.0,Sanduíche Caprese,19.0,Delivery,Pix,33.0
2026-01-22,Thursday,0,19,109,Trabalhador,Cold Brew Especial,17.0,Bolo Red Velvet,15.0,Balcão,Débito,32.0
2026-01-22,Thursday,0,20,204,Trabalhador,Espresso Premium,9.5,Quiche de Alho Poró,18.0,Delivery,Débito,27.5
2026-01-22,Thursday,0,8,114,Ocasional,Cappuccino Italiano,14.0,Croissant Francês,13.0,Delivery,Crédito,27.0
2026-01-22,Thursday,0,13,189,Ocasional,Chá Orgânico,12.0,Torta de Limão Siciliano,16.0,Balcão,Débito,28.0
2026-01-22,Thursday,0,19,222,Fim de Semana,Cappuccino Italiano,14.0,Quiche de Alho Poró,18.0,Balcão,Débito,32.0
2026-01-22,Thursday,0,14,239,Ocasional,Mocha Belga,18.0,Quiche de Alho Poró,18.0,Delivery,Débito,36.0
2026-01-22,Thursday,0,17,109,Trabalhador,Cold Brew Especial,17.0,Croissant Francês,13.0,Balcão,Crédito,30.0
2026-01-22,Thursday,0,11,194,Ocasional,Cappuccino Italiano,14.0,Bolo Red Velvet,15.0,Delivery,Crédito,29.0
2026-01-22,Thursday,0,18,297,Trabalhador,Mocha Belga,18.0,Cookie Artesanal,9.0,Balcão,Crédito,27.0
2026-01-22,Thursday,0,8,10,Ocasional,Espresso Premium,9.5,Torta de Limão Siciliano,16.0,Delivery,Crédito,25.5
2026-01-22,Thursday,0,14,21,Trabalhador,Cold Brew Especial,17.0,Cookie Artesanal,9.0,Balcão,Pix,26.0
2026-01-22,Thursday,0,18,146,Fim de Semana,Espresso Premium,9.5,Torta de Limão Siciliano,16.0,Balcão,Crédito,25.5
2026-01-22,Thursday,0,8,47,Trabalhador,Chá Orgânico,12.0,Croissant Francês,13.0,Balcão,Pix,25.0
2026-01-22,Thursday,0,7,64,Fim de Semana,Mocha Belga,18.0,Croissant Francês,13.0,Balcão,Pix,31.0
2026-01-22,Thursday,0,18,211,Fim de Semana,Latte Baunilha,16.0,Quiche de Alho Poró,18.0,Balcão,Pix,34.0
2026-01-22,Thursday,0,19,267,Ocasional,Chá Orgânico,12.0,Quiche de Alho Poró,18.0,Delivery,Pix,30.0
2026-01-22,Thursday,0,19,15,Fim de Semana,Latte Baunilha,16.0,Quiche de Alho Poró,18.0,Balcão,Débito,34.0
2026-01-22,Thursday,0,9,68,Ocasional,Espresso Premium,9.5,Bolo Red Velvet,15.0,Balcão,Débito,24.5
2026-01-22,Thursday,0,11,249,Ocasional,Latte Baunilha,16.0,Quiche de Alho Poró,18.0,Balcão,Crédito,34.0
2026-01-22,Thursday,0,9,196,Ocasional,Mocha Belga,18.0,Bolo Red Velvet,15.0,Balcão,Pix,33.0
2026-01-22,Thursday,0,18,175,Trabalhador,Cappuccino Italiano,14.0,Sanduíche Caprese,19.0,Balcão,Crédito,33.0
2026-01-22,Thursday,0,19,125,Ocasional,Espresso Premium,9.5,Sanduíche Caprese,19.0,Delivery,Débito,28.5
2026-01-22,Thursday,0,7,109,Fim de Semana,Cappuccino Italiano,14.0,Bolo Red Velvet,15.0,Balcão,Débito,29.0
2026-01-22,Thursday,0,12,150,Fim de Semana,Espresso Premium,9.5,Cookie Artesanal,9.0,Balcão,Crédito,18.5
2026-01-22,Thursday,0,11,47,Ocasional,Latte Baunilha,16.0,Cookie Artesanal,9.0,Delivery,Pix,25.0
2026-01-22,Thursday,0,11,275,Fim de Semana,Chá Orgânico,12.0,Bolo Red Velvet,15.0,Balcão,Crédito,27.0
2026-01-23,Friday,0,10,210,Ocasional,Latte Baunilha,16.0,Croissant Francês,13.0,Balcão,Pix,29.0
2026-01-23,Friday,0,10,215,Fim de Semana,Mocha Belga,18.0,Quiche de Alho Poró,18.0,Delivery,Débito,36.0
2026-01-23,Friday,0,20,189,Trabalhador,Mocha Belga,18.0,Bolo Red Velvet,15.0,Delivery,Débito,33.0
2026-01-23,Friday,0,15,132,Trabalhador,Mocha Belga,18.0,Torta de Limão Siciliano,16.0,Delivery,Crédito,34.0
2026-01-23,Friday,0,12,161,Trabalhador,Cappuccino Italiano,14.0,Bolo Red Velvet,15.0,Balcão,Débito,29.0
2026-01-23,Friday,0,19,222,Fim de Semana,Cappuccino Italiano,14.0,Bolo Red Velvet,15.0,Balcão,Crédito,29.0
2026-01-23,Friday,0,18,255,Trabalhador,Latte Baunilha,16.0,Sanduíche Caprese,19.0,Balcão,Pix,35.0
2026-01-23,Friday,0,16,78,Fim de Semana,Mocha Belga,18.0,Quiche de Alho Poró,18.0,Delivery,Crédito,36.0
2026-01-23,Friday,0,15,199,Fim de Semana,Espresso Premium,9.5,Sanduíche Caprese,19.0,Delivery,Crédito,28.5
2026-01-23,Friday,0,12,107,Trabalhador,Cappuccino Italiano,14.0,Cookie Artesanal,9.0,Balcão,Débito,23.0
2026-01-23,Friday,0,7,54,Trabalhador,Cold Brew Especial,17.0,Torta de Limão Siciliano,16.0,Balcão,Débito,33.0
2026-01-23,Friday,0,10,212,Fim de Semana,Latte Baunilha,16.0,Croissant Francês,13.0,Balcão,Crédito,29.0
2026-01-23,Friday,0,10,286,Fim de Semana,Chá Orgânico,12.0,Quiche de Alho Poró,18.0,Balcão,Crédito,30.0
2026-01-23,Friday,0,15,161,Trabalhador,Cold Brew Especial,17.0,Croissant Francês,13.0,Delivery,Crédito,30.0
2026-01-23,Friday,0,8,222,Trabalhador,Latte Baunilha,16.0,Croissant Francês,13.0,Balcão,Pix,29.0
2026-01-23,Friday,0,19,54,Trabalhador,Cappuccino Italiano,14.0,Cookie Artesanal,9.0,Delivery,Débito,23.0
2026-01-23,Friday,0,15,76,Ocasional,Latte Baunilha,16.0,Torta de Limão Siciliano,16.0,Delivery,Pix,32.0
2026-01-23,Friday,0,13,107,Trabalhador,Mocha Belga,18.0,Quiche de Alho Poró,18.0,Balcão,Pix,36.0
2026-01-23,Friday,0,20,214,Fim de Semana,Espresso Premium,9.5,Torta de Limão Siciliano,16.0,Delivery,Crédito,25.5
2026-01-23,Friday,0,20,49,Trabalhador,Chá Orgânico,12.0,Sanduíche Caprese,19.0,Delivery,Crédito,31.0
2026-01-23,Friday,0,12,142,Ocasional,Mocha Belga,18.0,Quiche de Alho Poró,18.0,Delivery,Pix,36.0
2026-01-23,Friday,0,10,163,Fim de Semana,Latte Baunilha,16.0,Torta de Limão Siciliano,16.0,Balcão,Crédito,32.0
2026-01-23,Friday,0,14,234,Ocasional,Cappuccino Italiano,14.0,Bolo Red Velvet,15.0,Balcão,Débito,29.0
2026-01-23,Friday,0,13,229,Trabalhador,Espresso Premium,9.5,Cookie Artesanal,9.0,Delivery,Débito,18.5
2026-01-23,Friday,0,18,153,Fim de Semana,Chá Orgânico,12.0,Sanduíche Caprese,19.0,Balcão,Crédito,31.0
2026-01-23,Friday,0,20,170,Trabalhador,Latte Baunilha,16.0,Quiche de Alho Poró,18.0,Delivery,Débito,34.0
2026-01-23,Friday,0,15,267,Ocasional,Chá Orgânico,12.0,Bolo Red Velvet,15.0,Delivery,Débito,27.0
2026-01-23,Friday,0,13,267,Ocasional,Cappuccino Italiano,14.0,Bolo Red Velvet,15.0,Balcão,Débito,29.0
2026-01-23,Friday,0,18,13,Ocasional,Cappuccino Italiano,14.0,Bolo Red Velvet,15.0,Delivery,Débito,29.0
2026-01-23,Friday,0,8,11,Ocasional,Chá Orgânico,12.0,Croissant Francês,13.0,Delivery,Débito,25.0
2026-01-23,Friday,0,16,229,Trabalhador,Cappuccino Italiano,14.0,Cookie Artesanal,9.0,Balcão,Débito,23.0
2026-01-23,Friday,0,20,97,Trabalhador,Chá Orgânico,12.0,Croissant Francês,13.0,Balcão,Pix,25.0
2026-01-23,Friday,0,17,47,Fim de Semana,Mocha Belga,18.0,Croissant Francês,13.0,Delivery,Crédito,31.0
2026-01-23,Friday,0,19,206,Trabalhador,Cold Brew Especial,17.0,Bolo Red Velvet,15.0,Delivery,Crédito,32.0
2026-01-23,Friday,0,14,172,Trabalhador,Espresso Premium,9.5,Cookie Artesanal,9.0,Balcão,Débito,18.5
2026-01-23,Friday,0,11,193,Trabalhador,Espresso Premium,9.5,Croissant Francês,13.0,Balcão,Crédito,22.5
2026-01-23,Friday,0,19,6,Trabalhador,Latte Baunilha,16.0,Cookie Artesanal,9.0,Balcão,Crédito,25.0
2026-01-23,Friday,0,20,257,Ocasional,Mocha Belga,18.0,Cookie Artesanal,9.0,Balcão,Débito,27.0
2026-01-23,Friday,0,8,260,Fim de Semana,Cold Brew Especial,17.0,Torta de Limão Siciliano,16.0,Delivery,Débito,33.0
2026-01-23,Friday,0,12,77,Trabalhador,Cold Brew Especial,17.0,Torta de Limão Siciliano,16.0,Balcão,Crédito,33.0
2026-01-23,Friday,0,12,79,Trabalhador,Cappuccino Italiano,14.0,Cookie Artesanal,9.0,Delivery,Pix,23.0
2026-01-23,Friday,0,20,208,Ocasional,Latte Baunilha,16.0,Quiche de Alho Poró,18.0,Delivery,Débito,34.0
2026-01-23,Friday,0,8,80,Trabalhador,Espresso Premium,9.5,Bolo Red Velvet,15.0,Balcão,Débito,24.5
2026-01-23,Friday,0,13,21,Trabalhador,Mocha Belga,18.0,Croissant Francês,13.0,Delivery,Pix,31.0
2026-01-23,Friday,0,18,243,Trabalhador,Cappuccino Italiano,14.0,Torta de Limão Siciliano,16.0,Delivery,Crédito,30.0
2026-01-23,Friday,0,12,221,Fim de Semana,Cappuccino Italiano,14.0,Croissant Francês,13.0,Balcão,Débito,27.0
2026-01-23,Friday,0,7,222,Fim de Semana,Cold Brew Especial,17.0,Torta de Limão Siciliano,16.0,Balcão,Pix,33.0
2026-01-23,Friday,0,16,119,Ocasional,Latte Baunilha,16.0,Bolo Red Velvet,15.0,Balcão,Pix,31.0
2026-01-23,Friday,0,8,160,Trabalhador,Cappuccino Italiano,14.0,Cookie Artesanal,9.0,Balcão,Pix,23.0
2026-01-23,Friday,0,12,105,Ocasional,Espresso Premium,9.5,Bolo Red Velvet,15.0,Balcão,Crédito,24.5
2026-01-23,Friday,0,13,141,Ocasional,Chá Orgânico,12.0,Cookie Artesanal,9.0,Balcão,Débito,21.0
2026-01-23,Friday,0,9,9,Ocasional,Chá Orgânico,12.0,Quiche de Alho Poró,18.0,Delivery,Débito,30.0
2026-01-23,Friday,0,14,49,Trabalhador,Chá Orgânico,12.0,Sanduíche Caprese,19.0,Delivery,Crédito,31.0
2026-01-23,Friday,0,13,64,Trabalhador,Mocha Belga,18.0,Croissant Francês,13.0,Delivery,Débito,31.0
2026-01-23,Friday,0,9,80,Ocasional,Espresso Premium,9.5,Cookie Artesanal,9.0,Balcão,Pix,18.5
2026-01-23,Friday,0,18,49,Fim de Semana,Chá Orgânico,12.0,Bolo Red Velvet,15.0,Balcão,Pix,27.0
2026-01-23,Friday,0,8,59,Trabalhador,Espresso Premium,9.5,Croissant Francês,13.0,Delivery,Débito,22.5
2026-01-23,Friday,0,16,65,Fim de Semana,Cold Brew Especial,17.0,Quiche de Alho Poró,18.0,Balcão,Crédito,35.0
2026-01-23,Friday,0,9,149,Fim de Semana,Mocha Belga,18.0,Bolo Red Velvet,15.0,Balcão,Crédito,33.0
2026-01-23,Friday,0,7,146,Fim de Semana,Espresso Premium,9.5,Croissant Francês,13.0,Balcão,Débito,22.5
2026-01-23,Friday,0,16,84,Fim de Semana,Latte Baunilha,16.0,Sanduíche Caprese,19.0,Delivery,Débito,35.0
2026-01-23,Friday,0,8,201,Ocasional,Chá Orgânico,12.0,Torta de Limão Siciliano,16.0,Delivery,Pix,28.0
2026-01-23,Friday,0,14,96,Trabalhador,Cappuccino Italiano,14.0,Torta de Limão Siciliano,16.0,Balcão,Débito,30.0
2026-01-23,Friday,0,10,41,Fim de Semana,Espresso Premium,9.5,Quiche de Alho Poró,18.0,Delivery,Crédito,27.5
2026-01-23,Friday,0,16,3,Ocasional,Cold Brew Especial,17.0,Sanduíche Caprese,19.0,Balcão,Débito,36.0
2026-01-23,Friday,0,15,46,Trabalhador,Espresso Premium,9.5,Croissant Francês,13.0,Delivery,Débito,22.5
2026-01-23,Friday,0,11,79,Trabalhador,Cappuccino Italiano,14.0,Torta de Limão Siciliano,16.0,Balcão,Crédito,30.0
2026-01-23,Friday,0,9,36,Ocasional,Chá Orgânico,12.0,Quiche de Alho Poró,18.0,Balcão,Pix,30.0
2026-01-23,Friday,0,8,207,Fim de Semana,Cold Brew Especial,17.0,Torta de Limão Siciliano,16.0,Balcão,Débito,33.0
2026-01-23,Friday,0,17,248,Trabalhador,Mocha Belga,18.0,Quiche de Alho Poró,18.0,Delivery,Débito,36.0
2026-01-23,Friday,0,11,245,Ocasional,Latte Baunilha,16.0,Torta de Limão Siciliano,16.0,Delivery,Pix,32.0
2026-01-23,Friday,0,11,49,Trabalhador,Espresso Premium,9.5,Quiche de Alho Poró,18.0,Balcão,Pix,27.5
2026-01-24,Saturday,1,9,70,Trabalhador,Latte Baunilha,16.0,Croissant Francês,13.0,Delivery,Débito,29.0
2026-01-24,Saturday,1,8,58,Trabalhador,Chá Orgânico,12.0,Bolo Red Velvet,15.0,Balcão,Pix,27.0
2026-01-24,Saturday,1,16,240,Fim de Semana,Chá Orgânico,12.0,Torta de Limão Siciliano,16.0,Balcão,Pix,28.0
2026-01-24,Saturday,1,12,89,Trabalhador,Espresso Premium,9.5,Cookie Artesanal,9.0,Delivery,Débito,18.5
2026-01-24,Saturday,1,10,275,Trabalhador,Espresso Premium,9.5,Bolo Red Velvet,15.0,Delivery,Crédito,24.5
2026-01-24,Saturday,1,12,156,Trabalhador,Latte Baunilha,16.0,Croissant Francês,13.0,Delivery,Débito,29.0
2026-01-24,Saturday,1,14,134,Ocasional,Cold Brew Especial,17.0,Croissant Francês,13.0,Balcão,Crédito,30.0
2026-01-24,Saturday,1,20,17,Ocasional,Espresso Premium,9.5,Quiche de Alho Poró,18.0,Balcão,Crédito,27.5
2026-01-24,Saturday,1,20,15,Ocasional,Cappuccino Italiano,14.0,Torta de Limão Siciliano,16.0,Delivery,Pix,30.0
2026-01-24,Saturday,1,13,189,Trabalhador,Cappuccino Italiano,14.0,Cookie Artesanal,9.0,Delivery,Pix,23.0
2026-01-24,Saturday,1,9,177,Fim de Semana,Cappuccino Italiano,14.0,Torta de Limão Siciliano,16.0,Delivery,Pix,30.0
2026-01-24,Saturday,1,19,217,Trabalhador,Chá Orgânico,12.0,Torta de Limão Siciliano,16.0,Balcão,Crédito,28.0
2026-01-24,Saturday,1,19,23,Ocasional,Cappuccino Italiano,14.0,Quiche de Alho Poró,18.0,Balcão,Crédito,32.0
2026-01-24,Saturday,1,17,187,Fim de Semana,Latte Baunilha,16.0,Sanduíche Caprese,19.0,Balcão,Crédito,35.0
2026-01-24,Saturday,1,12,56,Ocasional,Mocha Belga,18.0,Croissant Francês,13.0,Delivery,Débito,31.0
2026-01-24,Saturday,1,14,171,Fim de Semana,Cold Brew Especial,17.0,Quiche de Alho Poró,18.0,Balcão,Crédito,35.0
2026-01-24,Saturday,1,7,285,Ocasional,Cappuccino Italiano,14.0,Bolo Red Velvet,15.0,Delivery,Pix,29.0
2026-01-24,Saturday,1,18,20,Trabalhador,Chá Orgânico,12.0,Croissant Francês,13.0,Balcão,Débito,25.0
2026-01-24,Saturday,1,13,202,Fim de Semana,Latte Baunilha,16.0,Cookie Artesanal,9.0,Balcão,Débito,25.0
2026-01-24,Saturday,1,10,223,Ocasional,Chá Orgânico,12.0,Sanduíche Caprese,19.0,Delivery,Débito,31.0
2026-01-24,Saturday,1,20,278,Trabalhador,Cold Brew Especial,17.0,Bolo Red Velvet,15.0,Delivery,Pix,32.0
2026-01-24,Saturday,1,19,55,Ocasional,Cold Brew Especial,17.0,Croissant Francês,13.0,Delivery,Pix,30.0
2026-01-24,Saturday,1,17,31,Fim de Semana,Mocha Belga,18.0,Torta de Limão Siciliano,16.0,Delivery,Crédito,34.0
2026-01-24,Saturday,1,18,103,Trabalhador,Cold Brew Especial,17.0,Cookie Artesanal,9.0,Balcão,Pix,26.0
2026-01-24,Saturday,1,9,266,Fim de Semana,Cappuccino Italiano,14.0,Croissant Francês,13.0,Delivery,Crédito,27.0
2026-01-24,Saturday,1,8,242,Trabalhador,Mocha Belga,18.0,Cookie Artesanal,9.0,Balcão,Pix,27.0
2026-01-24,Saturday,1,19,246,Trabalhador,Latte Baunilha,16.0,Croissant Francês,13.0,Delivery,Débito,29.0
2026-01-24,Saturday,1,7,192,Trabalhador,Chá Orgânico,12.0,Torta de Limão Siciliano,16.0,Delivery,Pix,28.0
2026-01-24,Saturday,1,20,239,Trabalhador,Cappuccino Italiano,14.0,Quiche de Alho Poró,18.0,Delivery,Débito,32.0
2026-01-24,Saturday,1,14,144,Trabalhador,Cappuccino Italiano,14.0,Bolo Red Velvet,15.0,Delivery,Crédito,29.0
2026-01-24,Saturday,1,7,133,Trabalhador,Cold Brew Especial,17.0,Croissant Francês,13.0,Balcão,Débito,30.0
2026-01-24,Saturday,1,18,11,Trabalhador,Chá Orgânico,12.0,Croissant Francês,13.0,Delivery,Pix,25.0
2026-01-24,Saturday,1,10,264,Ocasional,Chá Orgânico,12.0,Croissant Francês,13.0,Delivery,Pix,25.0
2026-01-24,Saturday,1,8,234,Trabalhador,Mocha Belga,18.0,Sanduíche Caprese,19.0,Delivery,Pix,37.0
2026-01-24,Saturday,1,16,116,Trabalhador,Chá Orgânico,12.0,Bolo Red Velvet,15.0,Balcão,Débito,27.0
2026-01-24,Saturday,1,18,10,Ocasional,Mocha Belga,18.0,Cookie Artesanal,9.0,Delivery,Débito,27.0
2026-01-24,Saturday,1,8,174,Fim de Semana,Chá Orgânico,12.0,Quiche de Alho Poró,18.0,Delivery,Pix,30.0
2026-01-24,Saturday,1,15,160,Trabalhador,Cold Brew Especial,17.0,Bolo Red Velvet,15.0,Balcão,Pix,32.0
2026-01-24,Saturday,1,16,250,Fim de Semana,Cappuccino Italiano,14.0,Quiche de Alho Poró,18.0,Balcão,Crédito,32.0
2026-01-24,Saturday,1,18,75,Trabalhador,Chá Orgânico,12.0,Bolo Red Velvet,15.0,Delivery,Crédito,27.0
2026-01-24,Saturday,1,15,150,Trabalhador,Cold Brew Especial,17.0,Cookie Artesanal,9.0,Delivery,Pix,26.0
2026-01-24,Saturday,1,19,232,Trabalhador,Chá Orgânico,12.0,Sanduíche Caprese,19.0,Balcão,Débito,31.0
2026-01-24,Saturday,1,15,52,Trabalhador,Cold Brew Especial,17.0,Torta de Limão Siciliano,16.0,Balcão,Crédito,33.0
2026-01-24,Saturday,1,15,73,Trabalhador,Cold Brew Especial,17.0,Cookie Artesanal,9.0,Delivery,Débito,26.0
2026-01-24,Saturday,1,15,162,Ocasional,Cappuccino Italiano,14.0,Croissant Francês,13.0,Delivery,Crédito,27.0
2026-01-24,Saturday,1,13,101,Trabalhador,Espresso Premium,9.5,Croissant Francês,13.0,Balcão,Crédito,22.5
2026-01-24,Saturday,1,13,96,Fim de Semana,Cappuccino Italiano,14.0,Croissant Francês,13.0,Balcão,Crédito,27.0
2026-01-24,Saturday,1,7,7,Ocasional,Mocha Belga,18.0,Sanduíche Caprese,19.0,Balcão,Pix,37.0
2026-01-24,Saturday,1,19,135,Ocasional,Mocha Belga,18.0,Sanduíche Caprese,19.0,Balcão,Débito,37.0
2026-01-24,Saturday,1,18,40,Fim de Semana,Cold Brew Especial,17.0,Quiche de Alho Poró,18.0,Delivery,Débito,35.0
2026-01-24,Saturday,1,13,39,Ocasional,Mocha Belga,18.0,Quiche de Alho Poró,18.0,Balcão,Crédito,36.0
2026-01-24,Saturday,1,19,219,Fim de Semana,Espresso Premium,9.5,Torta de Limão Siciliano,16.0,Delivery,Pix,25.5
2026-01-24,Saturday,1,13,266,Trabalhador,Mocha Belga,18.0,Croissant Francês,13.0,Balcão,Débito,31.0
2026-01-24,Saturday,1,18,69,Ocasional,Cold Brew Especial,17.0,Bolo Red Velvet,15.0,Balcão,Pix,32.0
2026-01-24,Saturday,1,17,290,Ocasional,Mocha Belga,18.0,Cookie Artesanal,9.0,Delivery,Débito,27.0
2026-01-24,Saturday,1,7,33,Ocasional,Cappuccino Italiano,14.0,Torta de Limão Siciliano,16.0,Delivery,Crédito,30.0
2026-01-24,Saturday,1,16,202,Fim de Semana,Mocha Belga,18.0,Torta de Limão Siciliano,16.0,Delivery,Crédito,34.0
2026-01-24,Saturday,1,17,3,Fim de Semana,Latte Baunilha,16.0,Croissant Francês,13.0,Balcão,Crédito,29.0
2026-01-24,Saturday,1,19,27,Ocasional,Mocha Belga,18.0,Croissant Francês,13.0,Delivery,Pix,31.0
2026-01-24,Saturday,1,14,281,Trabalhador,Mocha Belga,18.0,Cookie Artesanal,9.0,Delivery,Pix,27.0
2026-01-24,Saturday,1,11,176,Ocasional,Mocha Belga,18.0,Bolo Red Velvet,15.0,Delivery,Débito,33.0
2026-01-24,Saturday,1,16,35,Ocasional,Chá Orgânico,12.0,Torta de Limão Siciliano,16.0,Balcão,Débito,28.0
2026-01-24,Saturday,1,16,247,Trabalhador,Latte Baunilha,16.0,Cookie Artesanal,9.0,Balcão,Débito,25.0
2026-01-24,Saturday,1,11,107,Trabalhador,Latte Baunilha,16.0,Cookie Artesanal,9.0,Balcão,Débito,25.0
2026-01-24,Saturday,1,17,66,Trabalhador,Latte Baunilha,16.0,Cookie Artesanal,9.0,Balcão,Pix,25.0
2026-01-24,Saturday,1,14,201,Trabalhador,Chá Orgânico,12.0,Quiche de Alho Poró,18.0,Delivery,Crédito,30.0
2026-01-24,Saturday,1,9,103,Ocasional,Cappuccino Italiano,14.0,Torta de Limão Siciliano,16.0,Delivery,Débito,30.0
2026-01-24,Saturday,1,16,155,Fim de Semana,Chá Orgânico,12.0,Bolo Red Velvet,15.0,Delivery,Pix,27.0
2026-01-24,Saturday,1,15,192,Fim de Semana,Cold Brew Especial,17.0,Torta de Limão Siciliano,16.0,Balcão,Pix,33.0
2026-01-24,Saturday,1,19,209,Ocasional,Latte Baunilha,16.0,Bolo Red Velvet,15.0,Balcão,Débito,31.0
2026-01-24,Saturday,1,8,224,Ocasional,Espresso Premium,9.5,Cookie Artesanal,9.0,Balcão,Crédito,18.5
2026-01-24,Saturday,1,12,41,Ocasional,Cappuccino Italiano,14.0,Cookie Artesanal,9.0,Delivery,Débito,23.0
2026-01-25,Sunday,1,12,100,Ocasional,Cappuccino Italiano,14.0,Bolo Red Velvet,15.0,Balcão,Crédito,29.0
2026-01-25,Sunday,1,16,13,Ocasional,Mocha Belga,18.0,Bolo Red Velvet,15.0,Delivery,Crédito,33.0
2026-01-25,Sunday,1,14,82,Trabalhador,Latte Baunilha,16.0,Quiche de Alho Poró,18.0,Balcão,Pix,34.0
2026-01-25,Sunday,1,9,19,Trabalhador,Cappuccino Italiano,14.0,Sanduíche Caprese,19.0,Balcão,Crédito,33.0
2026-01-25,Sunday,1,17,79,Trabalhador,Cold Brew Especial,17.0,Quiche de Alho Poró,18.0,Balcão,Débito,35.0
2026-01-25,Sunday,1,11,100,Fim de Semana,Mocha Belga,18.0,Quiche de Alho Poró,18.0,Delivery,Crédito,36.0
2026-01-25,Sunday,1,13,235,Trabalhador,Latte Baunilha,16.0,Quiche de Alho Poró,18.0,Delivery,Crédito,34.0
2026-01-25,Sunday,1,15,46,Trabalhador,Cappuccino Italiano,14.0,Croissant Francês,13.0,Balcão,Crédito,27.0
2026-01-25,Sunday,1,13,275,Trabalhador,Chá Orgânico,12.0,Sanduíche Caprese,19.0,Balcão,Crédito,31.0
2026-01-25,Sunday,1,20,13,Fim de Semana,Cappuccino Italiano,14.0,Cookie Artesanal,9.0,Delivery,Crédito,23.0
2026-01-25,Sunday,1,11,22,Fim de Semana,Mocha Belga,18.0,Bolo Red Velvet,15.0,Delivery,Crédito,33.0
2026-01-25,Sunday,1,10,209,Ocasional,Mocha Belga,18.0,Cookie Artesanal,9.0,Delivery,Crédito,27.0
2026-01-25,Sunday,1,9,255,Ocasional,Mocha Belga,18.0,Cookie Artesanal,9.0,Delivery,Débito,27.0
2026-01-25,Sunday,1,7,63,Ocasional,Cappuccino Italiano,14.0,Quiche de Alho Poró,18.0,Delivery,Pix,32.0
2026-01-25,Sunday,1,15,142,Trabalhador,Latte Baunilha,16.0,Croissant Francês,13.0,Balcão,Débito,29.0
2026-01-25,Sunday,1,13,248,Trabalhador,Espresso Premium,9.5,Quiche de Alho Poró,18.0,Delivery,Débito,27.5
2026-01-25,Sunday,1,10,4,Trabalhador,Chá Orgânico,12.0,Croissant Francês,13.0,Delivery,Crédito,25.0
2026-01-25,Sunday,1,9,212,Fim de Semana,Chá Orgânico,12.0,Torta de Limão Siciliano,16.0,Balcão,Débito,28.0
2026-01-25,Sunday,1,13,272,Fim de Semana,Espresso Premium,9.5,Sanduíche Caprese,19.0,Balcão,Débito,28.5
2026-01-25,Sunday,1,17,242,Fim de Semana,Cappuccino Italiano,14.0,Quiche de Alho Poró,18.0,Balcão,Débito,32.0
2026-01-25,Sunday,1,8,243,Fim de Semana,Cappuccino Italiano,14.0,Cookie Artesanal,9.0,Delivery,Crédito,23.0
2026-01-25,Sunday,1,18,216,Fim de Semana,Espresso Premium,9.5,Bolo Red Velvet,15.0,Delivery,Débito,24.5
2026-01-25,Sunday,1,8,65,Fim de Semana,Cappuccino Italiano,14.0,Croissant Francês,13.0,Balcão,Pix,27.0
2026-01-25,Sunday,1,9,196,Fim de Semana,Chá Orgânico,12.0,Croissant Francês,13.0,Delivery,Débito,25.0
2026-01-25,Sunday,1,15,40,Fim de Semana,Cappuccino Italiano,14.0,Quiche de Alho Poró,18.0,Delivery,Crédito,32.0
2026-01-25,Sunday,1,14,144,Fim de Semana,Espresso Premium,9.5,Torta de Limão Siciliano,16.0,Delivery,Crédito,25.5
2026-01-25,Sunday,1,18,83,Fim de Semana,Latte Baunilha,16.0,Quiche de Alho Poró,18.0,Delivery,Débito,34.0
2026-01-25,Sunday,1,7,276,Ocasional,Chá Orgânico,12.0,Bolo Red Velvet,15.0,Balcão,Pix,27.0
2026-01-25,Sunday,1,19,269,Trabalhador,Cappuccino Italiano,14.0,Torta de Limão Siciliano,16.0,Delivery,Débito,30.0
2026-01-25,Sunday,1,17,85,Ocasional,Cappuccino Italiano,14.0,Quiche de Alho Poró,18.0,Delivery,Pix,32.0
2026-01-25,Sunday,1,11,133,Trabalhador,Mocha Belga,18.0,Bolo Red Velvet,15.0,Delivery,Crédito,33.0
2026-01-25,Sunday,1,18,91,Ocasional,Mocha Belga,18.0,Quiche de Alho Poró,18.0,Balcão,Débito,36.0
2026-01-25,Sunday,1,16,222,Fim de Semana,Espresso Premium,9.5,Bolo Red Velvet,15.0,Balcão,Crédito,24.5
2026-01-25,Sunday,1,7,2,Trabalhador,Chá Orgânico,12.0,Bolo Red Velvet,15.0,Balcão,Crédito,27.0
2026-01-25,Sunday,1,19,259,Fim de Semana,Chá Orgânico,12.0,Quiche de Alho Poró,18.0,Balcão,Crédito,30.0
2026-01-25,Sunday,1,17,199,Trabalhador,Mocha Belga,18.0,Torta de Limão Siciliano,16.0,Delivery,Débito,34.0
2026-01-25,Sunday,1,7,29,Ocasional,Cold Brew Especial,17.0,Quiche de Alho Poró,18.0,Balcão,Pix,35.0
2026-01-25,Sunday,1,14,135,Ocasional,Latte Baunilha,16.0,Cookie Artesanal,9.0,Delivery,Pix,25.0
2026-01-25,Sunday,1,17,187,Trabalhador,Cold Brew Especial,17.0,Sanduíche Caprese,19.0,Delivery,Crédito,36.0
2026-01-25,Sunday,1,14,207,Fim de Semana,Cappuccino Italiano,14.0,Cookie Artesanal,9.0,Delivery,Débito,23.0
2026-01-25,Sunday,1,8,277,Ocasional,Latte Baunilha,16.0,Quiche de Alho Poró,18.0,Balcão,Pix,34.0
2026-01-25,Sunday,1,12,25,Trabalhador,Espresso Premium,9.5,Bolo Red Velvet,15.0,Balcão,Débito,24.5
2026-01-25,Sunday,1,18,234,Trabalhador,Latte Baunilha,16.0,Quiche de Alho Poró,18.0,Delivery,Crédito,34.0
2026-01-25,Sunday,1,10,78,Fim de Semana,Cappuccino Italiano,14.0,Croissant Francês,13.0,Balcão,Pix,27.0
2026-01-25,Sunday,1,7,209,Ocasional,Cold Brew Especial,17.0,Sanduíche Caprese,19.0,Delivery,Crédito,36.0
2026-01-25,Sunday,1,7,44,Ocasional,Espresso Premium,9.5,Cookie Artesanal,9.0,Balcão,Crédito,18.5
2026-01-25,Sunday,1,19,90,Ocasional,Cold Brew Especial,17.0,Sanduíche Caprese,19.0,Balcão,Crédito,36.0
2026-01-25,Sunday,1,15,141,Trabalhador,Cappuccino Italiano,14.0,Cookie Artesanal,9.0,Delivery,Crédito,23.0
2026-01-25,Sunday,1,15,179,Fim de Semana,Mocha Belga,18.0,Quiche de Alho Poró,18.0,Balcão,Débito,36.0
2026-01-25,Sunday,1,7,276,Ocasional,Cold Brew Especial,17.0,Torta de Limão Siciliano,16.0,Balcão,Pix,33.0
2026-01-25,Sunday,1,13,111,Fim de Semana,Chá Orgânico,12.0,Bolo Red Velvet,15.0,Balcão,Crédito,27.0
2026-01-25,Sunday,1,14,233,Ocasional,Cold Brew Especial,17.0,Croissant Francês,13.0,Delivery,Pix,30.0
2026-01-25,Sunday,1,13,78,Trabalhador,Latte Baunilha,16.0,Croissant Francês,13.0,Delivery,Débito,29.0
2026-01-25,Sunday,1,7,194,Ocasional,Cold Brew Especial,17.0,Quiche de Alho Poró,18.0,Balcão,Crédito,35.0
2026-01-25,Sunday,1,9,262,Fim de Semana,Mocha Belga,18.0,Bolo Red Velvet,15.0,Delivery,Crédito,33.0
2026-01-25,Sunday,1,8,181,Ocasional,Chá Orgânico,12.0,Croissant Francês,13.0,Delivery,Débito,25.0
2026-01-25,Sunday,1,14,35,Trabalhador,Cold Brew Especial,17.0,Torta de Limão Siciliano,16.0,Delivery,Débito,33.0
2026-01-25,Sunday,1,9,67,Fim de Semana,Cappuccino Italiano,14.0,Sanduíche Caprese,19.0,Delivery,Pix,33.0
2026-01-25,Sunday,1,14,173,Trabalhador,Espresso Premium,9.5,Croissant Francês,13.0,Delivery,Pix,22.5
2026-01-25,Sunday,1,9,242,Ocasional,Latte Baunilha,16.0,Torta de Limão Siciliano,16.0,Delivery,Crédito,32.0
2026-01-25,Sunday,1,8,270,Ocasional,Espresso Premium,9.5,Bolo Red Velvet,15.0,Delivery,Débito,24.5
2026-01-25,Sunday,1,14,145,Fim de Semana,Espresso Premium,9.5,Bolo Red Velvet,15.0,Delivery,Pix,24.5
2026-01-25,Sunday,1,19,225,Fim de Semana,Latte Baunilha,16.0,Bolo Red Velvet,15.0,Balcão,Crédito,31.0
2026-01-25,Sunday,1,19,62,Ocasional,Mocha Belga,18.0,Bolo Red Velvet,15.0,Delivery,Pix,33.0
2026-01-25,Sunday,1,7,213,Ocasional,Chá Orgânico,12.0,Bolo Red Velvet,15.0,Balcão,Crédito,27.0
2026-01-25,Sunday,1,10,174,Fim de Semana,Latte Baunilha,16.0,Cookie Artesanal,9.0,Balcão,Débito,25.0
2026-01-25,Sunday,1,8,202,Fim de Semana,Espresso Premium,9.5,Quiche de Alho Poró,18.0,Balcão,Pix,27.5
2026-01-25,Sunday,1,13,251,Trabalhador,Espresso Premium,9.5,Bolo Red Velvet,15.0,Balcão,Pix,24.5
2026-01-25,Sunday,1,9,32,Ocasional,Chá Orgânico,12.0,Sanduíche Caprese,19.0,Delivery,Crédito,31.0
2026-01-25,Sunday,1,14,91,Ocasional,Cold Brew Especial,17.0,Croissant Francês,13.0,Delivery,Pix,30.0
2026-01-25,Sunday,1,8,72,Fim de Semana,Latte Baunilha,16.0,Quiche de Alho Poró,18.0,Delivery,Débito,34.0
2026-01-26,Monday,0,15,174,Fim de Semana,Espresso Premium,9.5,Bolo Red Velvet,15.0,Delivery,Crédito,24.5
2026-01-26,Monday,0,17,59,Trabalhador,Chá Orgânico,12.0,Cookie Artesanal,9.0,Balcão,Débito,21.0
2026-01-26,Monday,0,19,228,Trabalhador,Cold Brew Especial,17.0,Croissant Francês,13.0,Delivery,Débito,30.0
2026-01-26,Monday,0,16,60,Fim de Semana,Mocha Belga,18.0,Bolo Red Velvet,15.0,Balcão,Pix,33.0
2026-01-26,Monday,0,14,37,Trabalhador,Cappuccino Italiano,14.0,Quiche de Alho Poró,18.0,Balcão,Débito,32.0
2026-01-26,Monday,0,7,197,Ocasional,Cappuccino Italiano,14.0,Sanduíche Caprese,19.0,Delivery,Crédito,33.0
2026-01-26,Monday,0,7,231,Fim de Semana,Mocha Belga,18.0,Torta de Limão Siciliano,16.0,Balcão,Débito,34.0
2026-01-26,Monday,0,8,225,Ocasional,Chá Orgânico,12.0,Torta de Limão Siciliano,16.0,Balcão,Crédito,28.0
2026-01-26,Monday,0,15,61,Trabalhador,Mocha Belga,18.0,Sanduíche Caprese,19.0,Balcão,Débito,37.0
2026-01-26,Monday,0,7,263,Fim de Semana,Espresso Premium,9.5,Sanduíche Caprese,19.0,Balcão,Pix,28.5
2026-01-26,Monday,0,11,288,Ocasional,Latte Baunilha,16.0,Sanduíche Caprese,19.0,Delivery,Crédito,35.0
2026-01-26,Monday,0,7,294,Fim de Semana,Latte Baunilha,16.0,Torta de Limão Siciliano,16.0,Delivery,Pix,32.0
2026-01-26,Monday,0,9,150,Trabalhador,Mocha Belga,18.0,Quiche de Alho Poró,18.0,Delivery,Pix,36.0
2026-01-26,Monday,0,11,140,Fim de Semana,Cold Brew Especial,17.0,Croissant Francês,13.0,Balcão,Pix,30.0
2026-01-26,Monday,0,17,227,Trabalhador,Mocha Belga,18.0,Bolo Red Velvet,15.0,Balcão,Crédito,33.0
2026-01-26,Monday,0,16,188,Trabalhador,Latte Baunilha,16.0,Quiche de Alho Poró,18.0,Balcão,Pix,34.0
2026-01-26,Monday,0,20,258,Ocasional,Chá Orgânico,12.0,Bolo Red Velvet,15.0,Delivery,Pix,27.0
2026-01-26,Monday,0,17,67,Fim de Semana,Mocha Belga,18.0,Sanduíche Caprese,19.0,Balcão,Crédito,37.0
2026-01-26,Monday,0,15,291,Ocasional,Espresso Premium,9.5,Sanduíche Caprese,19.0,Balcão,Débito,28.5
2026-01-26,Monday,0,20,231,Fim de Semana,Cold Brew Especial,17.0,Cookie Artesanal,9.0,Delivery,Débito,26.0
2026-01-26,Monday,0,9,131,Fim de Semana,Mocha Belga,18.0,Cookie Artesanal,9.0,Delivery,Débito,27.0
2026-01-26,Monday,0,11,27,Trabalhador,Latte Baunilha,16.0,Croissant Francês,13.0,Balcão,Crédito,29.0
2026-01-26,Monday,0,11,267,Fim de Semana,Latte Baunilha,16.0,Croissant Francês,13.0,Delivery,Crédito,29.0
2026-01-26,Monday,0,13,61,Ocasional,Cold Brew Especial,17.0,Croissant Francês,13.0,Delivery,Pix,30.0
2026-01-26,Monday,0,14,183,Trabalhador,Cold Brew Especial,17.0,Sanduíche Caprese,19.0,Delivery,Crédito,36.0
2026-01-26,Monday,0,16,33,Fim de Semana,Cappuccino Italiano,14.0,Croissant Francês,13.0,Delivery,Débito,27.0
2026-01-26,Monday,0,13,30,Ocasional,Cold Brew Especial,17.0,Torta de Limão Siciliano,16.0,Delivery,Crédito,33.0
2026-01-26,Monday,0,20,56,Trabalhador,Cold Brew Especial,17.0,Croissant Francês,13.0,Delivery,Crédito,30.0
2026-01-26,Monday,0,18,10,Ocasional,Mocha Belga,18.0,Quiche de Alho Poró,18.0,Delivery,Débito,36.0
2026-01-26,Monday,0,7,237,Ocasional,Cappuccino Italiano,14.0,Bolo Red Velvet,15.0,Delivery,Crédito,29.0
2026-01-26,Monday,0,15,151,Ocasional,Cappuccino Italiano,14.0,Sanduíche Caprese,19.0,Delivery,Pix,33.0
2026-01-26,Monday,0,9,13,Ocasional,Cappuccino Italiano,14.0,Sanduíche Caprese,19.0,Balcão,Pix,33.0
2026-01-26,Monday,0,8,129,Ocasional,Latte Baunilha,16.0,Sanduíche Caprese,19.0,Delivery,Crédito,35.0
2026-01-26,Monday,0,16,127,Trabalhador,Mocha Belga,18.0,Cookie Artesanal,9.0,Balcão,Débito,27.0
2026-01-26,Monday,0,16,17,Fim de Semana,Espresso Premium,9.5,Croissant Francês,13.0,Delivery,Crédito,22.5
2026-01-26,Monday,0,8,193,Fim de Semana,Espresso Premium,9.5,Bolo Red Velvet,15.0,Delivery,Débito,24.5
2026-01-26,Monday,0,15,140,Trabalhador,Chá Orgânico,12.0,Bolo Red Velvet,15.0,Balcão,Crédito,27.0
2026-01-26,Monday,0,11,281,Trabalhador,Latte Baunilha,16.0,Bolo Red Velvet,15.0,Balcão,Crédito,31.0
2026-01-26,Monday,0,14,57,Trabalhador,Latte Baunilha,16.0,Quiche de Alho Poró,18.0,Delivery,Crédito,34.0
2026-01-26,Monday,0,16,269,Fim de Semana,Cappuccino Italiano,14.0,Torta de Limão Siciliano,16.0,Delivery,Débito,30.0
2026-01-26,Monday,0,13,94,Fim de Semana,Latte Baunilha,16.0,Bolo Red Velvet,15.0,Delivery,Débito,31.0
2026-01-26,Monday,0,17,126,Fim de Semana,Mocha Belga,18.0,Torta de Limão Siciliano,16.0,Balcão,Pix,34.0
2026-01-26,Monday,0,12,224,Trabalhador,Chá Orgânico,12.0,Bolo Red Velvet,15.0,Balcão,Débito,27.0
2026-01-26,Monday,0,20,50,Trabalhador,Chá Orgânico,12.0,Sanduíche Caprese,19.0,Delivery,Crédito,31.0
2026-01-26,Monday,0,15,295,Trabalhador,Chá Orgânico,12.0,Quiche de Alho Poró,18.0,Balcão,Pix,30.0
2026-01-26,Monday,0,19,200,Ocasional,Cold Brew Especial,17.0,Sanduíche Caprese,19.0,Delivery,Débito,36.0
2026-01-26,Monday,0,12,17,Ocasional,Cold Brew Especial,17.0,Torta de Limão Siciliano,16.0,Delivery,Pix,33.0
2026-01-26,Monday,0,14,200,Fim de Semana,Cold Brew Especial,17.0,Sanduíche Caprese,19.0,Delivery,Débito,36.0
2026-01-26,Monday,0,7,241,Ocasional,Latte Baunilha,16.0,Quiche de Alho Poró,18.0,Balcão,Crédito,34.0
2026-01-26,Monday,0,7,45,Trabalhador,Cold Brew Especial,17.0,Croissant Francês,13.0,Balcão,Débito,30.0
2026-01-26,Monday,0,20,92,Trabalhador,Chá Orgânico,12.0,Bolo Red Velvet,15.0,Delivery,Pix,27.0
2026-01-26,Monday,0,9,106,Ocasional,Cold Brew Especial,17.0,Quiche de Alho Poró,18.0,Balcão,Pix,35.0
2026-01-26,Monday,0,10,298,Ocasional,Chá Orgânico,12.0,Cookie Artesanal,9.0,Delivery,Débito,21.0
2026-01-26,Monday,0,13,270,Fim de Semana,Cappuccino Italiano,14.0,Croissant Francês,13.0,Delivery,Débito,27.0
2026-01-26,Monday,0,14,93,Trabalhador,Espresso Premium,9.5,Sanduíche Caprese,19.0,Balcão,Débito,28.5
2026-01-26,Monday,0,13,224,Fim de Semana,Cappuccino Italiano,14.0,Quiche de Alho Poró,18.0,Balcão,Crédito,32.0
2026-01-26,Monday,0,18,70,Trabalhador,Latte Baunilha,16.0,Sanduíche Caprese,19.0,Balcão,Crédito,35.0
2026-01-26,Monday,0,17,211,Ocasional,Espresso Premium,9.5,Croissant Francês,13.0,Delivery,Débito,22.5
2026-01-26,Monday,0,11,126,Ocasional,Latte Baunilha,16.0,Quiche de Alho Poró,18.0,Delivery,Débito,34.0
2026-01-26,Monday,0,8,7,Ocasional,Chá Orgânico,12.0,Sanduíche Caprese,19.0,Delivery,Crédito,31.0
2026-01-26,Monday,0,12,110,Trabalhador,Chá Orgânico,12.0,Croissant Francês,13.0,Delivery,Pix,25.0
2026-01-26,Monday,0,18,270,Trabalhador,Cold Brew Especial,17.0,Bolo Red Velvet,15.0,Balcão,Débito,32.0
2026-01-26,Monday,0,18,35,Fim de Semana,Mocha Belga,18.0,Torta de Limão Siciliano,16.0,Delivery,Débito,34.0
2026-01-26,Monday,0,8,182,Ocasional,Chá Orgânico,12.0,Quiche de Alho Poró,18.0,Delivery,Débito,30.0
2026-01-26,Monday,0,8,253,Trabalhador,Latte Baunilha,16.0,Croissant Francês,13.0,Balcão,Débito,29.0
2026-01-26,Monday,0,16,162,Fim de Semana,Cold Brew Especial,17.0,Quiche de Alho Poró,18.0,Balcão,Pix,35.0
2026-01-26,Monday,0,7,29,Fim de Semana,Mocha Belga,18.0,Quiche de Alho Poró,18.0,Delivery,Débito,36.0
2026-01-26,Monday,0,7,52,Ocasional,Mocha Belga,18.0,Sanduíche Caprese,19.0,Delivery,Crédito,37.0
2026-01-26,Monday,0,9,132,Fim de Semana,Cold Brew Especial,17.0,Sanduíche Caprese,19.0,Delivery,Crédito,36.0
2026-01-26,Monday,0,8,258,Ocasional,Mocha Belga,18.0,Sanduíche Caprese,19.0,Balcão,Pix,37.0
2026-01-26,Monday,0,15,235,Ocasional,Latte Baunilha,16.0,Quiche de Alho Poró,18.0,Balcão,Crédito,34.0
2026-01-26,Monday,0,9,213,Fim de Semana,Latte Baunilha,16.0,Torta de Limão Siciliano,16.0,Balcão,Débito,32.0
2026-01-26,Monday,0,12,157,Fim de Semana,Espresso Premium,9.5,Cookie Artesanal,9.0,Balcão,Crédito,18.5
2026-01-26,Monday,0,20,159,Ocasional,Mocha Belga,18.0,Torta de Limão Siciliano,16.0,Balcão,Pix,34.0
2026-01-26,Monday,0,9,204,Fim de Semana,Espresso Premium,9.5,Croissant Francês,13.0,Delivery,Crédito,22.5
2026-01-26,Monday,0,16,15,Fim de Semana,Cappuccino Italiano,14.0,Bolo Red Velvet,15.0,Delivery,Crédito,29.0
2026-01-26,Monday,0,16,97,Ocasional,Chá Orgânico,12.0,Sanduíche Caprese,19.0,Balcão,Pix,31.0
2026-01-27,Tuesday,0,18,146,Ocasional,Espresso Premium,9.5,Cookie Artesanal,9.0,Balcão,Débito,18.5
2026-01-27,Tuesday,0,12,175,Trabalhador,Espresso Premium,9.5,Quiche de Alho Poró,18.0,Balcão,Pix,27.5
2026-01-27,Tuesday,0,7,278,Trabalhador,Mocha Belga,18.0,Sanduíche Caprese,19.0,Delivery,Débito,37.0
2026-01-27,Tuesday,0,9,44,Fim de Semana,Cold Brew Especial,17.0,Croissant Francês,13.0,Delivery,Pix,30.0
2026-01-27,Tuesday,0,8,286,Trabalhador,Latte Baunilha,16.0,Quiche de Alho Poró,18.0,Balcão,Crédito,34.0
2026-01-27,Tuesday,0,20,255,Ocasional,Espresso Premium,9.5,Cookie Artesanal,9.0,Balcão,Débito,18.5
2026-01-27,Tuesday,0,8,159,Ocasional,Espresso Premium,9.5,Torta de Limão Siciliano,16.0,Balcão,Débito,25.5
2026-01-27,Tuesday,0,16,3,Trabalhador,Espresso Premium,9.5,Croissant Francês,13.0,Delivery,Débito,22.5
2026-01-27,Tuesday,0,10,234,Fim de Semana,Cappuccino Italiano,14.0,Croissant Francês,13.0,Delivery,Pix,27.0
2026-01-27,Tuesday,0,7,43,Trabalhador,Chá Orgânico,12.0,Sanduíche Caprese,19.0,Delivery,Débito,31.0
2026-01-27,Tuesday,0,10,112,Ocasional,Espresso Premium,9.5,Sanduíche Caprese,19.0,Balcão,Pix,28.5
2026-01-27,Tuesday,0,8,116,Ocasional,Chá Orgânico,12.0,Bolo Red Velvet,15.0,Delivery,Pix,27.0
2026-01-27,Tuesday,0,10,44,Ocasional,Mocha Belga,18.0,Cookie Artesanal,9.0,Balcão,Pix,27.0
2026-01-27,Tuesday,0,17,231,Fim de Semana,Latte Baunilha,16.0,Bolo Red Velvet,15.0,Delivery,Débito,31.0
2026-01-27,Tuesday,0,13,197,Ocasional,Cold Brew Especial,17.0,Cookie Artesanal,9.0,Balcão,Crédito,26.0
2026-01-27,Tuesday,0,8,13,Trabalhador,Cold Brew Especial,17.0,Cookie Artesanal,9.0,Balcão,Pix,26.0
2026-01-27,Tuesday,0,11,300,Ocasional,Cold Brew Especial,17.0,Cookie Artesanal,9.0,Balcão,Pix,26.0
2026-01-27,Tuesday,0,11,108,Trabalhador,Chá Orgânico,12.0,Bolo Red Velvet,15.0,Balcão,Pix,27.0
2026-01-27,Tuesday,0,18,254,Trabalhador,Chá Orgânico,12.0,Croissant Francês,13.0,Balcão,Pix,25.0
2026-01-27,Tuesday,0,18,245,Trabalhador,Cold Brew Especial,17.0,Bolo Red Velvet,15.0,Delivery,Débito,32.0
2026-01-27,Tuesday,0,17,116,Trabalhador,Mocha Belga,18.0,Bolo Red Velvet,15.0,Balcão,Crédito,33.0
2026-01-27,Tuesday,0,11,123,Fim de Semana,Latte Baunilha,16.0,Sanduíche Caprese,19.0,Delivery,Pix,35.0
2026-01-27,Tuesday,0,7,62,Ocasional,Cappuccino Italiano,14.0,Croissant Francês,13.0,Balcão,Pix,27.0
2026-01-27,Tuesday,0,13,260,Fim de Semana,Latte Baunilha,16.0,Torta de Limão Siciliano,16.0,Delivery,Débito,32.0
2026-01-27,Tuesday,0,7,157,Ocasional,Cold Brew Especial,17.0,Croissant Francês,13.0,Balcão,Crédito,30.0
2026-01-27,Tuesday,0,18,30,Fim de Semana,Latte Baunilha,16.0,Bolo Red Velvet,15.0,Delivery,Crédito,31.0
2026-01-27,Tuesday,0,18,125,Trabalhador,Chá Orgânico,12.0,Bolo Red Velvet,15.0,Delivery,Crédito,27.0
2026-01-27,Tuesday,0,16,185,Ocasional,Cold Brew Especial,17.0,Bolo Red Velvet,15.0,Delivery,Pix,32.0
2026-01-27,Tuesday,0,7,177,Trabalhador,Espresso Premium,9.5,Quiche de Alho Poró,18.0,Balcão,Pix,27.5
2026-01-27,Tuesday,0,8,195,Fim de Semana,Espresso Premium,9.5,Cookie Artesanal,9.0,Balcão,Crédito,18.5
2026-01-27,Tuesday,0,16,210,Trabalhador,Cappuccino Italiano,14.0,Cookie Artesanal,9.0,Delivery,Pix,23.0
2026-01-27,Tuesday,0,14,208,Ocasional,Cold Brew Especial,17.0,Sanduíche Caprese,19.0,Balcão,Pix,36.0
2026-01-27,Tuesday,0,8,25,Trabalhador,Mocha Belga,18.0,Quiche de Alho Poró,18.0,Balcão,Pix,36.0
2026-01-27,Tuesday,0,8,45,Trabalhador,Cappuccino Italiano,14.0,Quiche de Alho Poró,18.0,Delivery,Débito,32.0
2026-01-27,Tuesday,0,14,263,Trabalhador,Mocha Belga,18.0,Bolo Red Velvet,15.0,Delivery,Pix,33.0
2026-01-27,Tuesday,0,8,234,Trabalhador,Cold Brew Especial,17.0,Cookie Artesanal,9.0,Balcão,Débito,26.0
2026-01-27,Tuesday,0,17,146,Ocasional,Chá Orgânico,12.0,Sanduíche Caprese,19.0,Delivery,Débito,31.0
2026-01-27,Tuesday,0,13,91,Trabalhador,Cappuccino Italiano,14.0,Quiche de Alho Poró,18.0,Balcão,Pix,32.0
2026-01-27,Tuesday,0,13,229,Ocasional,Cold Brew Especial,17.0,Cookie Artesanal,9.0,Delivery,Pix,26.0
2026-01-27,Tuesday,0,12,176,Ocasional,Espresso Premium,9.5,Croissant Francês,13.0,Balcão,Pix,22.5
2026-01-27,Tuesday,0,19,121,Ocasional,Cold Brew Especial,17.0,Quiche de Alho Poró,18.0,Delivery,Crédito,35.0
2026-01-27,Tuesday,0,10,150,Ocasional,Mocha Belga,18.0,Bolo Red Velvet,15.0,Balcão,Crédito,33.0
2026-01-27,Tuesday,0,14,269,Trabalhador,Cappuccino Italiano,14.0,Sanduíche Caprese,19.0,Delivery,Débito,33.0
2026-01-27,Tuesday,0,15,243,Ocasional,Cappuccino Italiano,14.0,Bolo Red Velvet,15.0,Balcão,Débito,29.0
2026-01-27,Tuesday,0,17,43,Trabalhador,Chá Orgânico,12.0,Quiche de Alho Poró,18.0,Balcão,Débito,30.0
2026-01-27,Tuesday,0,17,251,Trabalhador,Chá Orgânico,12.0,Croissant Francês,13.0,Delivery,Débito,25.0
2026-01-27,Tuesday,0,13,101,Fim de Semana,Chá Orgânico,12.0,Quiche de Alho Poró,18.0,Balcão,Pix,30.0
2026-01-27,Tuesday,0,15,8,Ocasional,Mocha Belga,18.0,Quiche de Alho Poró,18.0,Balcão,Débito,36.0
2026-01-27,Tuesday,0,13,76,Fim de Semana,Cold Brew Especial,17.0,Cookie Artesanal,9.0,Balcão,Crédito,26.0
2026-01-27,Tuesday,0,20,143,Trabalhador,Chá Orgânico,12.0,Bolo Red Velvet,15.0,Balcão,Pix,27.0
2026-01-27,Tuesday,0,12,179,Ocasional,Cold Brew Especial,17.0,Bolo Red Velvet,15.0,Delivery,Crédito,32.0
2026-01-27,Tuesday,0,10,268,Ocasional,Espresso Premium,9.5,Bolo Red Velvet,15.0,Delivery,Crédito,24.5
2026-01-27,Tuesday,0,17,179,Fim de Semana,Mocha Belga,18.0,Bolo Red Velvet,15.0,Balcão,Débito,33.0
2026-01-27,Tuesday,0,8,12,Trabalhador,Cold Brew Especial,17.0,Quiche de Alho Poró,18.0,Balcão,Débito,35.0
2026-01-27,Tuesday,0,19,9,Ocasional,Latte Baunilha,16.0,Sanduíche Caprese,19.0,Balcão,Crédito,35.0
2026-01-27,Tuesday,0,20,44,Fim de Semana,Cappuccino Italiano,14.0,Quiche de Alho Poró,18.0,Delivery,Pix,32.0
2026-01-27,Tuesday,0,14,52,Ocasional,Chá Orgânico,12.0,Croissant Francês,13.0,Balcão,Pix,25.0
2026-01-27,Tuesday,0,17,147,Fim de Semana,Latte Baunilha,16.0,Bolo Red Velvet,15.0,Delivery,Crédito,31.0
2026-01-27,Tuesday,0,17,51,Ocasional,Chá Orgânico,12.0,Croissant Francês,13.0,Balcão,Pix,25.0
2026-01-27,Tuesday,0,17,48,Fim de Semana,Cappuccino Italiano,14.0,Quiche de Alho Poró,18.0,Balcão,Débito,32.0
2026-01-27,Tuesday,0,14,196,Trabalhador,Latte Baunilha,16.0,Sanduíche Caprese,19.0,Balcão,Débito,35.0
2026-01-27,Tuesday,0,9,63,Fim de Semana,Chá Orgânico,12.0,Bolo Red Velvet,15.0,Balcão,Crédito,27.0
2026-01-27,Tuesday,0,10,71,Fim de Semana,Cold Brew Especial,17.0,Torta de Limão Siciliano,16.0,Delivery,Pix,33.0
2026-01-27,Tuesday,0,7,156,Trabalhador,Cold Brew Especial,17.0,Bolo Red Velvet,15.0,Balcão,Pix,32.0
2026-01-27,Tuesday,0,12,30,Trabalhador,Cold Brew Especial,17.0,Croissant Francês,13.0,Delivery,Pix,30.0
2026-01-27,Tuesday,0,13,244,Fim de Semana,Cold Brew Especial,17.0,Croissant Francês,13.0,Delivery,Débito,30.0
2026-01-27,Tuesday,0,10,123,Fim de Semana,Mocha Belga,18.0,Croissant Francês,13.0,Delivery,Crédito,31.0
2026-01-27,Tuesday,0,7,40,Fim de Semana,Latte Baunilha,16.0,Torta de Limão Siciliano,16.0,Balcão,Débito,32.0
2026-01-27,Tuesday,0,18,49,Fim de Semana,Chá Orgânico,12.0,Sanduíche Caprese,19.0,Balcão,Débito,31.0
2026-01-27,Tuesday,0,9,52,Ocasional,Latte Baunilha,16.0,Torta de Limão Siciliano,16.0,Delivery,Crédito,32.0
2026-01-27,Tuesday,0,19,43,Ocasional,Cappuccino Italiano,14.0,Cookie Artesanal,9.0,Balcão,Crédito,23.0
2026-01-27,Tuesday,0,8,37,Trabalhador,Cappuccino Italiano,14.0,Sanduíche Caprese,19.0,Delivery,Crédito,33.0
2026-01-27,Tuesday,0,7,112,Fim de Semana,Espresso Premium,9.5,Bolo Red Velvet,15.0,Balcão,Crédito,24.5
2026-01-27,Tuesday,0,19,300,Fim de Semana,Espresso Premium,9.5,Croissant Francês,13.0,Balcão,Pix,22.5
2026-01-27,Tuesday,0,11,283,Trabalhador,Chá Orgânico,12.0,Quiche de Alho Poró,18.0,Delivery,Pix,30.0
2026-01-27,Tuesday,0,8,139,Ocasional,Cappuccino Italiano,14.0,Torta de Limão Siciliano,16.0,Delivery,Débito,30.0
2026-01-27,Tuesday,0,14,131,Ocasional,Mocha Belga,18.0,Cookie Artesanal,9.0,Balcão,Crédito,27.0
2026-01-27,Tuesday,0,13,44,Fim de Semana,Chá Orgânico,12.0,Quiche de Alho Poró,18.0,Delivery,Crédito,30.0
2026-01-27,Tuesday,0,20,229,Ocasional,Chá Orgânico,12.0,Cookie Artesanal,9.0,Delivery,Pix,21.0
2026-01-27,Tuesday,0,7,102,Ocasional,Espresso Premium,9.5,Torta de Limão Siciliano,16.0,Balcão,Pix,25.5
2026-01-27,Tuesday,0,10,31,Trabalhador,Mocha Belga,18.0,Cookie Artesanal,9.0,Delivery,Débito,27.0
2026-01-27,Tuesday,0,17,120,Fim de Semana,Cappuccino Italiano,14.0,Cookie Artesanal,9.0,Delivery,Débito,23.0
2026-01-27,Tuesday,0,8,199,Fim de Semana,Cold Brew Especial,17.0,Croissant Francês,13.0,Balcão,Crédito,30.0
2026-01-27,Tuesday,0,19,130,Ocasional,Chá Orgânico,12.0,Sanduíche Caprese,19.0,Delivery,Pix,31.0
2026-01-27,Tuesday,0,20,225,Trabalhador,Espresso Premium,9.5,Croissant Francês,13.0,Delivery,Crédito,22.5
2026-01-27,Tuesday,0,18,140,Ocasional,Mocha Belga,18.0,Croissant Francês,13.0,Delivery,Pix,31.0
2026-01-27,Tuesday,0,16,29,Fim de Semana,Chá Orgânico,12.0,Quiche de Alho Poró,18.0,Delivery,Crédito,30.0
2026-01-27,Tuesday,0,16,282,Trabalhador,Mocha Belga,18.0,Torta de Limão Siciliano,16.0,Balcão,Pix,34.0
2026-01-28,Wednesday,0,16,247,Trabalhador,Cappuccino Italiano,14.0,Croissant Francês,13.0,Balcão,Pix,27.0
2026-01-28,Wednesday,0,7,292,Fim de Semana,Cappuccino Italiano,14.0,Cookie Artesanal,9.0,Balcão,Pix,23.0
2026-01-28,Wednesday,0,17,131,Fim de Semana,Espresso Premium,9.5,Quiche de Alho Poró,18.0,Delivery,Pix,27.5
2026-01-28,Wednesday,0,16,56,Trabalhador,Latte Baunilha,16.0,Bolo Red Velvet,15.0,Delivery,Débito,31.0
2026-01-28,Wednesday,0,19,151,Trabalhador,Chá Orgânico,12.0,Sanduíche Caprese,19.0,Delivery,Crédito,31.0
2026-01-28,Wednesday,0,17,224,Ocasional,Espresso Premium,9.5,Croissant Francês,13.0,Delivery,Crédito,22.5
2026-01-28,Wednesday,0,18,136,Fim de Semana,Cold Brew Especial,17.0,Cookie Artesanal,9.0,Balcão,Débito,26.0
2026-01-28,Wednesday,0,9,132,Fim de Semana,Cold Brew Especial,17.0,Croissant Francês,13.0,Balcão,Débito,30.0
2026-01-28,Wednesday,0,11,55,Ocasional,Latte Baunilha,16.0,Croissant Francês,13.0,Balcão,Débito,29.0
2026-01-28,Wednesday,0,11,237,Ocasional,Chá Orgânico,12.0,Croissant Francês,13.0,Delivery,Crédito,25.0
2026-01-28,Wednesday,0,19,144,Ocasional,Cold Brew Especial,17.0,Bolo Red Velvet,15.0,Balcão,Crédito,32.0
2026-01-28,Wednesday,0,7,22,Trabalhador,Mocha Belga,18.0,Cookie Artesanal,9.0,Delivery,Débito,27.0
2026-01-28,Wednesday,0,14,7,Trabalhador,Latte Baunilha,16.0,Quiche de Alho Poró,18.0,Balcão,Débito,34.0
2026-01-28,Wednesday,0,8,23,Fim de Semana,Espresso Premium,9.5,Torta de Limão Siciliano,16.0,Balcão,Crédito,25.5
2026-01-28,Wednesday,0,11,105,Trabalhador,Mocha Belga,18.0,Bolo Red Velvet,15.0,Delivery,Crédito,33.0
2026-01-28,Wednesday,0,13,206,Ocasional,Espresso Premium,9.5,Bolo Red Velvet,15.0,Balcão,Crédito,24.5
2026-01-28,Wednesday,0,19,222,Fim de Semana,Chá Orgânico,12.0,Sanduíche Caprese,19.0,Balcão,Débito,31.0
2026-01-28,Wednesday,0,10,248,Trabalhador,Mocha Belga,18.0,Quiche de Alho Poró,18.0,Delivery,Pix,36.0
2026-01-28,Wednesday,0,15,180,Ocasional,Cold Brew Especial,17.0,Sanduíche Caprese,19.0,Balcão,Crédito,36.0
2026-01-28,Wednesday,0,15,297,Fim de Semana,Latte Baunilha,16.0,Sanduíche Caprese,19.0,Delivery,Débito,35.0
2026-01-28,Wednesday,0,9,119,Ocasional,Chá Orgânico,12.0,Croissant Francês,13.0,Balcão,Débito,25.0
2026-01-28,Wednesday,0,11,175,Ocasional,Latte Baunilha,16.0,Sanduíche Caprese,19.0,Balcão,Pix,35.0
2026-01-28,Wednesday,0,7,131,Fim de Semana,Cappuccino Italiano,14.0,Torta de Limão Siciliano,16.0,Balcão,Pix,30.0
2026-01-28,Wednesday,0,20,265,Trabalhador,Mocha Belga,18.0,Cookie Artesanal,9.0,Balcão,Crédito,27.0
2026-01-28,Wednesday,0,15,14,Fim de Semana,Mocha Belga,18.0,Sanduíche Caprese,19.0,Balcão,Pix,37.0
2026-01-28,Wednesday,0,16,130,Fim de Semana,Latte Baunilha,16.0,Croissant Francês,13.0,Delivery,Pix,29.0
2026-01-28,Wednesday,0,12,214,Trabalhador,Chá Orgânico,12.0,Sanduíche Caprese,19.0,Balcão,Débito,31.0
2026-01-28,Wednesday,0,16,63,Trabalhador,Mocha Belga,18.0,Croissant Francês,13.0,Balcão,Pix,31.0
2026-01-28,Wednesday,0,20,229,Ocasional,Espresso Premium,9.5,Bolo Red Velvet,15.0,Balcão,Pix,24.5
2026-01-28,Wednesday,0,9,246,Trabalhador,Mocha Belga,18.0,Torta de Limão Siciliano,16.0,Delivery,Crédito,34.0
2026-01-28,Wednesday,0,10,236,Ocasional,Cold Brew Especial,17.0,Croissant Francês,13.0,Delivery,Débito,30.0
2026-01-28,Wednesday,0,18,228,Fim de Semana,Mocha Belga,18.0,Torta de Limão Siciliano,16.0,Delivery,Crédito,34.0
2026-01-28,Wednesday,0,17,70,Ocasional,Espresso Premium,9.5,Sanduíche Caprese,19.0,Delivery,Débito,28.5
2026-01-28,Wednesday,0,10,188,Trabalhador,Latte Baunilha,16.0,Cookie Artesanal,9.0,Balcão,Pix,25.0
2026-01-28,Wednesday,0,20,177,Ocasional,Cold Brew Especial,17.0,Torta de Limão Siciliano,16.0,Delivery,Pix,33.0
2026-01-28,Wednesday,0,8,203,Fim de Semana,Latte Baunilha,16.0,Quiche de Alho Poró,18.0,Delivery,Crédito,34.0
2026-01-28,Wednesday,0,18,271,Fim de Semana,Cold Brew Especial,17.0,Quiche de Alho Poró,18.0,Delivery,Pix,35.0
2026-01-28,Wednesday,0,17,100,Trabalhador,Cold Brew Especial,17.0,Torta de Limão Siciliano,16.0,Balcão,Crédito,33.0
2026-01-28,Wednesday,0,17,276,Fim de Semana,Cold Brew Especial,17.0,Croissant Francês,13.0,Balcão,Crédito,30.0
2026-01-28,Wednesday,0,11,199,Ocasional,Chá Orgânico,12.0,Cookie Artesanal,9.0,Delivery,Pix,21.0
2026-01-28,Wednesday,0,17,296,Ocasional,Espresso Premium,9.5,Torta de Limão Siciliano,16.0,Delivery,Débito,25.5
2026-01-28,Wednesday,0,12,202,Ocasional,Chá Orgânico,12.0,Cookie Artesanal,9.0,Balcão,Pix,21.0
2026-01-28,Wednesday,0,20,165,Fim de Semana,Espresso Premium,9.5,Croissant Francês,13.0,Balcão,Crédito,22.5
2026-01-28,Wednesday,0,14,24,Ocasional,Latte Baunilha,16.0,Bolo Red Velvet,15.0,Balcão,Pix,31.0
2026-01-28,Wednesday,0,15,160,Ocasional,Espresso Premium,9.5,Torta de Limão Siciliano,16.0,Delivery,Crédito,25.5
2026-01-28,Wednesday,0,10,220,Fim de Semana,Cappuccino Italiano,14.0,Croissant Francês,13.0,Balcão,Pix,27.0
2026-01-28,Wednesday,0,20,153,Ocasional,Chá Orgânico,12.0,Bolo Red Velvet,15.0,Delivery,Crédito,27.0
2026-01-28,Wednesday,0,12,182,Ocasional,Latte Baunilha,16.0,Cookie Artesanal,9.0,Delivery,Crédito,25.0
2026-01-28,Wednesday,0,11,118,Ocasional,Latte Baunilha,16.0,Cookie Artesanal,9.0,Delivery,Pix,25.0
2026-01-28,Wednesday,0,16,292,Ocasional,Cappuccino Italiano,14.0,Croissant Francês,13.0,Balcão,Pix,27.0
2026-01-28,Wednesday,0,12,104,Ocasional,Mocha Belga,18.0,Sanduíche Caprese,19.0,Balcão,Pix,37.0
2026-01-28,Wednesday,0,15,281,Ocasional,Latte Baunilha,16.0,Sanduíche Caprese,19.0,Balcão,Pix,35.0
2026-01-28,Wednesday,0,13,112,Fim de Semana,Chá Orgânico,12.0,Torta de Limão Siciliano,16.0,Delivery,Crédito,28.0
2026-01-28,Wednesday,0,9,157,Fim de Semana,Mocha Belga,18.0,Bolo Red Velvet,15.0,Delivery,Débito,33.0
2026-01-28,Wednesday,0,20,1,Trabalhador,Mocha Belga,18.0,Croissant Francês,13.0,Delivery,Débito,31.0
2026-01-28,Wednesday,0,17,141,Ocasional,Latte Baunilha,16.0,Quiche de Alho Poró,18.0,Delivery,Débito,34.0
2026-01-28,Wednesday,0,20,254,Trabalhador,Latte Baunilha,16.0,Croissant Francês,13.0,Delivery,Crédito,29.0
2026-01-28,Wednesday,0,10,218,Trabalhador,Espresso Premium,9.5,Quiche de Alho Poró,18.0,Balcão,Débito,27.5
2026-01-28,Wednesday,0,10,180,Fim de Semana,Espresso Premium,9.5,Torta de Limão Siciliano,16.0,Balcão,Débito,25.5
2026-01-28,Wednesday,0,10,161,Ocasional,Espresso Premium,9.5,Bolo Red Velvet,15.0,Delivery,Crédito,24.5
2026-01-28,Wednesday,0,11,252,Ocasional,Mocha Belga,18.0,Bolo Red Velvet,15.0,Delivery,Pix,33.0
2026-01-28,Wednesday,0,19,233,Trabalhador,Espresso Premium,9.5,Torta de Limão Siciliano,16.0,Delivery,Crédito,25.5
2026-01-28,Wednesday,0,15,100,Ocasional,Espresso Premium,9.5,Sanduíche Caprese,19.0,Balcão,Pix,28.5
2026-01-28,Wednesday,0,7,31,Trabalhador,Espresso Premium,9.5,Torta de Limão Siciliano,16.0,Delivery,Crédito,25.5
2026-01-28,Wednesday,0,10,65,Ocasional,Latte Baunilha,16.0,Sanduíche Caprese,19.0,Balcão,Débito,35.0
2026-01-28,Wednesday,0,10,19,Trabalhador,Chá Orgânico,12.0,Cookie Artesanal,9.0,Balcão,Crédito,21.0
2026-01-28,Wednesday,0,12,138,Ocasional,Latte Baunilha,16.0,Cookie Artesanal,9.0,Delivery,Débito,25.0
2026-01-28,Wednesday,0,10,110,Fim de Semana,Chá Orgânico,12.0,Cookie Artesanal,9.0,Delivery,Pix,21.0
2026-01-28,Wednesday,0,13,215,Fim de Semana,Latte Baunilha,16.0,Torta de Limão Siciliano,16.0,Balcão,Crédito,32.0
2026-01-28,Wednesday,0,15,217,Trabalhador,Cold Brew Especial,17.0,Quiche de Alho Poró,18.0,Balcão,Pix,35.0
2026-01-28,Wednesday,0,8,26,Fim de Semana,Cold Brew Especial,17.0,Sanduíche Caprese,19.0,Delivery,Débito,36.0
2026-01-29,Thursday,0,13,53,Trabalhador,Latte Baunilha,16.0,Quiche de Alho Poró,18.0,Delivery,Débito,34.0
2026-01-29,Thursday,0,15,170,Trabalhador,Cappuccino Italiano,14.0,Cookie Artesanal,9.0,Balcão,Pix,23.0
2026-01-29,Thursday,0,13,95,Ocasional,Cold Brew Especial,17.0,Quiche de Alho Poró,18.0,Delivery,Pix,35.0
2026-01-29,Thursday,0,9,112,Ocasional,Chá Orgânico,12.0,Cookie Artesanal,9.0,Balcão,Pix,21.0
2026-01-29,Thursday,0,13,216,Trabalhador,Mocha Belga,18.0,Quiche de Alho Poró,18.0,Delivery,Pix,36.0
2026-01-29,Thursday,0,9,251,Ocasional,Cappuccino Italiano,14.0,Quiche de Alho Poró,18.0,Delivery,Crédito,32.0
2026-01-29,Thursday,0,7,126,Trabalhador,Mocha Belga,18.0,Cookie Artesanal,9.0,Delivery,Pix,27.0
2026-01-29,Thursday,0,13,167,Ocasional,Mocha Belga,18.0,Sanduíche Caprese,19.0,Delivery,Pix,37.0
2026-01-29,Thursday,0,15,60,Trabalhador,Cappuccino Italiano,14.0,Quiche de Alho Poró,18.0,Balcão,Crédito,32.0
2026-01-29,Thursday,0,8,64,Ocasional,Mocha Belga,18.0,Quiche de Alho Poró,18.0,Delivery,Pix,36.0
2026-01-29,Thursday,0,18,162,Ocasional,Latte Baunilha,16.0,Cookie Artesanal,9.0,Delivery,Pix,25.0
2026-01-29,Thursday,0,18,266,Ocasional,Latte Baunilha,16.0,Croissant Francês,13.0,Delivery,Débito,29.0
2026-01-29,Thursday,0,13,280,Fim de Semana,Cold Brew Especial,17.0,Torta de Limão Siciliano,16.0,Balcão,Pix,33.0
2026-01-29,Thursday,0,17,201,Ocasional,Mocha Belga,18.0,Croissant Francês,13.0,Balcão,Pix,31.0
2026-01-29,Thursday,0,9,284,Ocasional,Chá Orgânico,12.0,Bolo Red Velvet,15.0,Delivery,Pix,27.0
2026-01-29,Thursday,0,13,216,Trabalhador,Cappuccino Italiano,14.0,Sanduíche Caprese,19.0,Balcão,Crédito,33.0
2026-01-29,Thursday,0,7,36,Trabalhador,Mocha Belga,18.0,Sanduíche Caprese,19.0,Delivery,Crédito,37.0
2026-01-29,Thursday,0,12,267,Trabalhador,Espresso Premium,9.5,Cookie Artesanal,9.0,Balcão,Crédito,18.5
2026-01-29,Thursday,0,16,203,Fim de Semana,Latte Baunilha,16.0,Torta de Limão Siciliano,16.0,Balcão,Pix,32.0
2026-01-29,Thursday,0,13,242,Fim de Semana,Mocha Belga,18.0,Bolo Red Velvet,15.0,Delivery,Pix,33.0
2026-01-29,Thursday,0,18,90,Fim de Semana,Cappuccino Italiano,14.0,Bolo Red Velvet,15.0,Delivery,Débito,29.0
2026-01-29,Thursday,0,16,247,Trabalhador,Cappuccino Italiano,14.0,Bolo Red Velvet,15.0,Delivery,Débito,29.0
2026-01-29,Thursday,0,10,16,Fim de Semana,Espresso Premium,9.5,Cookie Artesanal,9.0,Delivery,Pix,18.5
2026-01-29,Thursday,0,10,82,Ocasional,Mocha Belga,18.0,Croissant Francês,13.0,Delivery,Pix,31.0
2026-01-29,Thursday,0,10,23,Ocasional,Chá Orgânico,12.0,Torta de Limão Siciliano,16.0,Delivery,Crédito,28.0
2026-01-29,Thursday,0,15,135,Ocasional,Latte Baunilha,16.0,Croissant Francês,13.0,Balcão,Pix,29.0
2026-01-29,Thursday,0,16,282,Trabalhador,Chá Orgânico,12.0,Torta de Limão Siciliano,16.0,Delivery,Pix,28.0
2026-01-29,Thursday,0,20,205,Ocasional,Latte Baunilha,16.0,Bolo Red Velvet,15.0,Balcão,Débito,31.0
2026-01-29,Thursday,0,18,213,Ocasional,Mocha Belga,18.0,Croissant Francês,13.0,Balcão,Pix,31.0
2026-01-29,Thursday,0,20,117,Fim de Semana,Latte Baunilha,16.0,Sanduíche Caprese,19.0,Balcão,Pix,35.0
2026-01-29,Thursday,0,20,214,Fim de Semana,Latte Baunilha,16.0,Bolo Red Velvet,15.0,Delivery,Crédito,31.0
2026-01-29,Thursday,0,8,259,Ocasional,Espresso Premium,9.5,Quiche de Alho Poró,18.0,Balcão,Débito,27.5
2026-01-29,Thursday,0,7,46,Fim de Semana,Mocha Belga,18.0,Torta de Limão Siciliano,16.0,Balcão,Crédito,34.0
2026-01-29,Thursday,0,14,224,Ocasional,Latte Baunilha,16.0,Bolo Red Velvet,15.0,Delivery,Débito,31.0
2026-01-29,Thursday,0,11,192,Ocasional,Mocha Belga,18.0,Croissant Francês,13.0,Delivery,Crédito,31.0
2026-01-29,Thursday,0,18,76,Ocasional,Mocha Belga,18.0,Cookie Artesanal,9.0,Balcão,Pix,27.0
2026-01-29,Thursday,0,17,1,Trabalhador,Latte Baunilha,16.0,Quiche de Alho Poró,18.0,Balcão,Pix,34.0
2026-01-29,Thursday,0,20,269,Trabalhador,Chá Orgânico,12.0,Torta de Limão Siciliano,16.0,Delivery,Débito,28.0
2026-01-29,Thursday,0,16,24,Ocasional,Chá Orgânico,12.0,Sanduíche Caprese,19.0,Delivery,Pix,31.0
2026-01-29,Thursday,0,12,128,Trabalhador,Cold Brew Especial,17.0,Quiche de Alho Poró,18.0,Delivery,Pix,35.0
2026-01-29,Thursday,0,17,1,Ocasional,Mocha Belga,18.0,Sanduíche Caprese,19.0,Balcão,Crédito,37.0
2026-01-29,Thursday,0,20,14,Trabalhador,Espresso Premium,9.5,Croissant Francês,13.0,Delivery,Crédito,22.5
2026-01-29,Thursday,0,19,89,Trabalhador,Cappuccino Italiano,14.0,Bolo Red Velvet,15.0,Balcão,Pix,29.0
2026-01-29,Thursday,0,20,290,Trabalhador,Latte Baunilha,16.0,Cookie Artesanal,9.0,Delivery,Débito,25.0
2026-01-29,Thursday,0,13,211,Trabalhador,Latte Baunilha,16.0,Cookie Artesanal,9.0,Balcão,Crédito,25.0
2026-01-29,Thursday,0,20,92,Fim de Semana,Mocha Belga,18.0,Quiche de Alho Poró,18.0,Balcão,Crédito,36.0
2026-01-29,Thursday,0,8,252,Ocasional,Cappuccino Italiano,14.0,Torta de Limão Siciliano,16.0,Delivery,Pix,30.0
2026-01-29,Thursday,0,7,28,Fim de Semana,Chá Orgânico,12.0,Bolo Red Velvet,15.0,Balcão,Crédito,27.0
2026-01-29,Thursday,0,8,125,Trabalhador,Cold Brew Especial,17.0,Quiche de Alho Poró,18.0,Delivery,Débito,35.0
2026-01-29,Thursday,0,12,203,Ocasional,Mocha Belga,18.0,Sanduíche Caprese,19.0,Delivery,Pix,37.0
2026-01-29,Thursday,0,8,43,Fim de Semana,Espresso Premium,9.5,Sanduíche Caprese,19.0,Balcão,Pix,28.5
2026-01-29,Thursday,0,11,20,Trabalhador,Latte Baunilha,16.0,Cookie Artesanal,9.0,Balcão,Crédito,25.0
2026-01-29,Thursday,0,13,123,Trabalhador,Chá Orgânico,12.0,Torta de Limão Siciliano,16.0,Balcão,Pix,28.0
2026-01-29,Thursday,0,18,125,Fim de Semana,Latte Baunilha,16.0,Torta de Limão Siciliano,16.0,Balcão,Pix,32.0
2026-01-29,Thursday,0,15,292,Ocasional,Espresso Premium,9.5,Cookie Artesanal,9.0,Delivery,Crédito,18.5
2026-01-29,Thursday,0,19,287,Trabalhador,Chá Orgânico,12.0,Quiche de Alho Poró,18.0,Delivery,Crédito,30.0
2026-01-29,Thursday,0,11,262,Fim de Semana,Latte Baunilha,16.0,Sanduíche Caprese,19.0,Delivery,Crédito,35.0
2026-01-29,Thursday,0,15,24,Fim de Semana,Latte Baunilha,16.0,Quiche de Alho Poró,18.0,Balcão,Crédito,34.0
2026-01-29,Thursday,0,9,226,Fim de Semana,Mocha Belga,18.0,Croissant Francês,13.0,Delivery,Crédito,31.0
2026-01-29,Thursday,0,19,260,Fim de Semana,Chá Orgânico,12.0,Croissant Francês,13.0,Balcão,Débito,25.0
2026-01-29,Thursday,0,10,243,Ocasional,Chá Orgânico,12.0,Bolo Red Velvet,15.0,Balcão,Pix,27.0
2026-01-29,Thursday,0,8,56,Fim de Semana,Cold Brew Especial,17.0,Croissant Francês,13.0,Delivery,Pix,30.0
2026-01-29,Thursday,0,8,181,Trabalhador,Cold Brew Especial,17.0,Quiche de Alho Poró,18.0,Delivery,Pix,35.0
2026-01-29,Thursday,0,13,110,Ocasional,Cappuccino Italiano,14.0,Croissant Francês,13.0,Balcão,Crédito,27.0
2026-01-29,Thursday,0,18,12,Trabalhador,Cold Brew Especial,17.0,Bolo Red Velvet,15.0,Balcão,Pix,32.0
2026-01-29,Thursday,0,13,79,Ocasional,Latte Baunilha,16.0,Cookie Artesanal,9.0,Delivery,Débito,25.0
2026-01-29,Thursday,0,15,153,Trabalhador,Espresso Premium,9.5,Quiche de Alho Poró,18.0,Delivery,Pix,27.5
2026-01-29,Thursday,0,7,75,Ocasional,Espresso Premium,9.5,Quiche de Alho Poró,18.0,Delivery,Débito,27.5
2026-01-29,Thursday,0,18,269,Fim de Semana,Chá Orgânico,12.0,Bolo Red Velvet,15.0,Balcão,Débito,27.0
2026-01-29,Thursday,0,10,43,Fim de Semana,Espresso Premium,9.5,Quiche de Alho Poró,18.0,Delivery,Pix,27.5
2026-01-29,Thursday,0,11,124,Fim de Semana,Mocha Belga,18.0,Bolo Red Velvet,15.0,Delivery,Débito,33.0
2026-01-29,Thursday,0,11,206,Ocasional,Cold Brew Especial,17.0,Quiche de Alho Poró,18.0,Delivery,Débito,35.0
2026-01-29,Thursday,0,11,92,Trabalhador,Latte Baunilha,16.0,Quiche de Alho Poró,18.0,Delivery,Pix,34.0
2026-01-29,Thursday,0,15,28,Trabalhador,Cappuccino Italiano,14.0,Quiche de Alho Poró,18.0,Balcão,Débito,32.0
2026-01-29,Thursday,0,20,254,Trabalhador,Cappuccino Italiano,14.0,Quiche de Alho Poró,18.0,Delivery,Débito,32.0
2026-01-29,Thursday,0,14,241,Fim de Semana,Cappuccino Italiano,14.0,Cookie Artesanal,9.0,Delivery,Crédito,23.0
2026-01-29,Thursday,0,9,106,Trabalhador,Latte Baunilha,16.0,Torta de Limão Siciliano,16.0,Delivery,Débito,32.0
2026-01-29,Thursday,0,19,196,Fim de Semana,Cold Brew Especial,17.0,Sanduíche Caprese,19.0,Balcão,Crédito,36.0
2026-01-29,Thursday,0,20,169,Trabalhador,Espresso Premium,9.5,Bolo Red Velvet,15.0,Balcão,Débito,24.5
2026-01-29,Thursday,0,18,263,Ocasional,Cold Brew Especial,17.0,Croissant Francês,13.0,Delivery,Crédito,30.0
2026-01-29,Thursday,0,7,4,Fim de Semana,Mocha Belga,18.0,Cookie Artesanal,9.0,Balcão,Débito,27.0
2026-01-29,Thursday,0,18,28,Fim de Semana,Latte Baunilha,16.0,Sanduíche Caprese,19.0,Delivery,Débito,35.0
2026-01-29,Thursday,0,18,36,Trabalhador,Chá Orgânico,12.0,Bolo Red Velvet,15.0,Balcão,Pix,27.0
2026-01-29,Thursday,0,18,239,Ocasional,Cappuccino Italiano,14.0,Sanduíche Caprese,19.0,Balcão,Crédito,33.0
2026-01-30,Friday,0,10,103,Fim de Semana,Mocha Belga,18.0,Quiche de Alho Poró,18.0,Delivery,Débito,36.0
2026-01-30,Friday,0,14,199,Ocasional,Chá Orgânico,12.0,Bolo Red Velvet,15.0,Balcão,Crédito,27.0
2026-01-30,Friday,0,10,28,Fim de Semana,Chá Orgânico,12.0,Quiche de Alho Poró,18.0,Delivery,Pix,30.0
2026-01-30,Friday,0,16,12,Fim de Semana,Latte Baunilha,16.0,Cookie Artesanal,9.0,Delivery,Crédito,25.0
2026-01-30,Friday,0,15,91,Trabalhador,Cold Brew Especial,17.0,Cookie Artesanal,9.0,Balcão,Pix,26.0
2026-01-30,Friday,0,15,205,Trabalhador,Cappuccino Italiano,14.0,Quiche de Alho Poró,18.0,Delivery,Crédito,32.0
2026-01-30,Friday,0,9,276,Trabalhador,Cold Brew Especial,17.0,Quiche de Alho Poró,18.0,Balcão,Débito,35.0
2026-01-30,Friday,0,10,42,Ocasional,Cold Brew Especial,17.0,Bolo Red Velvet,15.0,Balcão,Crédito,32.0
2026-01-30,Friday,0,17,187,Fim de Semana,Latte Baunilha,16.0,Croissant Francês,13.0,Delivery,Crédito,29.0
2026-01-30,Friday,0,16,65,Trabalhador,Latte Baunilha,16.0,Quiche de Alho Poró,18.0,Balcão,Pix,34.0
2026-01-30,Friday,0,11,264,Ocasional,Espresso Premium,9.5,Croissant Francês,13.0,Delivery,Crédito,22.5
2026-01-30,Friday,0,7,170,Trabalhador,Chá Orgânico,12.0,Bolo Red Velvet,15.0,Balcão,Crédito,27.0
2026-01-30,Friday,0,8,198,Ocasional,Mocha Belga,18.0,Croissant Francês,13.0,Balcão,Débito,31.0
2026-01-30,Friday,0,19,190,Fim de Semana,Chá Orgânico,12.0,Quiche de Alho Poró,18.0,Delivery,Débito,30.0
2026-01-30,Friday,0,12,38,Trabalhador,Chá Orgânico,12.0,Bolo Red Velvet,15.0,Balcão,Crédito,27.0
2026-01-30,Friday,0,18,55,Trabalhador,Chá Orgânico,12.0,Quiche de Alho Poró,18.0,Delivery,Pix,30.0
2026-01-30,Friday,0,15,12,Ocasional,Mocha Belga,18.0,Sanduíche Caprese,19.0,Balcão,Pix,37.0
2026-01-30,Friday,0,8,125,Ocasional,Cappuccino Italiano,14.0,Bolo Red Velvet,15.0,Delivery,Pix,29.0
2026-01-30,Friday,0,19,190,Fim de Semana,Latte Baunilha,16.0,Quiche de Alho Poró,18.0,Balcão,Pix,34.0
2026-01-30,Friday,0,10,59,Trabalhador,Chá Orgânico,12.0,Torta de Limão Siciliano,16.0,Balcão,Débito,28.0
2026-01-30,Friday,0,19,280,Trabalhador,Latte Baunilha,16.0,Torta de Limão Siciliano,16.0,Balcão,Crédito,32.0
2026-01-30,Friday,0,12,192,Fim de Semana,Chá Orgânico,12.0,Bolo Red Velvet,15.0,Balcão,Débito,27.0
2026-01-30,Friday,0,14,72,Trabalhador,Chá Orgânico,12.0,Cookie Artesanal,9.0,Delivery,Pix,21.0
2026-01-30,Friday,0,14,299,Trabalhador,Espresso Premium,9.5,Sanduíche Caprese,19.0,Delivery,Crédito,28.5
2026-01-30,Friday,0,13,43,Fim de Semana,Espresso Premium,9.5,Bolo Red Velvet,15.0,Delivery,Débito,24.5
2026-01-30,Friday,0,18,139,Ocasional,Chá Orgânico,12.0,Sanduíche Caprese,19.0,Delivery,Crédito,31.0
2026-01-30,Friday,0,15,253,Ocasional,Cold Brew Especial,17.0,Sanduíche Caprese,19.0,Delivery,Crédito,36.0
2026-01-30,Friday,0,14,293,Ocasional,Chá Orgânico,12.0,Cookie Artesanal,9.0,Delivery,Pix,21.0
2026-01-30,Friday,0,13,214,Trabalhador,Chá Orgânico,12.0,Cookie Artesanal,9.0,Balcão,Débito,21.0
2026-01-30,Friday,0,17,142,Ocasional,Mocha Belga,18.0,Torta de Limão Siciliano,16.0,Balcão,Pix,34.0
2026-01-30,Friday,0,15,135,Fim de Semana,Espresso Premium,9.5,Torta de Limão Siciliano,16.0,Balcão,Débito,25.5
2026-01-30,Friday,0,8,189,Fim de Semana,Cappuccino Italiano,14.0,Quiche de Alho Poró,18.0,Delivery,Crédito,32.0
2026-01-30,Friday,0,20,217,Fim de Semana,Espresso Premium,9.5,Torta de Limão Siciliano,16.0,Balcão,Débito,25.5
2026-01-30,Friday,0,17,89,Fim de Semana,Cold Brew Especial,17.0,Sanduíche Caprese,19.0,Balcão,Débito,36.0
2026-01-30,Friday,0,14,9,Ocasional,Cappuccino Italiano,14.0,Cookie Artesanal,9.0,Delivery,Débito,23.0
2026-01-30,Friday,0,14,145,Fim de Semana,Chá Orgânico,12.0,Torta de Limão Siciliano,16.0,Balcão,Pix,28.0
2026-01-30,Friday,0,20,293,Fim de Semana,Espresso Premium,9.5,Croissant Francês,13.0,Delivery,Débito,22.5
2026-01-30,Friday,0,16,28,Fim de Semana,Espresso Premium,9.5,Quiche de Alho Poró,18.0,Delivery,Pix,27.5
2026-01-30,Friday,0,12,298,Ocasional,Espresso Premium,9.5,Sanduíche Caprese,19.0,Balcão,Débito,28.5
2026-01-30,Friday,0,9,159,Ocasional,Chá Orgânico,12.0,Croissant Francês,13.0,Delivery,Crédito,25.0
2026-01-30,Friday,0,12,22,Fim de Semana,Latte Baunilha,16.0,Croissant Francês,13.0,Delivery,Débito,29.0
2026-01-30,Friday,0,11,175,Ocasional,Espresso Premium,9.5,Sanduíche Caprese,19.0,Delivery,Crédito,28.5
2026-01-30,Friday,0,13,160,Trabalhador,Espresso Premium,9.5,Sanduíche Caprese,19.0,Delivery,Pix,28.5
2026-01-30,Friday,0,15,76,Trabalhador,Chá Orgânico,12.0,Cookie Artesanal,9.0,Delivery,Pix,21.0
2026-01-30,Friday,0,19,251,Ocasional,Cappuccino Italiano,14.0,Torta de Limão Siciliano,16.0,Balcão,Pix,30.0
2026-01-30,Friday,0,10,73,Fim de Semana,Cappuccino Italiano,14.0,Torta de Limão Siciliano,16.0,Delivery,Pix,30.0
2026-01-30,Friday,0,20,129,Fim de Semana,Latte Baunilha,16.0,Cookie Artesanal,9.0,Delivery,Pix,25.0
2026-01-30,Friday,0,9,67,Trabalhador,Cold Brew Especial,17.0,Sanduíche Caprese,19.0,Balcão,Pix,36.0
2026-01-30,Friday,0,19,116,Fim de Semana,Latte Baunilha,16.0,Croissant Francês,13.0,Balcão,Débito,29.0
2026-01-30,Friday,0,14,259,Trabalhador,Cold Brew Especial,17.0,Cookie Artesanal,9.0,Balcão,Crédito,26.0
2026-01-30,Friday,0,13,260,Ocasional,Chá Orgânico,12.0,Cookie Artesanal,9.0,Delivery,Pix,21.0
2026-01-30,Friday,0,11,215,Trabalhador,Chá Orgânico,12.0,Cookie Artesanal,9.0,Balcão,Pix,21.0
2026-01-30,Friday,0,13,17,Fim de Semana,Chá Orgânico,12.0,Torta de Limão Siciliano,16.0,Balcão,Crédito,28.0
2026-01-30,Friday,0,17,194,Trabalhador,Espresso Premium,9.5,Bolo Red Velvet,15.0,Balcão,Pix,24.5
2026-01-30,Friday,0,17,12,Fim de Semana,Espresso Premium,9.5,Bolo Red Velvet,15.0,Delivery,Crédito,24.5
2026-01-30,Friday,0,16,9,Fim de Semana,Latte Baunilha,16.0,Torta de Limão Siciliano,16.0,Delivery,Crédito,32.0
2026-01-30,Friday,0,10,17,Ocasional,Chá Orgânico,12.0,Bolo Red Velvet,15.0,Balcão,Crédito,27.0
2026-01-30,Friday,0,14,149,Ocasional,Cold Brew Especial,17.0,Bolo Red Velvet,15.0,Balcão,Débito,32.0
2026-01-30,Friday,0,20,222,Trabalhador,Cold Brew Especial,17.0,Bolo Red Velvet,15.0,Delivery,Pix,32.0
2026-01-30,Friday,0,12,294,Fim de Semana,Cold Brew Especial,17.0,Croissant Francês,13.0,Balcão,Pix,30.0
2026-01-30,Friday,0,14,14,Trabalhador,Latte Baunilha,16.0,Bolo Red Velvet,15.0,Balcão,Crédito,31.0
2026-01-30,Friday,0,18,30,Trabalhador,Latte Baunilha,16.0,Sanduíche Caprese,19.0,Delivery,Crédito,35.0
2026-01-30,Friday,0,9,236,Trabalhador,Latte Baunilha,16.0,Torta de Limão Siciliano,16.0,Delivery,Pix,32.0
2026-01-30,Friday,0,18,239,Trabalhador,Chá Orgânico,12.0,Sanduíche Caprese,19.0,Balcão,Pix,31.0
2026-01-30,Friday,0,19,62,Trabalhador,Mocha Belga,18.0,Torta de Limão Siciliano,16.0,Delivery,Pix,34.0
2026-01-30,Friday,0,14,144,Trabalhador,Mocha Belga,18.0,Cookie Artesanal,9.0,Balcão,Crédito,27.0
2026-01-30,Friday,0,8,45,Fim de Semana,Espresso Premium,9.5,Torta de Limão Siciliano,16.0,Delivery,Pix,25.5
2026-01-30,Friday,0,16,300,Ocasional,Espresso Premium,9.5,Sanduíche Caprese,19.0,Balcão,Débito,28.5
2026-01-30,Friday,0,20,243,Trabalhador,Mocha Belga,18.0,Cookie Artesanal,9.0,Delivery,Pix,27.0
2026-01-30,Friday,0,19,140,Ocasional,Cold Brew Especial,17.0,Cookie Artesanal,9.0,Delivery,Crédito,26.0
2026-01-30,Friday,0,8,148,Ocasional,Latte Baunilha,16.0,Bolo Red Velvet,15.0,Balcão,Débito,31.0
2026-01-30,Friday,0,16,88,Trabalhador,Espresso Premium,9.5,Sanduíche Caprese,19.0,Balcão,Pix,28.5
2026-01-30,Friday,0,20,292,Fim de Semana,Cappuccino Italiano,14.0,Cookie Artesanal,9.0,Delivery,Débito,23.0
2026-01-30,Friday,0,18,140,Ocasional,Chá Orgânico,12.0,Cookie Artesanal,9.0,Balcão,Crédito,21.0
2026-01-30,Friday,0,19,274,Trabalhador,Latte Baunilha,16.0,Croissant Francês,13.0,Balcão,Crédito,29.0
2026-01-30,Friday,0,18,217,Ocasional,Espresso Premium,9.5,Croissant Francês,13.0,Balcão,Crédito,22.5
2026-01-31,Saturday,1,14,219,Fim de Semana,Latte Baunilha,16.0,Bolo Red Velvet,15.0,Balcão,Crédito,31.0
2026-01-31,Saturday,1,10,76,Trabalhador,Latte Baunilha,16.0,Bolo Red Velvet,15.0,Balcão,Crédito,31.0
2026-01-31,Saturday,1,14,221,Trabalhador,Mocha Belga,18.0,Torta de Limão Siciliano,16.0,Balcão,Débito,34.0
2026-01-31,Saturday,1,8,286,Fim de Semana,Cold Brew Especial,17.0,Sanduíche Caprese,19.0,Balcão,Pix,36.0
2026-01-31,Saturday,1,7,266,Ocasional,Mocha Belga,18.0,Bolo Red Velvet,15.0,Delivery,Débito,33.0
2026-01-31,Saturday,1,7,167,Trabalhador,Chá Orgânico,12.0,Cookie Artesanal,9.0,Delivery,Débito,21.0
2026-01-31,Saturday,1,17,47,Trabalhador,Cappuccino Italiano,14.0,Bolo Red Velvet,15.0,Delivery,Pix,29.0
2026-01-31,Saturday,1,15,59,Trabalhador,Espresso Premium,9.5,Torta de Limão Siciliano,16.0,Balcão,Débito,25.5
2026-01-31,Saturday,1,13,21,Trabalhador,Cappuccino Italiano,14.0,Torta de Limão Siciliano,16.0,Balcão,Crédito,30.0
2026-01-31,Saturday,1,14,202,Ocasional,Espresso Premium,9.5,Quiche de Alho Poró,18.0,Delivery,Pix,27.5
2026-01-31,Saturday,1,18,74,Ocasional,Chá Orgânico,12.0,Quiche de Alho Poró,18.0,Balcão,Débito,30.0
2026-01-31,Saturday,1,11,198,Ocasional,Latte Baunilha,16.0,Croissant Francês,13.0,Delivery,Crédito,29.0
2026-01-31,Saturday,1,14,42,Fim de Semana,Espresso Premium,9.5,Sanduíche Caprese,19.0,Balcão,Crédito,28.5
2026-01-31,Saturday,1,16,227,Fim de Semana,Cold Brew Especial,17.0,Croissant Francês,13.0,Balcão,Pix,30.0
2026-01-31,Saturday,1,19,128,Ocasional,Cold Brew Especial,17.0,Croissant Francês,13.0,Balcão,Débito,30.0
2026-01-31,Saturday,1,16,121,Trabalhador,Cold Brew Especial,17.0,Quiche de Alho Poró,18.0,Balcão,Pix,35.0
2026-01-31,Saturday,1,9,45,Fim de Semana,Cappuccino Italiano,14.0,Croissant Francês,13.0,Balcão,Débito,27.0
2026-01-31,Saturday,1,15,135,Fim de Semana,Espresso Premium,9.5,Quiche de Alho Poró,18.0,Balcão,Crédito,27.5
2026-01-31,Saturday,1,8,78,Fim de Semana,Cappuccino Italiano,14.0,Croissant Francês,13.0,Balcão,Débito,27.0
2026-01-31,Saturday,1,11,192,Ocasional,Latte Baunilha,16.0,Cookie Artesanal,9.0,Delivery,Débito,25.0
2026-01-31,Saturday,1,19,172,Fim de Semana,Espresso Premium,9.5,Torta de Limão Siciliano,16.0,Delivery,Débito,25.5
2026-01-31,Saturday,1,17,252,Ocasional,Espresso Premium,9.5,Quiche de Alho Poró,18.0,Balcão,Crédito,27.5
2026-01-31,Saturday,1,14,64,Trabalhador,Chá Orgânico,12.0,Sanduíche Caprese,19.0,Delivery,Débito,31.0
2026-01-31,Saturday,1,12,292,Fim de Semana,Espresso Premium,9.5,Bolo Red Velvet,15.0,Balcão,Crédito,24.5
2026-01-31,Saturday,1,10,109,Fim de Semana,Mocha Belga,18.0,Sanduíche Caprese,19.0,Balcão,Crédito,37.0
2026-01-31,Saturday,1,7,44,Trabalhador,Espresso Premium,9.5,Torta de Limão Siciliano,16.0,Delivery,Crédito,25.5
2026-01-31,Saturday,1,18,173,Fim de Semana,Cold Brew Especial,17.0,Croissant Francês,13.0,Delivery,Crédito,30.0
2026-01-31,Saturday,1,12,155,Ocasional,Mocha Belga,18.0,Sanduíche Caprese,19.0,Delivery,Débito,37.0
2026-01-31,Saturday,1,19,193,Fim de Semana,Latte Baunilha,16.0,Sanduíche Caprese,19.0,Balcão,Pix,35.0
2026-01-31,Saturday,1,13,150,Ocasional,Espresso Premium,9.5,Quiche de Alho Poró,18.0,Delivery,Pix,27.5
2026-01-31,Saturday,1,12,134,Fim de Semana,Espresso Premium,9.5,Croissant Francês,13.0,Delivery,Crédito,22.5
2026-01-31,Saturday,1,12,116,Trabalhador,Latte Baunilha,16.0,Sanduíche Caprese,19.0,Delivery,Crédito,35.0
2026-01-31,Saturday,1,10,228,Fim de Semana,Cappuccino Italiano,14.0,Quiche de Alho Poró,18.0,Balcão,Débito,32.0
2026-01-31,Saturday,1,15,86,Ocasional,Cold Brew Especial,17.0,Torta de Limão Siciliano,16.0,Delivery,Pix,33.0
2026-01-31,Saturday,1,10,68,Fim de Semana,Cappuccino Italiano,14.0,Sanduíche Caprese,19.0,Delivery,Crédito,33.0
2026-01-31,Saturday,1,12,112,Ocasional,Cappuccino Italiano,14.0,Croissant Francês,13.0,Balcão,Pix,27.0
2026-01-31,Saturday,1,14,11,Fim de Semana,Chá Orgânico,12.0,Torta de Limão Siciliano,16.0,Balcão,Débito,28.0
2026-01-31,Saturday,1,7,185,Ocasional,Cappuccino Italiano,14.0,Croissant Francês,13.0,Delivery,Crédito,27.0
2026-01-31,Saturday,1,16,214,Trabalhador,Chá Orgânico,12.0,Torta de Limão Siciliano,16.0,Balcão,Débito,28.0
2026-01-31,Saturday,1,8,276,Ocasional,Chá Orgânico,12.0,Bolo Red Velvet,15.0,Delivery,Débito,27.0
2026-01-31,Saturday,1,11,67,Trabalhador,Chá Orgânico,12.0,Cookie Artesanal,9.0,Delivery,Pix,21.0
2026-01-31,Saturday,1,11,215,Trabalhador,Cold Brew Especial,17.0,Croissant Francês,13.0,Balcão,Pix,30.0
2026-01-31,Saturday,1,8,228,Fim de Semana,Espresso Premium,9.5,Croissant Francês,13.0,Delivery,Débito,22.5
2026-01-31,Saturday,1,17,201,Ocasional,Chá Orgânico,12.0,Bolo Red Velvet,15.0,Balcão,Débito,27.0
2026-01-31,Saturday,1,13,198,Trabalhador,Mocha Belga,18.0,Croissant Francês,13.0,Delivery,Débito,31.0
2026-01-31,Saturday,1,11,71,Trabalhador,Cappuccino Italiano,14.0,Cookie Artesanal,9.0,Delivery,Pix,23.0
2026-01-31,Saturday,1,8,245,Trabalhador,Cappuccino Italiano,14.0,Torta de Limão Siciliano,16.0,Balcão,Crédito,30.0
2026-01-31,Saturday,1,13,46,Trabalhador,Espresso Premium,9.5,Cookie Artesanal,9.0,Delivery,Crédito,18.5
2026-01-31,Saturday,1,15,67,Trabalhador,Mocha Belga,18.0,Quiche de Alho Poró,18.0,Balcão,Débito,36.0
2026-01-31,Saturday,1,16,26,Trabalhador,Cold Brew Especial,17.0,Sanduíche Caprese,19.0,Balcão,Débito,36.0
2026-01-31,Saturday,1,12,8,Ocasional,Latte Baunilha,16.0,Sanduíche Caprese,19.0,Delivery,Crédito,35.0
2026-01-31,Saturday,1,8,160,Ocasional,Cappuccino Italiano,14.0,Quiche de Alho Poró,18.0,Delivery,Débito,32.0
2026-01-31,Saturday,1,17,9,Ocasional,Cappuccino Italiano,14.0,Quiche de Alho Poró,18.0,Delivery,Débito,32.0
2026-01-31,Saturday,1,20,219,Trabalhador,Mocha Belga,18.0,Torta de Limão Siciliano,16.0,Delivery,Crédito,34.0
2026-01-31,Saturday,1,8,30,Ocasional,Cold Brew Especial,17.0,Sanduíche Caprese,19.0,Delivery,Pix,36.0
2026-01-31,Saturday,1,12,172,Trabalhador,Cold Brew Especial,17.0,Bolo Red Velvet,15.0,Balcão,Débito,32.0
2026-01-31,Saturday,1,7,255,Fim de Semana,Chá Orgânico,12.0,Sanduíche Caprese,19.0,Balcão,Crédito,31.0
2026-01-31,Saturday,1,16,163,Fim de Semana,Mocha Belga,18.0,Cookie Artesanal,9.0,Balcão,Pix,27.0
2026-01-31,Saturday,1,11,297,Trabalhador,Cold Brew Especial,17.0,Croissant Francês,13.0,Balcão,Crédito,30.0
2026-01-31,Saturday,1,11,261,Trabalhador,Mocha Belga,18.0,Torta de Limão Siciliano,16.0,Delivery,Débito,34.0
2026-01-31,Saturday,1,13,13,Trabalhador,Cappuccino Italiano,14.0,Sanduíche Caprese,19.0,Balcão,Pix,33.0
2026-01-31,Saturday,1,16,208,Ocasional,Espresso Premium,9.5,Sanduíche Caprese,19.0,Balcão,Pix,28.5
2026-01-31,Saturday,1,20,285,Trabalhador,Cappuccino Italiano,14.0,Quiche de Alho Poró,18.0,Balcão,Crédito,32.0
2026-01-31,Saturday,1,14,163,Ocasional,Mocha Belga,18.0,Sanduíche Caprese,19.0,Balcão,Débito,37.0
2026-01-31,Saturday,1,15,223,Trabalhador,Mocha Belga,18.0,Quiche de Alho Poró,18.0,Balcão,Crédito,36.0
2026-01-31,Saturday,1,17,43,Trabalhador,Mocha Belga,18.0,Sanduíche Caprese,19.0,Balcão,Crédito,37.0
2026-01-31,Saturday,1,14,297,Trabalhador,Cold Brew Especial,17.0,Torta de Limão Siciliano,16.0,Balcão,Crédito,33.0
2026-01-31,Saturday,1,17,229,Fim de Semana,Mocha Belga,18.0,Cookie Artesanal,9.0,Balcão,Pix,27.0
2026-01-31,Saturday,1,14,108,Fim de Semana,Mocha Belga,18.0,Sanduíche Caprese,19.0,Delivery,Crédito,37.0
2026-01-31,Saturday,1,18,273,Ocasional,Cold Brew Especial,17.0,Bolo Red Velvet,15.0,Delivery,Débito,32.0
2026-01-31,Saturday,1,13,173,Ocasional,Cold Brew Especial,17.0,Sanduíche Caprese,19.0,Balcão,Pix,36.0
2026-01-31,Saturday,1,11,78,Trabalhador,Cold Brew Especial,17.0,Sanduíche Caprese,19.0,Balcão,Crédito,36.0
2026-01-31,Saturday,1,10,120,Fim de Semana,Chá Orgânico,12.0,Quiche de Alho Poró,18.0,Delivery,Crédito,30.0
2026-01-31,Saturday,1,10,28,Fim de Semana,Latte Baunilha,16.0,Torta de Limão Siciliano,16.0,Delivery,Crédito,32.0
2026-01-31,Saturday,1,17,73,Trabalhador,Latte Baunilha,16.0,Croissant Francês,13.0,Balcão,Pix,29.0
2026-01-31,Saturday,1,13,159,Trabalhador,Mocha Belga,18.0,Quiche de Alho Poró,18.0,Delivery,Débito,36.0
2026-01-31,Saturday,1,18,282,Ocasional,Chá Orgânico,12.0,Torta de Limão Siciliano,16.0,Balcão,Débito,28.0
2026-01-31,Saturday,1,18,4,Ocasional,Mocha Belga,18.0,Croissant Francês,13.0,Balcão,Crédito,31.0
2026-01-31,Saturday,1,16,29,Trabalhador,Espresso Premium,9.5,Sanduíche Caprese,19.0,Delivery,Crédito,28.5
2026-01-31,Saturday,1,16,200,Trabalhador,Cappuccino Italiano,14.0,Torta de Limão Siciliano,16.0,Balcão,Débito,30.0
2026-01-31,Saturday,1,15,242,Ocasional,Chá Orgânico,12.0,Quiche de Alho Poró,18.0,Balcão,Pix,30.0
2026-01-31,Saturday,1,18,55,Trabalhador,Cold Brew Especial,17.0,Croissant Francês,13.0,Balcão,Pix,30.0
2026-01-31,Saturday,1,8,288,Trabalhador,Espresso Premium,9.5,Bolo Red Velvet,15.0,Delivery,Crédito,24.5
2026-01-31,Saturday,1,14,171,Ocasional,Mocha Belga,18.0,Sanduíche Caprese,19.0,Balcão,Crédito,37.0
2026-01-31,Saturday,1,19,179,Fim de Semana,Espresso Premium,9.5,Cookie Artesanal,9.0,Delivery,Crédito,18.5
2026-01-31,Saturday,1,10,272,Trabalhador,Cappuccino Italiano,14.0,Torta de Limão Siciliano,16.0,Balcão,Crédito,30.0
2026-01-31,Saturday,1,19,175,Ocasional,Cold Brew Especial,17.0,Bolo Red Velvet,15.0,Delivery,Pix,32.0
2026-01-31,Saturday,1,18,39,Ocasional,Latte Baunilha,16.0,Sanduíche Caprese,19.0,Delivery,Débito,35.0
2026-02-01,Sunday,1,16,119,Ocasional,Mocha Belga,18.0,Croissant Francês,13.0,Balcão,Débito,31.0
2026-02-01,Sunday,1,16,184,Trabalhador,Chá Orgânico,12.0,Cookie Artesanal,9.0,Balcão,Crédito,21.0
2026-02-01,Sunday,1,8,21,Ocasional,Espresso Premium,9.5,Cookie Artesanal,9.0,Delivery,Débito,18.5
2026-02-01,Sunday,1,9,139,Fim de Semana,Cold Brew Especial,17.0,Cookie Artesanal,9.0,Delivery,Pix,26.0
2026-02-01,Sunday,1,10,207,Fim de Semana,Cappuccino Italiano,14.0,Cookie Artesanal,9.0,Balcão,Crédito,23.0
2026-02-01,Sunday,1,14,239,Fim de Semana,Cold Brew Especial,17.0,Torta de Limão Siciliano,16.0,Balcão,Débito,33.0
2026-02-01,Sunday,1,9,82,Fim de Semana,Mocha Belga,18.0,Croissant Francês,13.0,Balcão,Débito,31.0
2026-02-01,Sunday,1,7,77,Fim de Semana,Cold Brew Especial,17.0,Quiche de Alho Poró,18.0,Delivery,Pix,35.0
2026-02-01,Sunday,1,16,103,Ocasional,Latte Baunilha,16.0,Croissant Francês,13.0,Delivery,Crédito,29.0
2026-02-01,Sunday,1,20,2,Trabalhador,Espresso Premium,9.5,Bolo Red Velvet,15.0,Balcão,Pix,24.5
2026-02-01,Sunday,1,12,54,Trabalhador,Chá Orgânico,12.0,Quiche de Alho Poró,18.0,Balcão,Débito,30.0
2026-02-01,Sunday,1,7,246,Fim de Semana,Chá Orgânico,12.0,Sanduíche Caprese,19.0,Delivery,Débito,31.0
2026-02-01,Sunday,1,14,25,Trabalhador,Mocha Belga,18.0,Croissant Francês,13.0,Delivery,Débito,31.0
2026-02-01,Sunday,1,18,101,Fim de Semana,Latte Baunilha,16.0,Cookie Artesanal,9.0,Delivery,Crédito,25.0
2026-02-01,Sunday,1,9,66,Fim de Semana,Mocha Belga,18.0,Bolo Red Velvet,15.0,Delivery,Débito,33.0
2026-02-01,Sunday,1,9,247,Trabalhador,Cold Brew Especial,17.0,Bolo Red Velvet,15.0,Delivery,Pix,32.0
2026-02-01,Sunday,1,19,260,Fim de Semana,Chá Orgânico,12.0,Bolo Red Velvet,15.0,Balcão,Débito,27.0
2026-02-01,Sunday,1,20,241,Fim de Semana,Mocha Belga,18.0,Croissant Francês,13.0,Delivery,Pix,31.0
2026-02-01,Sunday,1,17,296,Fim de Semana,Cappuccino Italiano,14.0,Quiche de Alho Poró,18.0,Delivery,Crédito,32.0
2026-02-01,Sunday,1,11,63,Fim de Semana,Chá Orgânico,12.0,Cookie Artesanal,9.0,Balcão,Débito,21.0
2026-02-01,Sunday,1,20,158,Ocasional,Cappuccino Italiano,14.0,Sanduíche Caprese,19.0,Balcão,Crédito,33.0
2026-02-01,Sunday,1,15,102,Trabalhador,Latte Baunilha,16.0,Quiche de Alho Poró,18.0,Delivery,Pix,34.0
2026-02-01,Sunday,1,8,1,Trabalhador,Cold Brew Especial,17.0,Croissant Francês,13.0,Delivery,Crédito,30.0
2026-02-01,Sunday,1,10,203,Ocasional,Cappuccino Italiano,14.0,Quiche de Alho Poró,18.0,Delivery,Pix,32.0
2026-02-01,Sunday,1,20,62,Trabalhador,Mocha Belga,18.0,Cookie Artesanal,9.0,Balcão,Pix,27.0
2026-02-01,Sunday,1,13,33,Ocasional,Mocha Belga,18.0,Cookie Artesanal,9.0,Delivery,Crédito,27.0
2026-02-01,Sunday,1,12,254,Trabalhador,Espresso Premium,9.5,Sanduíche Caprese,19.0,Balcão,Crédito,28.5
2026-02-01,Sunday,1,20,107,Trabalhador,Chá Orgânico,12.0,Torta de Limão Siciliano,16.0,Balcão,Crédito,28.0
2026-02-01,Sunday,1,19,82,Trabalhador,Cold Brew Especial,17.0,Cookie Artesanal,9.0,Balcão,Pix,26.0
2026-02-01,Sunday,1,17,258,Trabalhador,Cappuccino Italiano,14.0,Torta de Limão Siciliano,16.0,Delivery,Débito,30.0
2026-02-01,Sunday,1,17,99,Ocasional,Latte Baunilha,16.0,Sanduíche Caprese,19.0,Balcão,Crédito,35.0
2026-02-01,Sunday,1,9,3,Ocasional,Latte Baunilha,16.0,Quiche de Alho Poró,18.0,Delivery,Pix,34.0
2026-02-01,Sunday,1,11,245,Fim de Semana,Chá Orgânico,12.0,Bolo Red Velvet,15.0,Delivery,Pix,27.0
2026-02-01,Sunday,1,8,263,Fim de Semana,Espresso Premium,9.5,Quiche de Alho Poró,18.0,Balcão,Pix,27.5
2026-02-01,Sunday,1,11,132,Ocasional,Cappuccino Italiano,14.0,Croissant Francês,13.0,Delivery,Crédito,27.0
2026-02-01,Sunday,1,20,29,Trabalhador,Cold Brew Especial,17.0,Torta de Limão Siciliano,16.0,Delivery,Débito,33.0
2026-02-01,Sunday,1,17,260,Trabalhador,Chá Orgânico,12.0,Bolo Red Velvet,15.0,Delivery,Débito,27.0
2026-02-01,Sunday,1,7,248,Trabalhador,Mocha Belga,18.0,Sanduíche Caprese,19.0,Delivery,Débito,37.0
2026-02-01,Sunday,1,20,202,Fim de Semana,Latte Baunilha,16.0,Croissant Francês,13.0,Balcão,Pix,29.0
2026-02-01,Sunday,1,14,214,Ocasional,Espresso Premium,9.5,Bolo Red Velvet,15.0,Balcão,Pix,24.5
2026-02-01,Sunday,1,9,99,Fim de Semana,Cold Brew Especial,17.0,Torta de Limão Siciliano,16.0,Delivery,Crédito,33.0
2026-02-01,Sunday,1,9,149,Trabalhador,Latte Baunilha,16.0,Croissant Francês,13.0,Balcão,Débito,29.0
2026-02-01,Sunday,1,14,254,Fim de Semana,Chá Orgânico,12.0,Croissant Francês,13.0,Balcão,Débito,25.0
2026-02-01,Sunday,1,8,233,Fim de Semana,Mocha Belga,18.0,Cookie Artesanal,9.0,Delivery,Crédito,27.0
2026-02-01,Sunday,1,15,88,Trabalhador,Cappuccino Italiano,14.0,Bolo Red Velvet,15.0,Balcão,Pix,29.0
2026-02-01,Sunday,1,14,83,Trabalhador,Cappuccino Italiano,14.0,Torta de Limão Siciliano,16.0,Delivery,Pix,30.0
2026-02-01,Sunday,1,17,261,Ocasional,Mocha Belga,18.0,Sanduíche Caprese,19.0,Delivery,Pix,37.0
2026-02-01,Sunday,1,11,163,Ocasional,Cappuccino Italiano,14.0,Cookie Artesanal,9.0,Delivery,Débito,23.0
2026-02-01,Sunday,1,20,242,Fim de Semana,Latte Baunilha,16.0,Torta de Limão Siciliano,16.0,Balcão,Crédito,32.0
2026-02-01,Sunday,1,19,192,Trabalhador,Latte Baunilha,16.0,Bolo Red Velvet,15.0,Balcão,Pix,31.0
2026-02-01,Sunday,1,19,292,Ocasional,Espresso Premium,9.5,Croissant Francês,13.0,Balcão,Crédito,22.5
2026-02-01,Sunday,1,15,208,Ocasional,Cold Brew Especial,17.0,Quiche de Alho Poró,18.0,Balcão,Crédito,35.0
2026-02-01,Sunday,1,12,280,Trabalhador,Espresso Premium,9.5,Sanduíche Caprese,19.0,Balcão,Crédito,28.5
2026-02-01,Sunday,1,15,77,Fim de Semana,Espresso Premium,9.5,Torta de Limão Siciliano,16.0,Balcão,Pix,25.5
2026-02-01,Sunday,1,15,158,Ocasional,Cold Brew Especial,17.0,Sanduíche Caprese,19.0,Balcão,Débito,36.0
2026-02-01,Sunday,1,14,283,Fim de Semana,Espresso Premium,9.5,Torta de Limão Siciliano,16.0,Balcão,Débito,25.5
2026-02-01,Sunday,1,15,47,Fim de Semana,Cappuccino Italiano,14.0,Croissant Francês,13.0,Balcão,Pix,27.0
2026-02-01,Sunday,1,9,179,Trabalhador,Latte Baunilha,16.0,Sanduíche Caprese,19.0,Balcão,Crédito,35.0
2026-02-01,Sunday,1,15,223,Ocasional,Cappuccino Italiano,14.0,Quiche de Alho Poró,18.0,Delivery,Pix,32.0
2026-02-01,Sunday,1,7,249,Ocasional,Espresso Premium,9.5,Croissant Francês,13.0,Balcão,Crédito,22.5
2026-02-01,Sunday,1,11,126,Trabalhador,Mocha Belga,18.0,Sanduíche Caprese,19.0,Delivery,Crédito,37.0
2026-02-01,Sunday,1,9,206,Fim de Semana,Espresso Premium,9.5,Quiche de Alho Poró,18.0,Balcão,Crédito,27.5
2026-02-01,Sunday,1,9,75,Trabalhador,Latte Baunilha,16.0,Cookie Artesanal,9.0,Delivery,Pix,25.0
2026-02-01,Sunday,1,11,272,Trabalhador,Cappuccino Italiano,14.0,Bolo Red Velvet,15.0,Delivery,Débito,29.0
2026-02-01,Sunday,1,18,8,Ocasional,Cappuccino Italiano,14.0,Cookie Artesanal,9.0,Balcão,Crédito,23.0
2026-02-01,Sunday,1,15,179,Trabalhador,Cold Brew Especial,17.0,Croissant Francês,13.0,Delivery,Crédito,30.0
2026-02-01,Sunday,1,18,183,Trabalhador,Cappuccino Italiano,14.0,Bolo Red Velvet,15.0,Balcão,Pix,29.0
2026-02-01,Sunday,1,19,92,Trabalhador,Espresso Premium,9.5,Sanduíche Caprese,19.0,Delivery,Pix,28.5
2026-02-01,Sunday,1,10,54,Ocasional,Espresso Premium,9.5,Sanduíche Caprese,19.0,Delivery,Pix,28.5
2026-02-01,Sunday,1,17,278,Trabalhador,Cold Brew Especial,17.0,Croissant Francês,13.0,Delivery,Pix,30.0
2026-02-01,Sunday,1,10,221,Fim de Semana,Espresso Premium,9.5,Sanduíche Caprese,19.0,Balcão,Débito,28.5
2026-02-01,Sunday,1,11,142,Fim de Semana,Espresso Premium,9.5,Quiche de Alho Poró,18.0,Delivery,Crédito,27.5
2026-02-01,Sunday,1,10,35,Ocasional,Espresso Premium,9.5,Croissant Francês,13.0,Balcão,Débito,22.5
2026-02-01,Sunday,1,18,158,Trabalhador,Latte Baunilha,16.0,Bolo Red Velvet,15.0,Delivery,Crédito,31.0
2026-02-01,Sunday,1,20,85,Trabalhador,Cold Brew Especial,17.0,Quiche de Alho Poró,18.0,Balcão,Pix,35.0
2026-02-01,Sunday,1,13,207,Fim de Semana,Latte Baunilha,16.0,Sanduíche Caprese,19.0,Balcão,Pix,35.0
2026-02-01,Sunday,1,11,217,Trabalhador,Cappuccino Italiano,14.0,Sanduíche Caprese,19.0,Delivery,Débito,33.0
2026-02-01,Sunday,1,11,96,Fim de Semana,Cappuccino Italiano,14.0,Cookie Artesanal,9.0,Delivery,Pix,23.0
2026-02-01,Sunday,1,7,56,Trabalhador,Chá Orgânico,12.0,Cookie Artesanal,9.0,Delivery,Crédito,21.0
2026-02-01,Sunday,1,13,293,Fim de Semana,Cappuccino Italiano,14.0,Bolo Red Velvet,15.0,Delivery,Crédito,29.0
2026-02-01,Sunday,1,15,84,Fim de Semana,Espresso Premium,9.5,Croissant Francês,13.0,Delivery,Crédito,22.5
2026-02-01,Sunday,1,11,93,Trabalhador,Cappuccino Italiano,14.0,Croissant Francês,13.0,Balcão,Débito,27.0
2026-02-01,Sunday,1,8,97,Trabalhador,Cappuccino Italiano,14.0,Sanduíche Caprese,19.0,Delivery,Pix,33.0
2026-02-01,Sunday,1,9,100,Trabalhador,Latte Baunilha,16.0,Cookie Artesanal,9.0,Balcão,Pix,25.0
2026-02-01,Sunday,1,15,187,Fim de Semana,Espresso Premium,9.5,Sanduíche Caprese,19.0,Balcão,Pix,28.5
2026-02-01,Sunday,1,12,42,Ocasional,Mocha Belga,18.0,Bolo Red Velvet,15.0,Delivery,Pix,33.0
2026-02-01,Sunday,1,9,258,Trabalhador,Latte Baunilha,16.0,Bolo Red Velvet,15.0,Balcão,Pix,31.0
2026-02-01,Sunday,1,11,71,Trabalhador,Cold Brew Especial,17.0,Sanduíche Caprese,19.0,Delivery,Pix,36.0
2026-02-01,Sunday,1,19,183,Fim de Semana,Espresso Premium,9.5,Torta de Limão Siciliano,16.0,Balcão,Débito,25.5
2026-02-02,Monday,0,9,51,Trabalhador,Latte Baunilha,16.0,Sanduíche Caprese,19.0,Balcão,Débito,35.0
2026-02-02,Monday,0,8,112,Fim de Semana,Cold Brew Especial,17.0,Sanduíche Caprese,19.0,Balcão,Crédito,36.0
2026-02-02,Monday,0,18,110,Fim de Semana,Cold Brew Especial,17.0,Bolo Red Velvet,15.0,Delivery,Pix,32.0
2026-02-02,Monday,0,11,82,Ocasional,Espresso Premium,9.5,Sanduíche Caprese,19.0,Balcão,Débito,28.5
2026-02-02,Monday,0,15,25,Trabalhador,Latte Baunilha,16.0,Quiche de Alho Poró,18.0,Delivery,Pix,34.0
2026-02-02,Monday,0,20,292,Fim de Semana,Cappuccino Italiano,14.0,Bolo Red Velvet,15.0,Balcão,Crédito,29.0
2026-02-02,Monday,0,16,135,Fim de Semana,Latte Baunilha,16.0,Bolo Red Velvet,15.0,Delivery,Crédito,31.0
2026-02-02,Monday,0,8,6,Trabalhador,Chá Orgânico,12.0,Sanduíche Caprese,19.0,Balcão,Crédito,31.0
2026-02-02,Monday,0,15,194,Ocasional,Latte Baunilha,16.0,Cookie Artesanal,9.0,Balcão,Débito,25.0
2026-02-02,Monday,0,9,178,Ocasional,Cappuccino Italiano,14.0,Bolo Red Velvet,15.0,Balcão,Crédito,29.0
2026-02-02,Monday,0,19,20,Ocasional,Mocha Belga,18.0,Bolo Red Velvet,15.0,Delivery,Pix,33.0
2026-02-02,Monday,0,7,269,Trabalhador,Cold Brew Especial,17.0,Torta de Limão Siciliano,16.0,Balcão,Pix,33.0
2026-02-02,Monday,0,17,46,Ocasional,Cappuccino Italiano,14.0,Torta de Limão Siciliano,16.0,Balcão,Débito,30.0
2026-02-02,Monday,0,17,142,Ocasional,Latte Baunilha,16.0,Torta de Limão Siciliano,16.0,Balcão,Débito,32.0
2026-02-02,Monday,0,11,264,Fim de Semana,Latte Baunilha,16.0,Croissant Francês,13.0,Delivery,Débito,29.0
2026-02-02,Monday,0,14,140,Fim de Semana,Espresso Premium,9.5,Cookie Artesanal,9.0,Balcão,Crédito,18.5
2026-02-02,Monday,0,11,160,Ocasional,Cappuccino Italiano,14.0,Croissant Francês,13.0,Balcão,Pix,27.0
2026-02-02,Monday,0,8,229,Ocasional,Espresso Premium,9.5,Sanduíche Caprese,19.0,Balcão,Pix,28.5
2026-02-02,Monday,0,17,174,Trabalhador,Cappuccino Italiano,14.0,Quiche de Alho Poró,18.0,Balcão,Crédito,32.0
2026-02-02,Monday,0,18,52,Trabalhador,Cold Brew Especial,17.0,Sanduíche Caprese,19.0,Balcão,Pix,36.0
2026-02-02,Monday,0,13,132,Trabalhador,Latte Baunilha,16.0,Croissant Francês,13.0,Delivery,Débito,29.0
2026-02-02,Monday,0,10,176,Ocasional,Espresso Premium,9.5,Croissant Francês,13.0,Balcão,Crédito,22.5
2026-02-02,Monday,0,19,170,Trabalhador,Cold Brew Especial,17.0,Quiche de Alho Poró,18.0,Balcão,Débito,35.0
2026-02-02,Monday,0,15,89,Ocasional,Latte Baunilha,16.0,Torta de Limão Siciliano,16.0,Delivery,Pix,32.0
2026-02-02,Monday,0,15,227,Fim de Semana,Espresso Premium,9.5,Croissant Francês,13.0,Balcão,Pix,22.5
2026-02-02,Monday,0,14,254,Fim de Semana,Espresso Premium,9.5,Quiche de Alho Poró,18.0,Delivery,Pix,27.5
2026-02-02,Monday,0,17,48,Ocasional,Chá Orgânico,12.0,Croissant Francês,13.0,Balcão,Crédito,25.0
2026-02-02,Monday,0,15,88,Ocasional,Cappuccino Italiano,14.0,Sanduíche Caprese,19.0,Balcão,Pix,33.0
2026-02-02,Monday,0,7,156,Fim de Semana,Mocha Belga,18.0,Sanduíche Caprese,19.0,Balcão,Pix,37.0
2026-02-02,Monday,0,13,151,Ocasional,Latte Baunilha,16.0,Quiche de Alho Poró,18.0,Balcão,Débito,34.0
2026-02-02,Monday,0,17,79,Fim de Semana,Espresso Premium,9.5,Croissant Francês,13.0,Delivery,Pix,22.5
2026-02-02,Monday,0,19,294,Ocasional,Chá Orgânico,12.0,Bolo Red Velvet,15.0,Delivery,Débito,27.0
2026-02-02,Monday,0,19,50,Ocasional,Cold Brew Especial,17.0,Bolo Red Velvet,15.0,Delivery,Crédito,32.0
2026-02-02,Monday,0,10,129,Trabalhador,Cold Brew Especial,17.0,Quiche de Alho Poró,18.0,Delivery,Débito,35.0
2026-02-02,Monday,0,10,174,Fim de Semana,Latte Baunilha,16.0,Cookie Artesanal,9.0,Delivery,Débito,25.0
2026-02-02,Monday,0,14,38,Ocasional,Latte Baunilha,16.0,Quiche de Alho Poró,18.0,Balcão,Débito,34.0
2026-02-02,Monday,0,9,86,Trabalhador,Cappuccino Italiano,14.0,Bolo Red Velvet,15.0,Delivery,Crédito,29.0
2026-02-02,Monday,0,17,3,Ocasional,Cappuccino Italiano,14.0,Sanduíche Caprese,19.0,Balcão,Débito,33.0
2026-02-02,Monday,0,10,220,Fim de Semana,Mocha Belga,18.0,Cookie Artesanal,9.0,Balcão,Débito,27.0
2026-02-02,Monday,0,18,4,Ocasional,Latte Baunilha,16.0,Bolo Red Velvet,15.0,Balcão,Pix,31.0
2026-02-02,Monday,0,14,10,Fim de Semana,Cappuccino Italiano,14.0,Cookie Artesanal,9.0,Delivery,Pix,23.0
2026-02-02,Monday,0,8,58,Fim de Semana,Cappuccino Italiano,14.0,Croissant Francês,13.0,Balcão,Débito,27.0
2026-02-02,Monday,0,13,236,Fim de Semana,Chá Orgânico,12.0,Croissant Francês,13.0,Balcão,Pix,25.0
2026-02-02,Monday,0,14,211,Ocasional,Mocha Belga,18.0,Cookie Artesanal,9.0,Delivery,Pix,27.0
2026-02-02,Monday,0,15,120,Ocasional,Chá Orgânico,12.0,Torta de Limão Siciliano,16.0,Balcão,Crédito,28.0
2026-02-02,Monday,0,13,276,Ocasional,Chá Orgânico,12.0,Torta de Limão Siciliano,16.0,Balcão,Débito,28.0
2026-02-02,Monday,0,9,283,Trabalhador,Espresso Premium,9.5,Croissant Francês,13.0,Delivery,Pix,22.5
2026-02-02,Monday,0,14,111,Trabalhador,Chá Orgânico,12.0,Croissant Francês,13.0,Delivery,Débito,25.0
2026-02-02,Monday,0,10,188,Trabalhador,Cold Brew Especial,17.0,Sanduíche Caprese,19.0,Balcão,Crédito,36.0
2026-02-02,Monday,0,7,274,Ocasional,Mocha Belga,18.0,Cookie Artesanal,9.0,Delivery,Pix,27.0
2026-02-02,Monday,0,10,73,Ocasional,Mocha Belga,18.0,Quiche de Alho Poró,18.0,Delivery,Pix,36.0
2026-02-02,Monday,0,10,100,Ocasional,Mocha Belga,18.0,Croissant Francês,13.0,Delivery,Crédito,31.0
2026-02-02,Monday,0,7,160,Fim de Semana,Espresso Premium,9.5,Croissant Francês,13.0,Delivery,Débito,22.5
2026-02-02,Monday,0,15,70,Ocasional,Cappuccino Italiano,14.0,Quiche de Alho Poró,18.0,Balcão,Crédito,32.0
2026-02-02,Monday,0,9,89,Fim de Semana,Mocha Belga,18.0,Sanduíche Caprese,19.0,Delivery,Débito,37.0
2026-02-02,Monday,0,20,234,Ocasional,Mocha Belga,18.0,Bolo Red Velvet,15.0,Balcão,Pix,33.0
2026-02-02,Monday,0,15,62,Ocasional,Cold Brew Especial,17.0,Croissant Francês,13.0,Balcão,Crédito,30.0
2026-02-02,Monday,0,9,290,Fim de Semana,Mocha Belga,18.0,Croissant Francês,13.0,Balcão,Crédito,31.0
2026-02-02,Monday,0,20,205,Trabalhador,Cold Brew Especial,17.0,Quiche de Alho Poró,18.0,Delivery,Pix,35.0
2026-02-02,Monday,0,18,253,Trabalhador,Mocha Belga,18.0,Quiche de Alho Poró,18.0,Balcão,Débito,36.0
2026-02-02,Monday,0,11,43,Fim de Semana,Latte Baunilha,16.0,Torta de Limão Siciliano,16.0,Balcão,Débito,32.0
2026-02-02,Monday,0,10,289,Ocasional,Espresso Premium,9.5,Sanduíche Caprese,19.0,Balcão,Débito,28.5
2026-02-02,Monday,0,18,222,Trabalhador,Latte Baunilha,16.0,Torta de Limão Siciliano,16.0,Delivery,Débito,32.0
2026-02-02,Monday,0,20,215,Ocasional,Latte Baunilha,16.0,Bolo Red Velvet,15.0,Delivery,Débito,31.0
2026-02-02,Monday,0,17,216,Fim de Semana,Cappuccino Italiano,14.0,Bolo Red Velvet,15.0,Delivery,Débito,29.0
2026-02-02,Monday,0,13,108,Fim de Semana,Cappuccino Italiano,14.0,Cookie Artesanal,9.0,Delivery,Débito,23.0
2026-02-02,Monday,0,7,48,Ocasional,Latte Baunilha,16.0,Sanduíche Caprese,19.0,Balcão,Pix,35.0
2026-02-02,Monday,0,19,159,Ocasional,Latte Baunilha,16.0,Croissant Francês,13.0,Delivery,Débito,29.0
2026-02-02,Monday,0,15,247,Trabalhador,Latte Baunilha,16.0,Croissant Francês,13.0,Delivery,Pix,29.0
2026-02-02,Monday,0,15,196,Ocasional,Espresso Premium,9.5,Croissant Francês,13.0,Balcão,Crédito,22.5
2026-02-02,Monday,0,15,162,Ocasional,Latte Baunilha,16.0,Quiche de Alho Poró,18.0,Balcão,Crédito,34.0
2026-02-02,Monday,0,8,131,Trabalhador,Mocha Belga,18.0,Torta de Limão Siciliano,16.0,Balcão,Débito,34.0
2026-02-02,Monday,0,19,253,Fim de Semana,Cold Brew Especial,17.0,Cookie Artesanal,9.0,Balcão,Crédito,26.0
2026-02-02,Monday,0,9,271,Trabalhador,Chá Orgânico,12.0,Torta de Limão Siciliano,16.0,Delivery,Crédito,28.0
2026-02-02,Monday,0,12,213,Fim de Semana,Cold Brew Especial,17.0,Croissant Francês,13.0,Delivery,Crédito,30.0
2026-02-02,Monday,0,12,6,Trabalhador,Cold Brew Especial,17.0,Cookie Artesanal,9.0,Delivery,Pix,26.0
2026-02-02,Monday,0,16,40,Trabalhador,Cappuccino Italiano,14.0,Croissant Francês,13.0,Balcão,Débito,27.0
2026-02-02,Monday,0,18,154,Ocasional,Chá Orgânico,12.0,Croissant Francês,13.0,Balcão,Crédito,25.0
2026-02-02,Monday,0,14,167,Trabalhador,Mocha Belga,18.0,Quiche de Alho Poró,18.0,Delivery,Crédito,36.0
2026-02-03,Tuesday,0,14,26,Trabalhador,Cold Brew Especial,17.0,Quiche de Alho Poró,18.0,Delivery,Crédito,35.0
2026-02-03,Tuesday,0,7,260,Ocasional,Mocha Belga,18.0,Sanduíche Caprese,19.0,Balcão,Crédito,37.0
2026-02-03,Tuesday,0,17,77,Fim de Semana,Espresso Premium,9.5,Torta de Limão Siciliano,16.0,Balcão,Débito,25.5
2026-02-03,Tuesday,0,14,226,Trabalhador,Cappuccino Italiano,14.0,Cookie Artesanal,9.0,Balcão,Crédito,23.0
2026-02-03,Tuesday,0,12,272,Fim de Semana,Cold Brew Especial,17.0,Torta de Limão Siciliano,16.0,Balcão,Débito,33.0
2026-02-03,Tuesday,0,17,51,Ocasional,Espresso Premium,9.5,Bolo Red Velvet,15.0,Balcão,Pix,24.5
2026-02-03,Tuesday,0,18,105,Ocasional,Espresso Premium,9.5,Bolo Red Velvet,15.0,Delivery,Crédito,24.5
2026-02-03,Tuesday,0,14,105,Fim de Semana,Espresso Premium,9.5,Torta de Limão Siciliano,16.0,Balcão,Pix,25.5
2026-02-03,Tuesday,0,13,248,Fim de Semana,Latte Baunilha,16.0,Torta de Limão Siciliano,16.0,Delivery,Crédito,32.0
2026-02-03,Tuesday,0,7,272,Ocasional,Cold Brew Especial,17.0,Bolo Red Velvet,15.0,Balcão,Crédito,32.0
2026-02-03,Tuesday,0,11,291,Ocasional,Latte Baunilha,16.0,Torta de Limão Siciliano,16.0,Balcão,Crédito,32.0
2026-02-03,Tuesday,0,16,111,Ocasional,Mocha Belga,18.0,Cookie Artesanal,9.0,Balcão,Crédito,27.0
2026-02-03,Tuesday,0,14,55,Fim de Semana,Cold Brew Especial,17.0,Croissant Francês,13.0,Delivery,Pix,30.0
2026-02-03,Tuesday,0,9,268,Trabalhador,Chá Orgânico,12.0,Sanduíche Caprese,19.0,Balcão,Débito,31.0
2026-02-03,Tuesday,0,17,225,Trabalhador,Cold Brew Especial,17.0,Cookie Artesanal,9.0,Delivery,Pix,26.0
2026-02-03,Tuesday,0,8,34,Ocasional,Cold Brew Especial,17.0,Quiche de Alho Poró,18.0,Delivery,Débito,35.0
2026-02-03,Tuesday,0,10,137,Fim de Semana,Chá Orgânico,12.0,Bolo Red Velvet,15.0,Delivery,Débito,27.0
2026-02-03,Tuesday,0,19,233,Fim de Semana,Espresso Premium,9.5,Quiche de Alho Poró,18.0,Balcão,Débito,27.5
2026-02-03,Tuesday,0,20,117,Ocasional,Latte Baunilha,16.0,Torta de Limão Siciliano,16.0,Balcão,Débito,32.0
2026-02-03,Tuesday,0,10,96,Fim de Semana,Mocha Belga,18.0,Bolo Red Velvet,15.0,Balcão,Crédito,33.0
2026-02-03,Tuesday,0,17,218,Ocasional,Cappuccino Italiano,14.0,Croissant Francês,13.0,Delivery,Débito,27.0
2026-02-03,Tuesday,0,17,62,Ocasional,Cappuccino Italiano,14.0,Bolo Red Velvet,15.0,Delivery,Crédito,29.0
2026-02-03,Tuesday,0,17,211,Trabalhador,Latte Baunilha,16.0,Bolo Red Velvet,15.0,Balcão,Crédito,31.0
2026-02-03,Tuesday,0,15,65,Trabalhador,Cold Brew Especial,17.0,Cookie Artesanal,9.0,Balcão,Crédito,26.0
2026-02-03,Tuesday,0,10,121,Ocasional,Cappuccino Italiano,14.0,Torta de Limão Siciliano,16.0,Delivery,Crédito,30.0
2026-02-03,Tuesday,0,13,70,Trabalhador,Latte Baunilha,16.0,Croissant Francês,13.0,Balcão,Pix,29.0
2026-02-03,Tuesday,0,7,226,Ocasional,Latte Baunilha,16.0,Cookie Artesanal,9.0,Balcão,Pix,25.0
2026-02-03,Tuesday,0,10,39,Ocasional,Latte Baunilha,16.0,Quiche de Alho Poró,18.0,Delivery,Pix,34.0
2026-02-03,Tuesday,0,14,95,Trabalhador,Cold Brew Especial,17.0,Sanduíche Caprese,19.0,Balcão,Pix,36.0
2026-02-03,Tuesday,0,16,28,Fim de Semana,Cappuccino Italiano,14.0,Torta de Limão Siciliano,16.0,Delivery,Débito,30.0
2026-02-03,Tuesday,0,13,268,Trabalhador,Latte Baunilha,16.0,Croissant Francês,13.0,Delivery,Crédito,29.0
2026-02-03,Tuesday,0,10,24,Ocasional,Mocha Belga,18.0,Bolo Red Velvet,15.0,Delivery,Crédito,33.0
2026-02-03,Tuesday,0,10,92,Ocasional,Cold Brew Especial,17.0,Quiche de Alho Poró,18.0,Balcão,Pix,35.0
2026-02-03,Tuesday,0,10,105,Trabalhador,Cold Brew Especial,17.0,Croissant Francês,13.0,Delivery,Crédito,30.0
2026-02-03,Tuesday,0,11,285,Fim de Semana,Chá Orgânico,12.0,Torta de Limão Siciliano,16.0,Delivery,Crédito,28.0
2026-02-03,Tuesday,0,16,237,Ocasional,Cappuccino Italiano,14.0,Sanduíche Caprese,19.0,Delivery,Crédito,33.0
2026-02-03,Tuesday,0,9,287,Trabalhador,Cold Brew Especial,17.0,Bolo Red Velvet,15.0,Balcão,Débito,32.0
2026-02-03,Tuesday,0,11,58,Trabalhador,Cappuccino Italiano,14.0,Cookie Artesanal,9.0,Balcão,Pix,23.0
2026-02-03,Tuesday,0,13,174,Trabalhador,Cappuccino Italiano,14.0,Sanduíche Caprese,19.0,Balcão,Crédito,33.0
2026-02-03,Tuesday,0,15,59,Trabalhador,Chá Orgânico,12.0,Quiche de Alho Poró,18.0,Delivery,Crédito,30.0
2026-02-03,Tuesday,0,12,178,Fim de Semana,Latte Baunilha,16.0,Bolo Red Velvet,15.0,Delivery,Crédito,31.0
2026-02-03,Tuesday,0,17,157,Trabalhador,Chá Orgânico,12.0,Bolo Red Velvet,15.0,Balcão,Débito,27.0
2026-02-03,Tuesday,0,9,285,Ocasional,Latte Baunilha,16.0,Croissant Francês,13.0,Balcão,Débito,29.0
2026-02-03,Tuesday,0,7,39,Ocasional,Cold Brew Especial,17.0,Torta de Limão Siciliano,16.0,Balcão,Pix,33.0
2026-02-03,Tuesday,0,7,270,Trabalhador,Chá Orgânico,12.0,Sanduíche Caprese,19.0,Balcão,Pix,31.0
2026-02-03,Tuesday,0,14,268,Trabalhador,Cappuccino Italiano,14.0,Croissant Francês,13.0,Delivery,Crédito,27.0
2026-02-03,Tuesday,0,15,276,Trabalhador,Cold Brew Especial,17.0,Bolo Red Velvet,15.0,Balcão,Crédito,32.0
2026-02-03,Tuesday,0,10,85,Ocasional,Cappuccino Italiano,14.0,Torta de Limão Siciliano,16.0,Balcão,Pix,30.0
2026-02-03,Tuesday,0,16,241,Ocasional,Latte Baunilha,16.0,Quiche de Alho Poró,18.0,Balcão,Débito,34.0
2026-02-03,Tuesday,0,13,232,Fim de Semana,Chá Orgânico,12.0,Sanduíche Caprese,19.0,Delivery,Crédito,31.0
2026-02-03,Tuesday,0,16,274,Fim de Semana,Espresso Premium,9.5,Quiche de Alho Poró,18.0,Balcão,Pix,27.5
2026-02-03,Tuesday,0,13,18,Fim de Semana,Espresso Premium,9.5,Bolo Red Velvet,15.0,Balcão,Crédito,24.5
2026-02-03,Tuesday,0,10,293,Fim de Semana,Cappuccino Italiano,14.0,Cookie Artesanal,9.0,Delivery,Pix,23.0
2026-02-03,Tuesday,0,8,110,Trabalhador,Cappuccino Italiano,14.0,Sanduíche Caprese,19.0,Delivery,Pix,33.0
2026-02-03,Tuesday,0,8,105,Trabalhador,Espresso Premium,9.5,Torta de Limão Siciliano,16.0,Balcão,Pix,25.5
2026-02-03,Tuesday,0,15,164,Fim de Semana,Espresso Premium,9.5,Sanduíche Caprese,19.0,Delivery,Pix,28.5
2026-02-03,Tuesday,0,14,125,Fim de Semana,Latte Baunilha,16.0,Torta de Limão Siciliano,16.0,Delivery,Pix,32.0
2026-02-03,Tuesday,0,15,239,Fim de Semana,Chá Orgânico,12.0,Sanduíche Caprese,19.0,Balcão,Crédito,31.0
2026-02-03,Tuesday,0,12,143,Ocasional,Latte Baunilha,16.0,Torta de Limão Siciliano,16.0,Balcão,Débito,32.0
2026-02-03,Tuesday,0,18,161,Trabalhador,Cold Brew Especial,17.0,Croissant Francês,13.0,Balcão,Pix,30.0
2026-02-03,Tuesday,0,10,246,Ocasional,Latte Baunilha,16.0,Bolo Red Velvet,15.0,Balcão,Crédito,31.0
2026-02-03,Tuesday,0,9,168,Ocasional,Cappuccino Italiano,14.0,Torta de Limão Siciliano,16.0,Balcão,Crédito,30.0
2026-02-03,Tuesday,0,8,147,Trabalhador,Chá Orgânico,12.0,Sanduíche Caprese,19.0,Balcão,Crédito,31.0
2026-02-03,Tuesday,0,16,109,Ocasional,Cappuccino Italiano,14.0,Bolo Red Velvet,15.0,Delivery,Crédito,29.0
2026-02-03,Tuesday,0,10,22,Fim de Semana,Latte Baunilha,16.0,Bolo Red Velvet,15.0,Balcão,Crédito,31.0
2026-02-03,Tuesday,0,13,2,Fim de Semana,Latte Baunilha,16.0,Bolo Red Velvet,15.0,Delivery,Crédito,31.0
2026-02-03,Tuesday,0,15,95,Trabalhador,Mocha Belga,18.0,Quiche de Alho Poró,18.0,Balcão,Débito,36.0
2026-02-03,Tuesday,0,17,256,Ocasional,Latte Baunilha,16.0,Bolo Red Velvet,15.0,Delivery,Crédito,31.0
2026-02-03,Tuesday,0,9,208,Trabalhador,Chá Orgânico,12.0,Cookie Artesanal,9.0,Delivery,Crédito,21.0
2026-02-03,Tuesday,0,9,75,Fim de Semana,Cappuccino Italiano,14.0,Bolo Red Velvet,15.0,Balcão,Débito,29.0
2026-02-03,Tuesday,0,12,156,Fim de Semana,Cold Brew Especial,17.0,Croissant Francês,13.0,Delivery,Débito,30.0
2026-02-03,Tuesday,0,10,87,Fim de Semana,Chá Orgânico,12.0,Bolo Red Velvet,15.0,Delivery,Pix,27.0
2026-02-03,Tuesday,0,9,203,Fim de Semana,Cappuccino Italiano,14.0,Quiche de Alho Poró,18.0,Delivery,Pix,32.0
2026-02-03,Tuesday,0,8,180,Trabalhador,Cappuccino Italiano,14.0,Sanduíche Caprese,19.0,Delivery,Pix,33.0
2026-02-03,Tuesday,0,19,218,Ocasional,Cold Brew Especial,17.0,Torta de Limão Siciliano,16.0,Balcão,Pix,33.0
2026-02-03,Tuesday,0,15,202,Ocasional,Espresso Premium,9.5,Cookie Artesanal,9.0,Delivery,Débito,18.5
2026-02-03,Tuesday,0,20,252,Fim de Semana,Chá Orgânico,12.0,Torta de Limão Siciliano,16.0,Delivery,Débito,28.0
2026-02-03,Tuesday,0,7,261,Ocasional,Cold Brew Especial,17.0,Torta de Limão Siciliano,16.0,Balcão,Pix,33.0
2026-02-03,Tuesday,0,12,27,Ocasional,Cappuccino Italiano,14.0,Cookie Artesanal,9.0,Delivery,Crédito,23.0
2026-02-03,Tuesday,0,19,17,Fim de Semana,Mocha Belga,18.0,Croissant Francês,13.0,Balcão,Pix,31.0
2026-02-03,Tuesday,0,9,33,Fim de Semana,Mocha Belga,18.0,Bolo Red Velvet,15.0,Delivery,Crédito,33.0
2026-02-03,Tuesday,0,13,181,Ocasional,Latte Baunilha,16.0,Torta de Limão Siciliano,16.0,Balcão,Pix,32.0
2026-02-03,Tuesday,0,9,273,Ocasional,Cold Brew Especial,17.0,Quiche de Alho Poró,18.0,Balcão,Débito,35.0
2026-02-03,Tuesday,0,20,53,Fim de Semana,Cold Brew Especial,17.0,Sanduíche Caprese,19.0,Balcão,Pix,36.0
2026-02-03,Tuesday,0,18,246,Trabalhador,Chá Orgânico,12.0,Sanduíche Caprese,19.0,Balcão,Pix,31.0
2026-02-03,Tuesday,0,19,73,Fim de Semana,Espresso Premium,9.5,Torta de Limão Siciliano,16.0,Balcão,Débito,25.5
2026-02-03,Tuesday,0,7,117,Ocasional,Latte Baunilha,16.0,Torta de Limão Siciliano,16.0,Balcão,Pix,32.0
2026-02-03,Tuesday,0,10,4,Trabalhador,Latte Baunilha,16.0,Bolo Red Velvet,15.0,Balcão,Pix,31.0
2026-02-03,Tuesday,0,15,173,Ocasional,Cold Brew Especial,17.0,Torta de Limão Siciliano,16.0,Delivery,Débito,33.0
2026-02-04,Wednesday,0,18,30,Ocasional,Chá Orgânico,12.0,Cookie Artesanal,9.0,Delivery,Pix,21.0
2026-02-04,Wednesday,0,14,142,Fim de Semana,Cold Brew Especial,17.0,Quiche de Alho Poró,18.0,Delivery,Débito,35.0
2026-02-04,Wednesday,0,18,240,Trabalhador,Cappuccino Italiano,14.0,Bolo Red Velvet,15.0,Delivery,Débito,29.0
2026-02-04,Wednesday,0,13,136,Ocasional,Cappuccino Italiano,14.0,Croissant Francês,13.0,Balcão,Pix,27.0
2026-02-04,Wednesday,0,11,172,Fim de Semana,Espresso Premium,9.5,Quiche de Alho Poró,18.0,Delivery,Pix,27.5
2026-02-04,Wednesday,0,15,196,Ocasional,Latte Baunilha,16.0,Croissant Francês,13.0,Balcão,Débito,29.0
2026-02-04,Wednesday,0,8,15,Fim de Semana,Latte Baunilha,16.0,Quiche de Alho Poró,18.0,Balcão,Pix,34.0
2026-02-04,Wednesday,0,19,106,Trabalhador,Cappuccino Italiano,14.0,Quiche de Alho Poró,18.0,Balcão,Crédito,32.0
2026-02-04,Wednesday,0,7,135,Trabalhador,Latte Baunilha,16.0,Torta de Limão Siciliano,16.0,Delivery,Crédito,32.0
2026-02-04,Wednesday,0,20,274,Fim de Semana,Chá Orgânico,12.0,Cookie Artesanal,9.0,Balcão,Crédito,21.0
2026-02-04,Wednesday,0,10,221,Trabalhador,Latte Baunilha,16.0,Sanduíche Caprese,19.0,Delivery,Pix,35.0
2026-02-04,Wednesday,0,12,244,Ocasional,Latte Baunilha,16.0,Croissant Francês,13.0,Delivery,Pix,29.0
2026-02-04,Wednesday,0,20,19,Ocasional,Cappuccino Italiano,14.0,Croissant Francês,13.0,Balcão,Débito,27.0
2026-02-04,Wednesday,0,19,35,Ocasional,Cold Brew Especial,17.0,Torta de Limão Siciliano,16.0,Delivery,Crédito,33.0
2026-02-04,Wednesday,0,17,137,Fim de Semana,Chá Orgânico,12.0,Croissant Francês,13.0,Balcão,Crédito,25.0
2026-02-04,Wednesday,0,9,238,Ocasional,Latte Baunilha,16.0,Croissant Francês,13.0,Balcão,Crédito,29.0
2026-02-04,Wednesday,0,14,248,Trabalhador,Chá Orgânico,12.0,Bolo Red Velvet,15.0,Delivery,Pix,27.0
2026-02-04,Wednesday,0,13,67,Trabalhador,Chá Orgânico,12.0,Cookie Artesanal,9.0,Balcão,Crédito,21.0
2026-02-04,Wednesday,0,13,256,Trabalhador,Espresso Premium,9.5,Croissant Francês,13.0,Balcão,Crédito,22.5
2026-02-04,Wednesday,0,10,158,Trabalhador,Mocha Belga,18.0,Croissant Francês,13.0,Delivery,Débito,31.0
2026-02-04,Wednesday,0,11,133,Fim de Semana,Cappuccino Italiano,14.0,Croissant Francês,13.0,Balcão,Crédito,27.0
2026-02-04,Wednesday,0,17,92,Trabalhador,Cold Brew Especial,17.0,Cookie Artesanal,9.0,Delivery,Crédito,26.0
2026-02-04,Wednesday,0,18,213,Ocasional,Espresso Premium,9.5,Sanduíche Caprese,19.0,Balcão,Pix,28.5
2026-02-04,Wednesday,0,20,32,Ocasional,Latte Baunilha,16.0,Bolo Red Velvet,15.0,Balcão,Crédito,31.0
2026-02-04,Wednesday,0,12,210,Trabalhador,Latte Baunilha,16.0,Sanduíche Caprese,19.0,Delivery,Débito,35.0
2026-02-04,Wednesday,0,9,75,Fim de Semana,Cappuccino Italiano,14.0,Croissant Francês,13.0,Delivery,Pix,27.0
2026-02-04,Wednesday,0,8,237,Trabalhador,Cappuccino Italiano,14.0,Torta de Limão Siciliano,16.0,Delivery,Débito,30.0
2026-02-04,Wednesday,0,20,179,Trabalhador,Latte Baunilha,16.0,Cookie Artesanal,9.0,Delivery,Débito,25.0
2026-02-04,Wednesday,0,18,197,Trabalhador,Chá Orgânico,12.0,Bolo Red Velvet,15.0,Delivery,Débito,27.0
2026-02-04,Wednesday,0,17,245,Trabalhador,Mocha Belga,18.0,Cookie Artesanal,9.0,Balcão,Débito,27.0
2026-02-04,Wednesday,0,7,179,Ocasional,Cold Brew Especial,17.0,Bolo Red Velvet,15.0,Balcão,Pix,32.0
2026-02-04,Wednesday,0,15,234,Ocasional,Chá Orgânico,12.0,Croissant Francês,13.0,Delivery,Débito,25.0
2026-02-04,Wednesday,0,9,140,Ocasional,Cold Brew Especial,17.0,Bolo Red Velvet,15.0,Balcão,Pix,32.0
2026-02-04,Wednesday,0,16,52,Ocasional,Cappuccino Italiano,14.0,Torta de Limão Siciliano,16.0,Balcão,Pix,30.0
2026-02-04,Wednesday,0,19,224,Ocasional,Chá Orgânico,12.0,Cookie Artesanal,9.0,Balcão,Débito,21.0
2026-02-04,Wednesday,0,10,57,Ocasional,Mocha Belga,18.0,Quiche de Alho Poró,18.0,Balcão,Débito,36.0
2026-02-04,Wednesday,0,17,238,Trabalhador,Espresso Premium,9.5,Torta de Limão Siciliano,16.0,Delivery,Débito,25.5
2026-02-04,Wednesday,0,20,3,Fim de Semana,Espresso Premium,9.5,Torta de Limão Siciliano,16.0,Delivery,Crédito,25.5
2026-02-04,Wednesday,0,10,291,Trabalhador,Latte Baunilha,16.0,Quiche de Alho Poró,18.0,Balcão,Débito,34.0
2026-02-04,Wednesday,0,14,294,Trabalhador,Latte Baunilha,16.0,Croissant Francês,13.0,Balcão,Débito,29.0
2026-02-04,Wednesday,0,17,85,Trabalhador,Espresso Premium,9.5,Bolo Red Velvet,15.0,Balcão,Pix,24.5
2026-02-04,Wednesday,0,17,165,Ocasional,Latte Baunilha,16.0,Quiche de Alho Poró,18.0,Delivery,Débito,34.0
2026-02-04,Wednesday,0,16,55,Fim de Semana,Chá Orgânico,12.0,Croissant Francês,13.0,Balcão,Débito,25.0
2026-02-04,Wednesday,0,16,270,Ocasional,Espresso Premium,9.5,Bolo Red Velvet,15.0,Balcão,Pix,24.5
2026-02-04,Wednesday,0,18,19,Ocasional,Espresso Premium,9.5,Sanduíche Caprese,19.0,Balcão,Débito,28.5
2026-02-04,Wednesday,0,13,51,Fim de Semana,Cappuccino Italiano,14.0,Cookie Artesanal,9.0,Delivery,Crédito,23.0
2026-02-04,Wednesday,0,19,156,Fim de Semana,Latte Baunilha,16.0,Torta de Limão Siciliano,16.0,Balcão,Pix,32.0
2026-02-04,Wednesday,0,10,120,Trabalhador,Mocha Belga,18.0,Croissant Francês,13.0,Balcão,Pix,31.0
2026-02-04,Wednesday,0,15,173,Fim de Semana,Cold Brew Especial,17.0,Torta de Limão Siciliano,16.0,Delivery,Crédito,33.0
2026-02-04,Wednesday,0,16,222,Ocasional,Cappuccino Italiano,14.0,Sanduíche Caprese,19.0,Balcão,Débito,33.0
2026-02-04,Wednesday,0,9,7,Trabalhador,Mocha Belga,18.0,Bolo Red Velvet,15.0,Balcão,Pix,33.0
2026-02-04,Wednesday,0,11,50,Ocasional,Chá Orgânico,12.0,Quiche de Alho Poró,18.0,Delivery,Pix,30.0
2026-02-04,Wednesday,0,11,276,Fim de Semana,Espresso Premium,9.5,Quiche de Alho Poró,18.0,Balcão,Crédito,27.5
2026-02-04,Wednesday,0,19,15,Trabalhador,Espresso Premium,9.5,Croissant Francês,13.0,Delivery,Crédito,22.5
2026-02-04,Wednesday,0,11,241,Ocasional,Chá Orgânico,12.0,Torta de Limão Siciliano,16.0,Balcão,Crédito,28.0
2026-02-04,Wednesday,0,10,147,Ocasional,Cold Brew Especial,17.0,Sanduíche Caprese,19.0,Delivery,Pix,36.0
2026-02-04,Wednesday,0,18,80,Ocasional,Espresso Premium,9.5,Croissant Francês,13.0,Delivery,Pix,22.5
2026-02-04,Wednesday,0,19,89,Ocasional,Mocha Belga,18.0,Torta de Limão Siciliano,16.0,Delivery,Crédito,34.0
2026-02-04,Wednesday,0,17,20,Fim de Semana,Cappuccino Italiano,14.0,Bolo Red Velvet,15.0,Delivery,Débito,29.0
2026-02-04,Wednesday,0,11,159,Fim de Semana,Cappuccino Italiano,14.0,Croissant Francês,13.0,Delivery,Pix,27.0
2026-02-04,Wednesday,0,10,172,Ocasional,Mocha Belga,18.0,Croissant Francês,13.0,Balcão,Pix,31.0
2026-02-04,Wednesday,0,16,72,Trabalhador,Cappuccino Italiano,14.0,Bolo Red Velvet,15.0,Delivery,Pix,29.0
2026-02-04,Wednesday,0,14,167,Fim de Semana,Mocha Belga,18.0,Sanduíche Caprese,19.0,Balcão,Débito,37.0
2026-02-04,Wednesday,0,12,186,Ocasional,Espresso Premium,9.5,Sanduíche Caprese,19.0,Balcão,Pix,28.5
2026-02-04,Wednesday,0,13,40,Trabalhador,Cold Brew Especial,17.0,Sanduíche Caprese,19.0,Delivery,Crédito,36.0
2026-02-04,Wednesday,0,14,224,Fim de Semana,Cappuccino Italiano,14.0,Torta de Limão Siciliano,16.0,Balcão,Débito,30.0
2026-02-04,Wednesday,0,15,287,Trabalhador,Mocha Belga,18.0,Sanduíche Caprese,19.0,Delivery,Débito,37.0
2026-02-04,Wednesday,0,9,281,Trabalhador,Mocha Belga,18.0,Quiche de Alho Poró,18.0,Delivery,Crédito,36.0
2026-02-04,Wednesday,0,9,173,Fim de Semana,Cold Brew Especial,17.0,Quiche de Alho Poró,18.0,Delivery,Crédito,35.0
2026-02-04,Wednesday,0,20,124,Ocasional,Chá Orgânico,12.0,Croissant Francês,13.0,Delivery,Débito,25.0
2026-02-04,Wednesday,0,10,99,Fim de Semana,Mocha Belga,18.0,Quiche de Alho Poró,18.0,Delivery,Crédito,36.0
2026-02-04,Wednesday,0,8,254,Ocasional,Espresso Premium,9.5,Sanduíche Caprese,19.0,Delivery,Débito,28.5
2026-02-04,Wednesday,0,13,121,Ocasional,Espresso Premium,9.5,Croissant Francês,13.0,Delivery,Crédito,22.5
2026-02-04,Wednesday,0,13,60,Trabalhador,Mocha Belga,18.0,Torta de Limão Siciliano,16.0,Delivery,Débito,34.0
2026-02-04,Wednesday,0,9,78,Ocasional,Mocha Belga,18.0,Cookie Artesanal,9.0,Delivery,Crédito,27.0
2026-02-04,Wednesday,0,11,273,Ocasional,Chá Orgânico,12.0,Sanduíche Caprese,19.0,Balcão,Pix,31.0
2026-02-04,Wednesday,0,17,257,Fim de Semana,Cappuccino Italiano,14.0,Bolo Red Velvet,15.0,Balcão,Crédito,29.0
2026-02-04,Wednesday,0,17,205,Trabalhador,Cappuccino Italiano,14.0,Quiche de Alho Poró,18.0,Delivery,Débito,32.0
2026-02-05,Thursday,0,17,252,Ocasional,Latte Baunilha,16.0,Sanduíche Caprese,19.0,Balcão,Débito,35.0
2026-02-05,Thursday,0,19,14,Fim de Semana,Chá Orgânico,12.0,Sanduíche Caprese,19.0,Balcão,Pix,31.0
2026-02-05,Thursday,0,14,125,Trabalhador,Espresso Premium,9.5,Sanduíche Caprese,19.0,Balcão,Pix,28.5
2026-02-05,Thursday,0,19,12,Fim de Semana,Chá Orgânico,12.0,Croissant Francês,13.0,Delivery,Crédito,25.0
2026-02-05,Thursday,0,12,262,Trabalhador,Latte Baunilha,16.0,Quiche de Alho Poró,18.0,Balcão,Pix,34.0
2026-02-05,Thursday,0,19,158,Trabalhador,Cold Brew Especial,17.0,Sanduíche Caprese,19.0,Delivery,Débito,36.0
2026-02-05,Thursday,0,10,139,Trabalhador,Cold Brew Especial,17.0,Croissant Francês,13.0,Balcão,Crédito,30.0
2026-02-05,Thursday,0,8,74,Trabalhador,Cold Brew Especial,17.0,Bolo Red Velvet,15.0,Balcão,Débito,32.0
2026-02-05,Thursday,0,12,125,Ocasional,Cappuccino Italiano,14.0,Croissant Francês,13.0,Delivery,Crédito,27.0
2026-02-05,Thursday,0,10,208,Fim de Semana,Espresso Premium,9.5,Quiche de Alho Poró,18.0,Balcão,Crédito,27.5
2026-02-05,Thursday,0,20,91,Fim de Semana,Mocha Belga,18.0,Sanduíche Caprese,19.0,Balcão,Débito,37.0
2026-02-05,Thursday,0,11,196,Fim de Semana,Cappuccino Italiano,14.0,Cookie Artesanal,9.0,Delivery,Débito,23.0
2026-02-05,Thursday,0,15,125,Fim de Semana,Cappuccino Italiano,14.0,Cookie Artesanal,9.0,Balcão,Pix,23.0
2026-02-05,Thursday,0,16,87,Trabalhador,Cold Brew Especial,17.0,Cookie Artesanal,9.0,Delivery,Crédito,26.0
2026-02-05,Thursday,0,13,265,Ocasional,Cappuccino Italiano,14.0,Bolo Red Velvet,15.0,Delivery,Débito,29.0
2026-02-05,Thursday,0,10,221,Ocasional,Latte Baunilha,16.0,Cookie Artesanal,9.0,Balcão,Pix,25.0
2026-02-05,Thursday,0,10,9,Trabalhador,Cold Brew Especial,17.0,Bolo Red Velvet,15.0,Delivery,Crédito,32.0
2026-02-05,Thursday,0,10,124,Trabalhador,Cappuccino Italiano,14.0,Bolo Red Velvet,15.0,Balcão,Pix,29.0
2026-02-05,Thursday,0,15,273,Ocasional,Chá Orgânico,12.0,Cookie Artesanal,9.0,Balcão,Débito,21.0
2026-02-05,Thursday,0,10,219,Ocasional,Latte Baunilha,16.0,Torta de Limão Siciliano,16.0,Balcão,Débito,32.0
2026-02-05,Thursday,0,14,227,Fim de Semana,Cold Brew Especial,17.0,Croissant Francês,13.0,Balcão,Crédito,30.0
2026-02-05,Thursday,0,13,207,Ocasional,Cappuccino Italiano,14.0,Bolo Red Velvet,15.0,Balcão,Pix,29.0
2026-02-05,Thursday,0,7,81,Fim de Semana,Mocha Belga,18.0,Cookie Artesanal,9.0,Balcão,Crédito,27.0
2026-02-05,Thursday,0,11,142,Trabalhador,Cold Brew Especial,17.0,Sanduíche Caprese,19.0,Balcão,Débito,36.0
2026-02-05,Thursday,0,18,134,Ocasional,Espresso Premium,9.5,Torta de Limão Siciliano,16.0,Delivery,Pix,25.5
2026-02-05,Thursday,0,9,153,Ocasional,Espresso Premium,9.5,Quiche de Alho Poró,18.0,Delivery,Crédito,27.5
2026-02-05,Thursday,0,15,114,Trabalhador,Cappuccino Italiano,14.0,Cookie Artesanal,9.0,Delivery,Crédito,23.0
2026-02-05,Thursday,0,14,292,Ocasional,Espresso Premium,9.5,Quiche de Alho Poró,18.0,Delivery,Crédito,27.5
2026-02-05,Thursday,0,11,201,Ocasional,Espresso Premium,9.5,Quiche de Alho Poró,18.0,Delivery,Débito,27.5
2026-02-05,Thursday,0,14,6,Trabalhador,Mocha Belga,18.0,Croissant Francês,13.0,Delivery,Crédito,31.0
2026-02-05,Thursday,0,16,86,Ocasional,Chá Orgânico,12.0,Torta de Limão Siciliano,16.0,Delivery,Débito,28.0
2026-02-05,Thursday,0,14,290,Fim de Semana,Espresso Premium,9.5,Croissant Francês,13.0,Delivery,Crédito,22.5
2026-02-05,Thursday,0,11,201,Ocasional,Chá Orgânico,12.0,Torta de Limão Siciliano,16.0,Delivery,Débito,28.0
2026-02-05,Thursday,0,20,235,Fim de Semana,Chá Orgânico,12.0,Cookie Artesanal,9.0,Balcão,Pix,21.0
2026-02-05,Thursday,0,15,181,Trabalhador,Cappuccino Italiano,14.0,Cookie Artesanal,9.0,Delivery,Débito,23.0
2026-02-05,Thursday,0,13,145,Ocasional,Latte Baunilha,16.0,Croissant Francês,13.0,Delivery,Débito,29.0
2026-02-05,Thursday,0,14,149,Fim de Semana,Mocha Belga,18.0,Cookie Artesanal,9.0,Balcão,Débito,27.0
2026-02-05,Thursday,0,19,94,Ocasional,Latte Baunilha,16.0,Sanduíche Caprese,19.0,Balcão,Débito,35.0
2026-02-05,Thursday,0,14,214,Fim de Semana,Chá Orgânico,12.0,Cookie Artesanal,9.0,Delivery,Pix,21.0
2026-02-05,Thursday,0,12,272,Trabalhador,Latte Baunilha,16.0,Torta de Limão Siciliano,16.0,Delivery,Crédito,32.0
2026-02-05,Thursday,0,18,160,Trabalhador,Latte Baunilha,16.0,Torta de Limão Siciliano,16.0,Delivery,Débito,32.0
2026-02-05,Thursday,0,17,15,Ocasional,Cappuccino Italiano,14.0,Croissant Francês,13.0,Delivery,Débito,27.0
2026-02-05,Thursday,0,8,139,Trabalhador,Espresso Premium,9.5,Cookie Artesanal,9.0,Delivery,Crédito,18.5
2026-02-05,Thursday,0,15,67,Ocasional,Latte Baunilha,16.0,Quiche de Alho Poró,18.0,Balcão,Débito,34.0
2026-02-05,Thursday,0,13,28,Fim de Semana,Mocha Belga,18.0,Quiche de Alho Poró,18.0,Balcão,Pix,36.0
2026-02-05,Thursday,0,11,131,Fim de Semana,Espresso Premium,9.5,Torta de Limão Siciliano,16.0,Delivery,Pix,25.5
2026-02-05,Thursday,0,11,293,Trabalhador,Espresso Premium,9.5,Torta de Limão Siciliano,16.0,Balcão,Débito,25.5
2026-02-05,Thursday,0,12,21,Fim de Semana,Espresso Premium,9.5,Torta de Limão Siciliano,16.0,Balcão,Crédito,25.5
2026-02-05,Thursday,0,19,224,Ocasional,Latte Baunilha,16.0,Croissant Francês,13.0,Delivery,Débito,29.0
2026-02-05,Thursday,0,16,272,Fim de Semana,Latte Baunilha,16.0,Sanduíche Caprese,19.0,Delivery,Débito,35.0
2026-02-05,Thursday,0,9,56,Trabalhador,Mocha Belga,18.0,Cookie Artesanal,9.0,Balcão,Pix,27.0
2026-02-05,Thursday,0,16,128,Ocasional,Espresso Premium,9.5,Quiche de Alho Poró,18.0,Balcão,Pix,27.5
2026-02-05,Thursday,0,11,18,Fim de Semana,Cappuccino Italiano,14.0,Torta de Limão Siciliano,16.0,Delivery,Pix,30.0
2026-02-05,Thursday,0,8,18,Fim de Semana,Mocha Belga,18.0,Quiche de Alho Poró,18.0,Balcão,Pix,36.0
2026-02-05,Thursday,0,16,86,Trabalhador,Espresso Premium,9.5,Quiche de Alho Poró,18.0,Balcão,Pix,27.5
2026-02-05,Thursday,0,19,91,Trabalhador,Latte Baunilha,16.0,Cookie Artesanal,9.0,Delivery,Crédito,25.0
2026-02-05,Thursday,0,19,71,Fim de Semana,Latte Baunilha,16.0,Cookie Artesanal,9.0,Delivery,Débito,25.0
2026-02-05,Thursday,0,13,150,Ocasional,Espresso Premium,9.5,Sanduíche Caprese,19.0,Balcão,Débito,28.5
2026-02-05,Thursday,0,12,133,Ocasional,Mocha Belga,18.0,Cookie Artesanal,9.0,Delivery,Débito,27.0
2026-02-05,Thursday,0,14,163,Trabalhador,Cappuccino Italiano,14.0,Sanduíche Caprese,19.0,Delivery,Débito,33.0
2026-02-05,Thursday,0,14,197,Ocasional,Cappuccino Italiano,14.0,Cookie Artesanal,9.0,Balcão,Débito,23.0
2026-02-05,Thursday,0,13,262,Ocasional,Mocha Belga,18.0,Quiche de Alho Poró,18.0,Balcão,Débito,36.0
2026-02-05,Thursday,0,13,229,Fim de Semana,Espresso Premium,9.5,Quiche de Alho Poró,18.0,Delivery,Débito,27.5
2026-02-05,Thursday,0,17,286,Fim de Semana,Cold Brew Especial,17.0,Cookie Artesanal,9.0,Delivery,Pix,26.0
2026-02-05,Thursday,0,13,149,Trabalhador,Espresso Premium,9.5,Croissant Francês,13.0,Balcão,Pix,22.5
2026-02-05,Thursday,0,9,255,Ocasional,Chá Orgânico,12.0,Bolo Red Velvet,15.0,Delivery,Crédito,27.0
2026-02-05,Thursday,0,12,248,Trabalhador,Cold Brew Especial,17.0,Croissant Francês,13.0,Delivery,Débito,30.0
2026-02-05,Thursday,0,13,226,Ocasional,Espresso Premium,9.5,Sanduíche Caprese,19.0,Balcão,Pix,28.5
2026-02-05,Thursday,0,15,252,Fim de Semana,Cappuccino Italiano,14.0,Sanduíche Caprese,19.0,Delivery,Débito,33.0
2026-02-05,Thursday,0,13,131,Fim de Semana,Cappuccino Italiano,14.0,Torta de Limão Siciliano,16.0,Delivery,Pix,30.0
2026-02-05,Thursday,0,13,267,Ocasional,Chá Orgânico,12.0,Sanduíche Caprese,19.0,Balcão,Pix,31.0
2026-02-05,Thursday,0,18,249,Fim de Semana,Latte Baunilha,16.0,Torta de Limão Siciliano,16.0,Balcão,Débito,32.0
2026-02-05,Thursday,0,7,129,Ocasional,Espresso Premium,9.5,Bolo Red Velvet,15.0,Balcão,Pix,24.5
2026-02-05,Thursday,0,12,294,Ocasional,Espresso Premium,9.5,Croissant Francês,13.0,Balcão,Pix,22.5
2026-02-05,Thursday,0,16,94,Trabalhador,Chá Orgânico,12.0,Torta de Limão Siciliano,16.0,Delivery,Débito,28.0
2026-02-05,Thursday,0,9,40,Ocasional,Mocha Belga,18.0,Bolo Red Velvet,15.0,Delivery,Débito,33.0
2026-02-05,Thursday,0,13,135,Trabalhador,Cappuccino Italiano,14.0,Cookie Artesanal,9.0,Balcão,Débito,23.0
2026-02-05,Thursday,0,19,39,Trabalhador,Espresso Premium,9.5,Sanduíche Caprese,19.0,Delivery,Crédito,28.5
2026-02-05,Thursday,0,15,145,Fim de Semana,Mocha Belga,18.0,Cookie Artesanal,9.0,Delivery,Débito,27.0
2026-02-06,Friday,0,17,196,Fim de Semana,Chá Orgânico,12.0,Torta de Limão Siciliano,16.0,Balcão,Crédito,28.0
2026-02-06,Friday,0,10,178,Fim de Semana,Latte Baunilha,16.0,Torta de Limão Siciliano,16.0,Balcão,Débito,32.0
2026-02-06,Friday,0,7,160,Ocasional,Cappuccino Italiano,14.0,Torta de Limão Siciliano,16.0,Delivery,Crédito,30.0
2026-02-06,Friday,0,11,202,Fim de Semana,Latte Baunilha,16.0,Croissant Francês,13.0,Delivery,Débito,29.0
2026-02-06,Friday,0,14,240,Ocasional,Cold Brew Especial,17.0,Bolo Red Velvet,15.0,Balcão,Crédito,32.0
2026-02-06,Friday,0,11,202,Fim de Semana,Mocha Belga,18.0,Torta de Limão Siciliano,16.0,Balcão,Débito,34.0
2026-02-06,Friday,0,10,71,Ocasional,Espresso Premium,9.5,Bolo Red Velvet,15.0,Balcão,Pix,24.5
2026-02-06,Friday,0,12,185,Trabalhador,Cold Brew Especial,17.0,Croissant Francês,13.0,Delivery,Débito,30.0
2026-02-06,Friday,0,12,270,Ocasional,Mocha Belga,18.0,Croissant Francês,13.0,Delivery,Pix,31.0
2026-02-06,Friday,0,12,41,Ocasional,Latte Baunilha,16.0,Cookie Artesanal,9.0,Delivery,Pix,25.0
2026-02-06,Friday,0,12,175,Trabalhador,Chá Orgânico,12.0,Bolo Red Velvet,15.0,Delivery,Crédito,27.0
2026-02-06,Friday,0,12,218,Trabalhador,Espresso Premium,9.5,Croissant Francês,13.0,Balcão,Débito,22.5
2026-02-06,Friday,0,7,122,Trabalhador,Latte Baunilha,16.0,Bolo Red Velvet,15.0,Delivery,Crédito,31.0
2026-02-06,Friday,0,12,185,Fim de Semana,Espresso Premium,9.5,Croissant Francês,13.0,Delivery,Crédito,22.5
2026-02-06,Friday,0,15,81,Fim de Semana,Latte Baunilha,16.0,Sanduíche Caprese,19.0,Balcão,Débito,35.0
2026-02-06,Friday,0,10,56,Trabalhador,Cappuccino Italiano,14.0,Croissant Francês,13.0,Delivery,Pix,27.0
2026-02-06,Friday,0,12,275,Trabalhador,Mocha Belga,18.0,Quiche de Alho Poró,18.0,Balcão,Crédito,36.0
2026-02-06,Friday,0,7,63,Fim de Semana,Mocha Belga,18.0,Cookie Artesanal,9.0,Delivery,Pix,27.0
2026-02-06,Friday,0,15,245,Fim de Semana,Cold Brew Especial,17.0,Quiche de Alho Poró,18.0,Balcão,Débito,35.0
2026-02-06,Friday,0,14,14,Fim de Semana,Espresso Premium,9.5,Cookie Artesanal,9.0,Delivery,Débito,18.5
2026-02-06,Friday,0,12,34,Fim de Semana,Cappuccino Italiano,14.0,Cookie Artesanal,9.0,Delivery,Pix,23.0
2026-02-06,Friday,0,15,96,Ocasional,Mocha Belga,18.0,Cookie Artesanal,9.0,Delivery,Pix,27.0
2026-02-06,Friday,0,11,64,Ocasional,Chá Orgânico,12.0,Cookie Artesanal,9.0,Delivery,Débito,21.0
2026-02-06,Friday,0,9,75,Fim de Semana,Chá Orgânico,12.0,Torta de Limão Siciliano,16.0,Balcão,Débito,28.0
2026-02-06,Friday,0,15,194,Trabalhador,Espresso Premium,9.5,Quiche de Alho Poró,18.0,Delivery,Pix,27.5
2026-02-06,Friday,0,11,28,Ocasional,Cold Brew Especial,17.0,Sanduíche Caprese,19.0,Balcão,Pix,36.0
2026-02-06,Friday,0,7,280,Fim de Semana,Cappuccino Italiano,14.0,Croissant Francês,13.0,Delivery,Pix,27.0
2026-02-06,Friday,0,16,133,Fim de Semana,Mocha Belga,18.0,Cookie Artesanal,9.0,Delivery,Crédito,27.0
2026-02-06,Friday,0,10,136,Trabalhador,Chá Orgânico,12.0,Quiche de Alho Poró,18.0,Delivery,Débito,30.0
2026-02-06,Friday,0,13,101,Trabalhador,Espresso Premium,9.5,Sanduíche Caprese,19.0,Balcão,Crédito,28.5
2026-02-06,Friday,0,14,300,Trabalhador,Latte Baunilha,16.0,Quiche de Alho Poró,18.0,Balcão,Crédito,34.0
2026-02-06,Friday,0,17,106,Ocasional,Cappuccino Italiano,14.0,Sanduíche Caprese,19.0,Delivery,Crédito,33.0
2026-02-06,Friday,0,14,235,Trabalhador,Cold Brew Especial,17.0,Croissant Francês,13.0,Delivery,Pix,30.0
2026-02-06,Friday,0,20,21,Trabalhador,Mocha Belga,18.0,Torta de Limão Siciliano,16.0,Delivery,Débito,34.0
2026-02-06,Friday,0,15,133,Trabalhador,Cappuccino Italiano,14.0,Croissant Francês,13.0,Delivery,Débito,27.0
2026-02-06,Friday,0,18,22,Ocasional,Cappuccino Italiano,14.0,Sanduíche Caprese,19.0,Balcão,Pix,33.0
2026-02-06,Friday,0,12,246,Trabalhador,Latte Baunilha,16.0,Bolo Red Velvet,15.0,Balcão,Crédito,31.0
2026-02-06,Friday,0,10,59,Fim de Semana,Cappuccino Italiano,14.0,Torta de Limão Siciliano,16.0,Delivery,Crédito,30.0
2026-02-06,Friday,0,18,22,Fim de Semana,Latte Baunilha,16.0,Torta de Limão Siciliano,16.0,Delivery,Pix,32.0
2026-02-06,Friday,0,16,65,Fim de Semana,Cold Brew Especial,17.0,Sanduíche Caprese,19.0,Balcão,Pix,36.0
2026-02-06,Friday,0,7,40,Ocasional,Mocha Belga,18.0,Sanduíche Caprese,19.0,Delivery,Débito,37.0
2026-02-06,Friday,0,10,234,Trabalhador,Latte Baunilha,16.0,Cookie Artesanal,9.0,Balcão,Pix,25.0
2026-02-06,Friday,0,12,96,Fim de Semana,Latte Baunilha,16.0,Bolo Red Velvet,15.0,Balcão,Pix,31.0
2026-02-06,Friday,0,7,228,Trabalhador,Espresso Premium,9.5,Bolo Red Velvet,15.0,Balcão,Crédito,24.5
2026-02-06,Friday,0,16,199,Fim de Semana,Chá Orgânico,12.0,Croissant Francês,13.0,Delivery,Pix,25.0
2026-02-06,Friday,0,12,93,Ocasional,Espresso Premium,9.5,Cookie Artesanal,9.0,Delivery,Crédito,18.5
2026-02-06,Friday,0,18,85,Ocasional,Espresso Premium,9.5,Bolo Red Velvet,15.0,Balcão,Crédito,24.5
2026-02-06,Friday,0,7,222,Fim de Semana,Cold Brew Especial,17.0,Sanduíche Caprese,19.0,Balcão,Pix,36.0
2026-02-06,Friday,0,7,254,Ocasional,Espresso Premium,9.5,Croissant Francês,13.0,Balcão,Crédito,22.5
2026-02-06,Friday,0,8,269,Ocasional,Cappuccino Italiano,14.0,Quiche de Alho Poró,18.0,Delivery,Débito,32.0
2026-02-06,Friday,0,19,22,Trabalhador,Cappuccino Italiano,14.0,Bolo Red Velvet,15.0,Delivery,Débito,29.0
2026-02-06,Friday,0,9,253,Ocasional,Latte Baunilha,16.0,Sanduíche Caprese,19.0,Delivery,Crédito,35.0
2026-02-06,Friday,0,7,61,Fim de Semana,Mocha Belga,18.0,Croissant Francês,13.0,Delivery,Pix,31.0
2026-02-06,Friday,0,18,65,Fim de Semana,Latte Baunilha,16.0,Quiche de Alho Poró,18.0,Delivery,Crédito,34.0
2026-02-06,Friday,0,11,233,Ocasional,Chá Orgânico,12.0,Croissant Francês,13.0,Balcão,Crédito,25.0
2026-02-06,Friday,0,12,168,Fim de Semana,Latte Baunilha,16.0,Sanduíche Caprese,19.0,Delivery,Crédito,35.0
2026-02-06,Friday,0,9,160,Ocasional,Cappuccino Italiano,14.0,Torta de Limão Siciliano,16.0,Balcão,Débito,30.0
2026-02-06,Friday,0,9,286,Trabalhador,Chá Orgânico,12.0,Sanduíche Caprese,19.0,Delivery,Crédito,31.0
2026-02-06,Friday,0,15,277,Trabalhador,Espresso Premium,9.5,Croissant Francês,13.0,Balcão,Pix,22.5
2026-02-06,Friday,0,14,289,Fim de Semana,Mocha Belga,18.0,Bolo Red Velvet,15.0,Balcão,Crédito,33.0
2026-02-06,Friday,0,11,65,Trabalhador,Chá Orgânico,12.0,Croissant Francês,13.0,Delivery,Crédito,25.0
2026-02-06,Friday,0,18,291,Ocasional,Latte Baunilha,16.0,Croissant Francês,13.0,Delivery,Crédito,29.0
2026-02-06,Friday,0,9,121,Ocasional,Cold Brew Especial,17.0,Sanduíche Caprese,19.0,Balcão,Crédito,36.0
2026-02-06,Friday,0,9,87,Trabalhador,Chá Orgânico,12.0,Quiche de Alho Poró,18.0,Balcão,Débito,30.0
2026-02-06,Friday,0,14,244,Ocasional,Cold Brew Especial,17.0,Torta de Limão Siciliano,16.0,Delivery,Crédito,33.0
2026-02-06,Friday,0,17,109,Fim de Semana,Cappuccino Italiano,14.0,Bolo Red Velvet,15.0,Delivery,Débito,29.0
2026-02-06,Friday,0,8,293,Fim de Semana,Cappuccino Italiano,14.0,Quiche de Alho Poró,18.0,Delivery,Pix,32.0
2026-02-06,Friday,0,18,119,Ocasional,Cappuccino Italiano,14.0,Cookie Artesanal,9.0,Delivery,Crédito,23.0
2026-02-06,Friday,0,13,152,Ocasional,Cold Brew Especial,17.0,Sanduíche Caprese,19.0,Balcão,Débito,36.0
2026-02-06,Friday,0,9,132,Trabalhador,Chá Orgânico,12.0,Torta de Limão Siciliano,16.0,Delivery,Débito,28.0
2026-02-06,Friday,0,11,255,Ocasional,Espresso Premium,9.5,Croissant Francês,13.0,Balcão,Crédito,22.5
2026-02-06,Friday,0,13,300,Ocasional,Cappuccino Italiano,14.0,Croissant Francês,13.0,Delivery,Débito,27.0
2026-02-06,Friday,0,7,123,Fim de Semana,Mocha Belga,18.0,Cookie Artesanal,9.0,Balcão,Débito,27.0
2026-02-06,Friday,0,19,259,Trabalhador,Espresso Premium,9.5,Quiche de Alho Poró,18.0,Delivery,Débito,27.5
2026-02-06,Friday,0,10,282,Trabalhador,Latte Baunilha,16.0,Croissant Francês,13.0,Balcão,Pix,29.0
2026-02-06,Friday,0,12,109,Trabalhador,Cappuccino Italiano,14.0,Torta de Limão Siciliano,16.0,Delivery,Crédito,30.0
2026-02-06,Friday,0,13,98,Fim de Semana,Chá Orgânico,12.0,Quiche de Alho Poró,18.0,Balcão,Pix,30.0
2026-02-06,Friday,0,19,249,Fim de Semana,Cappuccino Italiano,14.0,Sanduíche Caprese,19.0,Balcão,Pix,33.0
2026-02-06,Friday,0,11,33,Ocasional,Cold Brew Especial,17.0,Quiche de Alho Poró,18.0,Balcão,Crédito,35.0
2026-02-06,Friday,0,12,149,Trabalhador,Cappuccino Italiano,14.0,Croissant Francês,13.0,Delivery,Crédito,27.0
2026-02-06,Friday,0,8,234,Ocasional,Chá Orgânico,12.0,Croissant Francês,13.0,Balcão,Débito,25.0
2026-02-06,Friday,0,10,205,Trabalhador,Chá Orgânico,12.0,Quiche de Alho Poró,18.0,Balcão,Pix,30.0
2026-02-07,Saturday,1,19,236,Ocasional,Cold Brew Especial,17.0,Bolo Red Velvet,15.0,Balcão,Crédito,32.0
2026-02-07,Saturday,1,7,169,Ocasional,Cold Brew Especial,17.0,Quiche de Alho Poró,18.0,Delivery,Crédito,35.0
2026-02-07,Saturday,1,13,255,Trabalhador,Cappuccino Italiano,14.0,Sanduíche Caprese,19.0,Balcão,Débito,33.0
2026-02-07,Saturday,1,12,150,Ocasional,Cappuccino Italiano,14.0,Croissant Francês,13.0,Balcão,Débito,27.0
2026-02-07,Saturday,1,17,91,Trabalhador,Chá Orgânico,12.0,Cookie Artesanal,9.0,Delivery,Débito,21.0
2026-02-07,Saturday,1,12,192,Trabalhador,Mocha Belga,18.0,Croissant Francês,13.0,Balcão,Débito,31.0
2026-02-07,Saturday,1,17,233,Ocasional,Mocha Belga,18.0,Sanduíche Caprese,19.0,Balcão,Crédito,37.0
2026-02-07,Saturday,1,12,299,Trabalhador,Cappuccino Italiano,14.0,Cookie Artesanal,9.0,Delivery,Crédito,23.0
2026-02-07,Saturday,1,20,190,Fim de Semana,Cappuccino Italiano,14.0,Sanduíche Caprese,19.0,Balcão,Pix,33.0
2026-02-07,Saturday,1,16,103,Fim de Semana,Latte Baunilha,16.0,Sanduíche Caprese,19.0,Delivery,Pix,35.0
2026-02-07,Saturday,1,8,128,Trabalhador,Espresso Premium,9.5,Croissant Francês,13.0,Delivery,Débito,22.5
2026-02-07,Saturday,1,17,86,Fim de Semana,Latte Baunilha,16.0,Sanduíche Caprese,19.0,Delivery,Pix,35.0
2026-02-07,Saturday,1,8,268,Ocasional,Cappuccino Italiano,14.0,Quiche de Alho Poró,18.0,Delivery,Crédito,32.0
2026-02-07,Saturday,1,7,201,Trabalhador,Chá Orgânico,12.0,Quiche de Alho Poró,18.0,Balcão,Débito,30.0
2026-02-07,Saturday,1,13,26,Fim de Semana,Cappuccino Italiano,14.0,Cookie Artesanal,9.0,Balcão,Crédito,23.0
2026-02-07,Saturday,1,16,136,Ocasional,Mocha Belga,18.0,Quiche de Alho Poró,18.0,Delivery,Crédito,36.0
2026-02-07,Saturday,1,15,264,Fim de Semana,Latte Baunilha,16.0,Sanduíche Caprese,19.0,Balcão,Débito,35.0
2026-02-07,Saturday,1,13,269,Trabalhador,Espresso Premium,9.5,Bolo Red Velvet,15.0,Balcão,Débito,24.5
2026-02-07,Saturday,1,19,193,Fim de Semana,Mocha Belga,18.0,Croissant Francês,13.0,Delivery,Pix,31.0
2026-02-07,Saturday,1,19,38,Trabalhador,Espresso Premium,9.5,Cookie Artesanal,9.0,Balcão,Débito,18.5
2026-02-07,Saturday,1,8,155,Ocasional,Chá Orgânico,12.0,Bolo Red Velvet,15.0,Delivery,Pix,27.0
2026-02-07,Saturday,1,16,73,Trabalhador,Cappuccino Italiano,14.0,Croissant Francês,13.0,Delivery,Crédito,27.0
2026-02-07,Saturday,1,11,44,Ocasional,Cappuccino Italiano,14.0,Croissant Francês,13.0,Delivery,Crédito,27.0
2026-02-07,Saturday,1,17,98,Fim de Semana,Cappuccino Italiano,14.0,Torta de Limão Siciliano,16.0,Balcão,Pix,30.0
2026-02-07,Saturday,1,12,217,Fim de Semana,Chá Orgânico,12.0,Sanduíche Caprese,19.0,Balcão,Pix,31.0
2026-02-07,Saturday,1,8,213,Fim de Semana,Cold Brew Especial,17.0,Cookie Artesanal,9.0,Balcão,Pix,26.0
2026-02-07,Saturday,1,15,84,Trabalhador,Mocha Belga,18.0,Quiche de Alho Poró,18.0,Delivery,Pix,36.0
2026-02-07,Saturday,1,7,165,Fim de Semana,Cappuccino Italiano,14.0,Sanduíche Caprese,19.0,Delivery,Crédito,33.0
2026-02-07,Saturday,1,17,82,Fim de Semana,Mocha Belga,18.0,Bolo Red Velvet,15.0,Balcão,Débito,33.0
2026-02-07,Saturday,1,11,167,Ocasional,Chá Orgânico,12.0,Torta de Limão Siciliano,16.0,Delivery,Débito,28.0
2026-02-07,Saturday,1,14,122,Fim de Semana,Espresso Premium,9.5,Croissant Francês,13.0,Delivery,Débito,22.5
2026-02-07,Saturday,1,19,214,Trabalhador,Cappuccino Italiano,14.0,Sanduíche Caprese,19.0,Delivery,Crédito,33.0
2026-02-07,Saturday,1,19,157,Trabalhador,Espresso Premium,9.5,Quiche de Alho Poró,18.0,Balcão,Pix,27.5
2026-02-07,Saturday,1,18,181,Fim de Semana,Espresso Premium,9.5,Quiche de Alho Poró,18.0,Balcão,Crédito,27.5
2026-02-07,Saturday,1,13,178,Ocasional,Mocha Belga,18.0,Bolo Red Velvet,15.0,Balcão,Pix,33.0
2026-02-07,Saturday,1,17,156,Fim de Semana,Mocha Belga,18.0,Croissant Francês,13.0,Delivery,Pix,31.0
2026-02-07,Saturday,1,9,231,Fim de Semana,Chá Orgânico,12.0,Croissant Francês,13.0,Balcão,Pix,25.0
2026-02-07,Saturday,1,18,80,Ocasional,Mocha Belga,18.0,Torta de Limão Siciliano,16.0,Delivery,Débito,34.0
2026-02-07,Saturday,1,13,177,Fim de Semana,Cappuccino Italiano,14.0,Bolo Red Velvet,15.0,Delivery,Pix,29.0
2026-02-07,Saturday,1,7,109,Fim de Semana,Cappuccino Italiano,14.0,Croissant Francês,13.0,Delivery,Crédito,27.0
2026-02-07,Saturday,1,10,230,Fim de Semana,Cold Brew Especial,17.0,Croissant Francês,13.0,Delivery,Débito,30.0
2026-02-07,Saturday,1,16,86,Fim de Semana,Cappuccino Italiano,14.0,Quiche de Alho Poró,18.0,Balcão,Crédito,32.0
2026-02-07,Saturday,1,11,47,Trabalhador,Chá Orgânico,12.0,Bolo Red Velvet,15.0,Delivery,Crédito,27.0
2026-02-07,Saturday,1,17,23,Trabalhador,Chá Orgânico,12.0,Sanduíche Caprese,19.0,Delivery,Débito,31.0
2026-02-07,Saturday,1,7,56,Fim de Semana,Latte Baunilha,16.0,Croissant Francês,13.0,Balcão,Débito,29.0
2026-02-07,Saturday,1,11,35,Trabalhador,Cappuccino Italiano,14.0,Croissant Francês,13.0,Delivery,Crédito,27.0
2026-02-07,Saturday,1,10,138,Fim de Semana,Latte Baunilha,16.0,Quiche de Alho Poró,18.0,Delivery,Débito,34.0
2026-02-07,Saturday,1,8,159,Ocasional,Latte Baunilha,16.0,Croissant Francês,13.0,Balcão,Pix,29.0
2026-02-07,Saturday,1,16,244,Ocasional,Espresso Premium,9.5,Sanduíche Caprese,19.0,Delivery,Débito,28.5
2026-02-07,Saturday,1,9,126,Trabalhador,Cappuccino Italiano,14.0,Croissant Francês,13.0,Balcão,Crédito,27.0
2026-02-07,Saturday,1,14,163,Trabalhador,Mocha Belga,18.0,Bolo Red Velvet,15.0,Delivery,Débito,33.0
2026-02-07,Saturday,1,10,127,Fim de Semana,Cold Brew Especial,17.0,Croissant Francês,13.0,Delivery,Pix,30.0
2026-02-07,Saturday,1,15,288,Fim de Semana,Cold Brew Especial,17.0,Quiche de Alho Poró,18.0,Balcão,Débito,35.0
2026-02-07,Saturday,1,19,209,Ocasional,Cappuccino Italiano,14.0,Torta de Limão Siciliano,16.0,Balcão,Crédito,30.0
2026-02-07,Saturday,1,11,211,Fim de Semana,Cappuccino Italiano,14.0,Cookie Artesanal,9.0,Delivery,Pix,23.0
2026-02-07,Saturday,1,16,224,Ocasional,Mocha Belga,18.0,Torta de Limão Siciliano,16.0,Balcão,Pix,34.0
2026-02-07,Saturday,1,16,201,Trabalhador,Cappuccino Italiano,14.0,Croissant Francês,13.0,Delivery,Pix,27.0
2026-02-07,Saturday,1,11,257,Fim de Semana,Cappuccino Italiano,14.0,Quiche de Alho Poró,18.0,Delivery,Crédito,32.0
2026-02-07,Saturday,1,11,64,Trabalhador,Mocha Belga,18.0,Quiche de Alho Poró,18.0,Delivery,Crédito,36.0
2026-02-07,Saturday,1,12,38,Trabalhador,Mocha Belga,18.0,Cookie Artesanal,9.0,Delivery,Pix,27.0
2026-02-07,Saturday,1,17,53,Fim de Semana,Mocha Belga,18.0,Torta de Limão Siciliano,16.0,Balcão,Crédito,34.0
2026-02-07,Saturday,1,9,87,Trabalhador,Latte Baunilha,16.0,Bolo Red Velvet,15.0,Balcão,Débito,31.0
2026-02-07,Saturday,1,19,248,Fim de Semana,Cold Brew Especial,17.0,Quiche de Alho Poró,18.0,Balcão,Crédito,35.0
2026-02-07,Saturday,1,19,86,Trabalhador,Latte Baunilha,16.0,Torta de Limão Siciliano,16.0,Balcão,Crédito,32.0
2026-02-07,Saturday,1,19,73,Fim de Semana,Espresso Premium,9.5,Sanduíche Caprese,19.0,Balcão,Crédito,28.5
2026-02-07,Saturday,1,14,277,Fim de Semana,Cappuccino Italiano,14.0,Torta de Limão Siciliano,16.0,Delivery,Crédito,30.0
2026-02-07,Saturday,1,13,105,Trabalhador,Mocha Belga,18.0,Cookie Artesanal,9.0,Delivery,Pix,27.0
2026-02-07,Saturday,1,9,136,Trabalhador,Latte Baunilha,16.0,Quiche de Alho Poró,18.0,Delivery,Débito,34.0
2026-02-07,Saturday,1,7,221,Fim de Semana,Cold Brew Especial,17.0,Bolo Red Velvet,15.0,Balcão,Crédito,32.0
2026-02-07,Saturday,1,15,23,Trabalhador,Espresso Premium,9.5,Bolo Red Velvet,15.0,Balcão,Débito,24.5
2026-02-07,Saturday,1,7,14,Trabalhador,Espresso Premium,9.5,Cookie Artesanal,9.0,Delivery,Débito,18.5
2026-02-07,Saturday,1,12,108,Fim de Semana,Latte Baunilha,16.0,Quiche de Alho Poró,18.0,Delivery,Débito,34.0
2026-02-07,Saturday,1,16,202,Ocasional,Chá Orgânico,12.0,Croissant Francês,13.0,Delivery,Crédito,25.0
2026-02-07,Saturday,1,20,155,Fim de Semana,Chá Orgânico,12.0,Cookie Artesanal,9.0,Balcão,Pix,21.0
2026-02-07,Saturday,1,14,160,Trabalhador,Chá Orgânico,12.0,Bolo Red Velvet,15.0,Balcão,Pix,27.0
2026-02-07,Saturday,1,19,10,Ocasional,Chá Orgânico,12.0,Bolo Red Velvet,15.0,Delivery,Pix,27.0
2026-02-07,Saturday,1,15,4,Ocasional,Espresso Premium,9.5,Cookie Artesanal,9.0,Balcão,Crédito,18.5
2026-02-07,Saturday,1,15,4,Fim de Semana,Mocha Belga,18.0,Quiche de Alho Poró,18.0,Delivery,Crédito,36.0
2026-02-08,Sunday,1,20,24,Trabalhador,Latte Baunilha,16.0,Cookie Artesanal,9.0,Balcão,Crédito,25.0
2026-02-08,Sunday,1,12,241,Trabalhador,Espresso Premium,9.5,Croissant Francês,13.0,Delivery,Débito,22.5
2026-02-08,Sunday,1,17,124,Trabalhador,Espresso Premium,9.5,Cookie Artesanal,9.0,Balcão,Pix,18.5
2026-02-08,Sunday,1,20,133,Trabalhador,Cold Brew Especial,17.0,Sanduíche Caprese,19.0,Delivery,Pix,36.0
2026-02-08,Sunday,1,9,249,Ocasional,Cappuccino Italiano,14.0,Sanduíche Caprese,19.0,Delivery,Débito,33.0
2026-02-08,Sunday,1,7,118,Fim de Semana,Cold Brew Especial,17.0,Quiche de Alho Poró,18.0,Delivery,Débito,35.0
2026-02-08,Sunday,1,15,126,Ocasional,Latte Baunilha,16.0,Quiche de Alho Poró,18.0,Delivery,Crédito,34.0
2026-02-08,Sunday,1,20,234,Trabalhador,Espresso Premium,9.5,Bolo Red Velvet,15.0,Balcão,Crédito,24.5
2026-02-08,Sunday,1,14,264,Fim de Semana,Espresso Premium,9.5,Bolo Red Velvet,15.0,Delivery,Crédito,24.5
2026-02-08,Sunday,1,11,103,Ocasional,Chá Orgânico,12.0,Cookie Artesanal,9.0,Balcão,Pix,21.0
2026-02-08,Sunday,1,7,5,Ocasional,Chá Orgânico,12.0,Quiche de Alho Poró,18.0,Balcão,Débito,30.0
2026-02-08,Sunday,1,15,213,Ocasional,Latte Baunilha,16.0,Bolo Red Velvet,15.0,Delivery,Pix,31.0
2026-02-08,Sunday,1,15,198,Trabalhador,Cappuccino Italiano,14.0,Quiche de Alho Poró,18.0,Balcão,Pix,32.0
2026-02-08,Sunday,1,11,260,Trabalhador,Chá Orgânico,12.0,Bolo Red Velvet,15.0,Delivery,Pix,27.0
2026-02-08,Sunday,1,10,122,Ocasional,Espresso Premium,9.5,Cookie Artesanal,9.0,Delivery,Débito,18.5
2026-02-08,Sunday,1,7,182,Trabalhador,Espresso Premium,9.5,Torta de Limão Siciliano,16.0,Delivery,Pix,25.5
2026-02-08,Sunday,1,9,130,Ocasional,Mocha Belga,18.0,Croissant Francês,13.0,Delivery,Pix,31.0
2026-02-08,Sunday,1,9,275,Fim de Semana,Cappuccino Italiano,14.0,Cookie Artesanal,9.0,Balcão,Pix,23.0
2026-02-08,Sunday,1,16,276,Fim de Semana,Mocha Belga,18.0,Bolo Red Velvet,15.0,Balcão,Crédito,33.0
2026-02-08,Sunday,1,16,267,Fim de Semana,Mocha Belga,18.0,Bolo Red Velvet,15.0,Balcão,Pix,33.0
2026-02-08,Sunday,1,7,18,Trabalhador,Cappuccino Italiano,14.0,Cookie Artesanal,9.0,Balcão,Crédito,23.0
2026-02-08,Sunday,1,10,196,Fim de Semana,Latte Baunilha,16.0,Bolo Red Velvet,15.0,Delivery,Débito,31.0
2026-02-08,Sunday,1,15,115,Fim de Semana,Espresso Premium,9.5,Croissant Francês,13.0,Balcão,Pix,22.5
2026-02-08,Sunday,1,14,33,Ocasional,Cappuccino Italiano,14.0,Cookie Artesanal,9.0,Delivery,Crédito,23.0
2026-02-08,Sunday,1,8,199,Ocasional,Espresso Premium,9.5,Quiche de Alho Poró,18.0,Balcão,Pix,27.5
2026-02-08,Sunday,1,9,56,Trabalhador,Mocha Belga,18.0,Sanduíche Caprese,19.0,Delivery,Crédito,37.0
2026-02-08,Sunday,1,18,191,Trabalhador,Latte Baunilha,16.0,Cookie Artesanal,9.0,Delivery,Crédito,25.0
2026-02-08,Sunday,1,16,171,Ocasional,Cold Brew Especial,17.0,Quiche de Alho Poró,18.0,Delivery,Pix,35.0
2026-02-08,Sunday,1,12,265,Ocasional,Latte Baunilha,16.0,Torta de Limão Siciliano,16.0,Delivery,Crédito,32.0
2026-02-08,Sunday,1,10,19,Trabalhador,Cold Brew Especial,17.0,Croissant Francês,13.0,Delivery,Crédito,30.0
2026-02-08,Sunday,1,11,35,Ocasional,Cappuccino Italiano,14.0,Bolo Red Velvet,15.0,Delivery,Crédito,29.0
2026-02-08,Sunday,1,10,152,Ocasional,Latte Baunilha,16.0,Cookie Artesanal,9.0,Balcão,Crédito,25.0
2026-02-08,Sunday,1,13,212,Fim de Semana,Cold Brew Especial,17.0,Croissant Francês,13.0,Balcão,Crédito,30.0
2026-02-08,Sunday,1,13,125,Ocasional,Mocha Belga,18.0,Cookie Artesanal,9.0,Delivery,Pix,27.0
2026-02-08,Sunday,1,11,228,Trabalhador,Espresso Premium,9.5,Cookie Artesanal,9.0,Delivery,Crédito,18.5
2026-02-08,Sunday,1,13,174,Ocasional,Chá Orgânico,12.0,Croissant Francês,13.0,Balcão,Pix,25.0
2026-02-08,Sunday,1,16,133,Fim de Semana,Mocha Belga,18.0,Croissant Francês,13.0,Balcão,Crédito,31.0
2026-02-08,Sunday,1,15,83,Fim de Semana,Chá Orgânico,12.0,Bolo Red Velvet,15.0,Balcão,Pix,27.0
2026-02-08,Sunday,1,17,80,Fim de Semana,Espresso Premium,9.5,Cookie Artesanal,9.0,Delivery,Crédito,18.5
2026-02-08,Sunday,1,14,212,Fim de Semana,Cappuccino Italiano,14.0,Cookie Artesanal,9.0,Delivery,Crédito,23.0
2026-02-08,Sunday,1,15,233,Ocasional,Espresso Premium,9.5,Bolo Red Velvet,15.0,Balcão,Pix,24.5
2026-02-08,Sunday,1,13,108,Trabalhador,Chá Orgânico,12.0,Torta de Limão Siciliano,16.0,Delivery,Débito,28.0
2026-02-08,Sunday,1,15,175,Ocasional,Chá Orgânico,12.0,Croissant Francês,13.0,Delivery,Crédito,25.0
2026-02-08,Sunday,1,8,171,Ocasional,Cappuccino Italiano,14.0,Sanduíche Caprese,19.0,Balcão,Pix,33.0
2026-02-08,Sunday,1,11,259,Fim de Semana,Espresso Premium,9.5,Sanduíche Caprese,19.0,Delivery,Pix,28.5
2026-02-08,Sunday,1,11,223,Fim de Semana,Mocha Belga,18.0,Croissant Francês,13.0,Delivery,Pix,31.0
2026-02-08,Sunday,1,18,5,Trabalhador,Cappuccino Italiano,14.0,Croissant Francês,13.0,Balcão,Débito,27.0
2026-02-08,Sunday,1,15,172,Trabalhador,Cappuccino Italiano,14.0,Quiche de Alho Poró,18.0,Delivery,Crédito,32.0
2026-02-08,Sunday,1,9,247,Fim de Semana,Espresso Premium,9.5,Torta de Limão Siciliano,16.0,Delivery,Crédito,25.5
2026-02-08,Sunday,1,12,2,Ocasional,Latte Baunilha,16.0,Sanduíche Caprese,19.0,Balcão,Pix,35.0
2026-02-08,Sunday,1,11,221,Trabalhador,Espresso Premium,9.5,Bolo Red Velvet,15.0,Delivery,Pix,24.5
2026-02-08,Sunday,1,17,93,Trabalhador,Mocha Belga,18.0,Bolo Red Velvet,15.0,Balcão,Débito,33.0
2026-02-08,Sunday,1,8,145,Fim de Semana,Cold Brew Especial,17.0,Torta de Limão Siciliano,16.0,Delivery,Débito,33.0
2026-02-08,Sunday,1,7,245,Ocasional,Mocha Belga,18.0,Torta de Limão Siciliano,16.0,Delivery,Pix,34.0
2026-02-08,Sunday,1,14,17,Ocasional,Chá Orgânico,12.0,Torta de Limão Siciliano,16.0,Delivery,Crédito,28.0
2026-02-08,Sunday,1,11,280,Ocasional,Cappuccino Italiano,14.0,Bolo Red Velvet,15.0,Balcão,Débito,29.0
2026-02-08,Sunday,1,16,170,Ocasional,Latte Baunilha,16.0,Torta de Limão Siciliano,16.0,Delivery,Pix,32.0
2026-02-08,Sunday,1,13,230,Ocasional,Chá Orgânico,12.0,Bolo Red Velvet,15.0,Delivery,Débito,27.0
2026-02-08,Sunday,1,15,279,Fim de Semana,Espresso Premium,9.5,Torta de Limão Siciliano,16.0,Balcão,Crédito,25.5
2026-02-08,Sunday,1,17,229,Fim de Semana,Espresso Premium,9.5,Cookie Artesanal,9.0,Delivery,Pix,18.5
2026-02-08,Sunday,1,18,129,Fim de Semana,Chá Orgânico,12.0,Bolo Red Velvet,15.0,Balcão,Crédito,27.0
2026-02-08,Sunday,1,7,151,Ocasional,Espresso Premium,9.5,Sanduíche Caprese,19.0,Balcão,Pix,28.5
2026-02-08,Sunday,1,9,248,Ocasional,Espresso Premium,9.5,Cookie Artesanal,9.0,Delivery,Pix,18.5
2026-02-08,Sunday,1,17,269,Ocasional,Espresso Premium,9.5,Croissant Francês,13.0,Delivery,Débito,22.5
2026-02-08,Sunday,1,10,300,Trabalhador,Mocha Belga,18.0,Sanduíche Caprese,19.0,Delivery,Débito,37.0
2026-02-08,Sunday,1,17,128,Fim de Semana,Mocha Belga,18.0,Croissant Francês,13.0,Balcão,Pix,31.0
2026-02-08,Sunday,1,20,198,Trabalhador,Espresso Premium,9.5,Sanduíche Caprese,19.0,Balcão,Crédito,28.5
2026-02-08,Sunday,1,10,273,Ocasional,Chá Orgânico,12.0,Quiche de Alho Poró,18.0,Delivery,Crédito,30.0
2026-02-08,Sunday,1,12,233,Trabalhador,Espresso Premium,9.5,Torta de Limão Siciliano,16.0,Balcão,Crédito,25.5
2026-02-08,Sunday,1,18,78,Ocasional,Mocha Belga,18.0,Bolo Red Velvet,15.0,Balcão,Pix,33.0
2026-02-08,Sunday,1,19,119,Ocasional,Chá Orgânico,12.0,Bolo Red Velvet,15.0,Balcão,Crédito,27.0
2026-02-08,Sunday,1,15,298,Fim de Semana,Chá Orgânico,12.0,Croissant Francês,13.0,Delivery,Pix,25.0
2026-02-08,Sunday,1,13,139,Trabalhador,Latte Baunilha,16.0,Sanduíche Caprese,19.0,Delivery,Débito,35.0
2026-02-08,Sunday,1,12,177,Trabalhador,Chá Orgânico,12.0,Sanduíche Caprese,19.0,Balcão,Crédito,31.0
2026-02-08,Sunday,1,20,216,Trabalhador,Mocha Belga,18.0,Sanduíche Caprese,19.0,Balcão,Débito,37.0
2026-02-08,Sunday,1,8,201,Trabalhador,Cappuccino Italiano,14.0,Torta de Limão Siciliano,16.0,Balcão,Débito,30.0
2026-02-08,Sunday,1,11,24,Ocasional,Mocha Belga,18.0,Sanduíche Caprese,19.0,Balcão,Crédito,37.0
2026-02-08,Sunday,1,20,149,Ocasional,Mocha Belga,18.0,Bolo Red Velvet,15.0,Delivery,Pix,33.0
2026-02-08,Sunday,1,14,151,Trabalhador,Cold Brew Especial,17.0,Torta de Limão Siciliano,16.0,Balcão,Débito,33.0
2026-02-08,Sunday,1,10,205,Ocasional,Cold Brew Especial,17.0,Quiche de Alho Poró,18.0,Delivery,Pix,35.0
2026-02-08,Sunday,1,14,199,Trabalhador,Cappuccino Italiano,14.0,Croissant Francês,13.0,Balcão,Débito,27.0
2026-02-09,Monday,0,15,172,Trabalhador,Mocha Belga,18.0,Sanduíche Caprese,19.0,Balcão,Pix,37.0
2026-02-09,Monday,0,11,146,Fim de Semana,Chá Orgânico,12.0,Torta de Limão Siciliano,16.0,Delivery,Pix,28.0
2026-02-09,Monday,0,8,248,Ocasional,Espresso Premium,9.5,Cookie Artesanal,9.0,Delivery,Pix,18.5
2026-02-09,Monday,0,16,220,Fim de Semana,Mocha Belga,18.0,Torta de Limão Siciliano,16.0,Balcão,Débito,34.0
2026-02-09,Monday,0,15,109,Ocasional,Mocha Belga,18.0,Croissant Francês,13.0,Balcão,Pix,31.0
2026-02-09,Monday,0,8,252,Ocasional,Cappuccino Italiano,14.0,Quiche de Alho Poró,18.0,Delivery,Pix,32.0
2026-02-09,Monday,0,12,201,Ocasional,Chá Orgânico,12.0,Bolo Red Velvet,15.0,Delivery,Crédito,27.0
2026-02-09,Monday,0,17,184,Ocasional,Espresso Premium,9.5,Bolo Red Velvet,15.0,Delivery,Crédito,24.5
2026-02-09,Monday,0,16,107,Trabalhador,Mocha Belga,18.0,Cookie Artesanal,9.0,Delivery,Débito,27.0
2026-02-09,Monday,0,10,279,Trabalhador,Cold Brew Especial,17.0,Sanduíche Caprese,19.0,Balcão,Pix,36.0
2026-02-09,Monday,0,13,258,Ocasional,Latte Baunilha,16.0,Torta de Limão Siciliano,16.0,Delivery,Crédito,32.0
2026-02-09,Monday,0,17,30,Ocasional,Latte Baunilha,16.0,Croissant Francês,13.0,Delivery,Pix,29.0
2026-02-09,Monday,0,18,106,Trabalhador,Latte Baunilha,16.0,Quiche de Alho Poró,18.0,Balcão,Crédito,34.0
2026-02-09,Monday,0,7,294,Fim de Semana,Mocha Belga,18.0,Bolo Red Velvet,15.0,Delivery,Crédito,33.0
2026-02-09,Monday,0,8,61,Fim de Semana,Cold Brew Especial,17.0,Quiche de Alho Poró,18.0,Delivery,Débito,35.0
2026-02-09,Monday,0,10,15,Fim de Semana,Espresso Premium,9.5,Cookie Artesanal,9.0,Balcão,Pix,18.5
2026-02-09,Monday,0,17,141,Ocasional,Espresso Premium,9.5,Croissant Francês,13.0,Balcão,Débito,22.5
2026-02-09,Monday,0,19,271,Ocasional,Cappuccino Italiano,14.0,Cookie Artesanal,9.0,Delivery,Crédito,23.0
2026-02-09,Monday,0,10,85,Trabalhador,Espresso Premium,9.5,Cookie Artesanal,9.0,Delivery,Crédito,18.5
2026-02-09,Monday,0,15,208,Trabalhador,Cold Brew Especial,17.0,Sanduíche Caprese,19.0,Balcão,Crédito,36.0
2026-02-09,Monday,0,7,31,Ocasional,Latte Baunilha,16.0,Bolo Red Velvet,15.0,Delivery,Crédito,31.0
2026-02-09,Monday,0,13,197,Trabalhador,Cold Brew Especial,17.0,Croissant Francês,13.0,Balcão,Débito,30.0
2026-02-09,Monday,0,14,212,Ocasional,Espresso Premium,9.5,Sanduíche Caprese,19.0,Delivery,Débito,28.5
2026-02-09,Monday,0,17,239,Fim de Semana,Latte Baunilha,16.0,Croissant Francês,13.0,Balcão,Débito,29.0
2026-02-09,Monday,0,10,9,Fim de Semana,Mocha Belga,18.0,Bolo Red Velvet,15.0,Delivery,Débito,33.0
2026-02-09,Monday,0,17,14,Ocasional,Chá Orgânico,12.0,Quiche de Alho Poró,18.0,Delivery,Pix,30.0
2026-02-09,Monday,0,10,210,Fim de Semana,Cold Brew Especial,17.0,Torta de Limão Siciliano,16.0,Delivery,Pix,33.0
2026-02-09,Monday,0,16,32,Fim de Semana,Latte Baunilha,16.0,Quiche de Alho Poró,18.0,Delivery,Pix,34.0
2026-02-09,Monday,0,17,159,Trabalhador,Chá Orgânico,12.0,Torta de Limão Siciliano,16.0,Balcão,Pix,28.0
2026-02-09,Monday,0,8,122,Ocasional,Cappuccino Italiano,14.0,Croissant Francês,13.0,Balcão,Crédito,27.0
2026-02-09,Monday,0,9,134,Trabalhador,Mocha Belga,18.0,Croissant Francês,13.0,Balcão,Pix,31.0
2026-02-09,Monday,0,14,33,Trabalhador,Espresso Premium,9.5,Sanduíche Caprese,19.0,Delivery,Pix,28.5
2026-02-09,Monday,0,17,223,Fim de Semana,Latte Baunilha,16.0,Quiche de Alho Poró,18.0,Balcão,Débito,34.0
2026-02-09,Monday,0,20,149,Trabalhador,Mocha Belga,18.0,Quiche de Alho Poró,18.0,Delivery,Crédito,36.0
2026-02-09,Monday,0,8,173,Ocasional,Cappuccino Italiano,14.0,Quiche de Alho Poró,18.0,Balcão,Débito,32.0
2026-02-09,Monday,0,14,9,Trabalhador,Espresso Premium,9.5,Quiche de Alho Poró,18.0,Balcão,Pix,27.5
2026-02-09,Monday,0,11,33,Fim de Semana,Chá Orgânico,12.0,Sanduíche Caprese,19.0,Delivery,Pix,31.0
2026-02-09,Monday,0,13,263,Trabalhador,Latte Baunilha,16.0,Cookie Artesanal,9.0,Delivery,Crédito,25.0
2026-02-09,Monday,0,10,141,Trabalhador,Cappuccino Italiano,14.0,Bolo Red Velvet,15.0,Balcão,Crédito,29.0
2026-02-09,Monday,0,10,161,Trabalhador,Latte Baunilha,16.0,Sanduíche Caprese,19.0,Delivery,Débito,35.0
2026-02-09,Monday,0,10,254,Ocasional,Cold Brew Especial,17.0,Sanduíche Caprese,19.0,Balcão,Débito,36.0
2026-02-09,Monday,0,17,155,Fim de Semana,Cappuccino Italiano,14.0,Torta de Limão Siciliano,16.0,Balcão,Débito,30.0
2026-02-09,Monday,0,12,144,Fim de Semana,Latte Baunilha,16.0,Torta de Limão Siciliano,16.0,Delivery,Pix,32.0
2026-02-09,Monday,0,15,292,Trabalhador,Chá Orgânico,12.0,Torta de Limão Siciliano,16.0,Balcão,Pix,28.0
2026-02-09,Monday,0,17,145,Fim de Semana,Cold Brew Especial,17.0,Torta de Limão Siciliano,16.0,Delivery,Pix,33.0
2026-02-09,Monday,0,7,107,Ocasional,Cold Brew Especial,17.0,Sanduíche Caprese,19.0,Balcão,Crédito,36.0
2026-02-09,Monday,0,9,216,Ocasional,Latte Baunilha,16.0,Sanduíche Caprese,19.0,Delivery,Débito,35.0
2026-02-09,Monday,0,15,200,Fim de Semana,Cold Brew Especial,17.0,Croissant Francês,13.0,Delivery,Crédito,30.0
2026-02-09,Monday,0,19,174,Ocasional,Cold Brew Especial,17.0,Cookie Artesanal,9.0,Balcão,Débito,26.0
2026-02-09,Monday,0,20,59,Ocasional,Latte Baunilha,16.0,Quiche de Alho Poró,18.0,Delivery,Pix,34.0
2026-02-09,Monday,0,9,192,Trabalhador,Mocha Belga,18.0,Croissant Francês,13.0,Balcão,Crédito,31.0
2026-02-09,Monday,0,19,65,Fim de Semana,Cold Brew Especial,17.0,Quiche de Alho Poró,18.0,Balcão,Pix,35.0
2026-02-09,Monday,0,15,167,Ocasional,Cappuccino Italiano,14.0,Sanduíche Caprese,19.0,Delivery,Crédito,33.0
2026-02-09,Monday,0,16,261,Fim de Semana,Cold Brew Especial,17.0,Torta de Limão Siciliano,16.0,Balcão,Débito,33.0
2026-02-09,Monday,0,15,10,Fim de Semana,Mocha Belga,18.0,Cookie Artesanal,9.0,Balcão,Débito,27.0
2026-02-09,Monday,0,10,20,Fim de Semana,Cold Brew Especial,17.0,Croissant Francês,13.0,Balcão,Pix,30.0
2026-02-09,Monday,0,7,190,Ocasional,Latte Baunilha,16.0,Sanduíche Caprese,19.0,Balcão,Débito,35.0
2026-02-09,Monday,0,13,206,Ocasional,Chá Orgânico,12.0,Sanduíche Caprese,19.0,Balcão,Crédito,31.0
2026-02-09,Monday,0,17,232,Trabalhador,Latte Baunilha,16.0,Torta de Limão Siciliano,16.0,Balcão,Pix,32.0
2026-02-09,Monday,0,18,117,Ocasional,Latte Baunilha,16.0,Sanduíche Caprese,19.0,Balcão,Pix,35.0
2026-02-09,Monday,0,9,289,Ocasional,Cappuccino Italiano,14.0,Bolo Red Velvet,15.0,Balcão,Débito,29.0
2026-02-09,Monday,0,10,62,Fim de Semana,Cold Brew Especial,17.0,Quiche de Alho Poró,18.0,Balcão,Débito,35.0
2026-02-09,Monday,0,11,193,Trabalhador,Cappuccino Italiano,14.0,Cookie Artesanal,9.0,Balcão,Pix,23.0
2026-02-09,Monday,0,7,227,Fim de Semana,Latte Baunilha,16.0,Bolo Red Velvet,15.0,Delivery,Pix,31.0
2026-02-09,Monday,0,14,182,Trabalhador,Latte Baunilha,16.0,Croissant Francês,13.0,Delivery,Débito,29.0
2026-02-09,Monday,0,13,85,Trabalhador,Cold Brew Especial,17.0,Quiche de Alho Poró,18.0,Delivery,Débito,35.0
2026-02-09,Monday,0,14,15,Fim de Semana,Cold Brew Especial,17.0,Torta de Limão Siciliano,16.0,Delivery,Débito,33.0
2026-02-09,Monday,0,8,125,Ocasional,Latte Baunilha,16.0,Sanduíche Caprese,19.0,Balcão,Débito,35.0
2026-02-09,Monday,0,13,99,Trabalhador,Latte Baunilha,16.0,Sanduíche Caprese,19.0,Delivery,Pix,35.0
2026-02-09,Monday,0,16,91,Fim de Semana,Mocha Belga,18.0,Sanduíche Caprese,19.0,Delivery,Crédito,37.0
2026-02-09,Monday,0,16,276,Fim de Semana,Chá Orgânico,12.0,Bolo Red Velvet,15.0,Delivery,Débito,27.0
2026-02-09,Monday,0,7,269,Fim de Semana,Espresso Premium,9.5,Torta de Limão Siciliano,16.0,Delivery,Pix,25.5
2026-02-09,Monday,0,10,82,Fim de Semana,Latte Baunilha,16.0,Sanduíche Caprese,19.0,Balcão,Pix,35.0
2026-02-09,Monday,0,16,67,Ocasional,Cappuccino Italiano,14.0,Torta de Limão Siciliano,16.0,Balcão,Crédito,30.0
2026-02-09,Monday,0,7,143,Fim de Semana,Chá Orgânico,12.0,Quiche de Alho Poró,18.0,Delivery,Crédito,30.0
2026-02-09,Monday,0,16,12,Fim de Semana,Cold Brew Especial,17.0,Sanduíche Caprese,19.0,Balcão,Crédito,36.0
2026-02-09,Monday,0,19,88,Fim de Semana,Latte Baunilha,16.0,Croissant Francês,13.0,Balcão,Débito,29.0
2026-02-09,Monday,0,19,74,Fim de Semana,Cold Brew Especial,17.0,Sanduíche Caprese,19.0,Delivery,Débito,36.0
2026-02-09,Monday,0,12,64,Ocasional,Latte Baunilha,16.0,Torta de Limão Siciliano,16.0,Delivery,Pix,32.0
2026-02-09,Monday,0,20,298,Trabalhador,Mocha Belga,18.0,Sanduíche Caprese,19.0,Balcão,Crédito,37.0
2026-02-09,Monday,0,13,177,Ocasional,Espresso Premium,9.5,Croissant Francês,13.0,Delivery,Crédito,22.5
2026-02-09,Monday,0,8,104,Trabalhador,Chá Orgânico,12.0,Cookie Artesanal,9.0,Delivery,Crédito,21.0
2026-02-09,Monday,0,8,203,Fim de Semana,Cappuccino Italiano,14.0,Quiche de Alho Poró,18.0,Balcão,Pix,32.0
2026-02-09,Monday,0,17,160,Trabalhador,Cappuccino Italiano,14.0,Croissant Francês,13.0,Balcão,Crédito,27.0
2026-02-10,Tuesday,0,17,278,Trabalhador,Mocha Belga,18.0,Cookie Artesanal,9.0,Delivery,Pix,27.0
2026-02-10,Tuesday,0,20,290,Fim de Semana,Cold Brew Especial,17.0,Torta de Limão Siciliano,16.0,Balcão,Crédito,33.0
2026-02-10,Tuesday,0,8,164,Fim de Semana,Latte Baunilha,16.0,Bolo Red Velvet,15.0,Balcão,Crédito,31.0
2026-02-10,Tuesday,0,17,83,Fim de Semana,Latte Baunilha,16.0,Croissant Francês,13.0,Delivery,Débito,29.0
2026-02-10,Tuesday,0,9,101,Ocasional,Espresso Premium,9.5,Bolo Red Velvet,15.0,Balcão,Débito,24.5
2026-02-10,Tuesday,0,8,208,Fim de Semana,Espresso Premium,9.5,Quiche de Alho Poró,18.0,Delivery,Crédito,27.5
2026-02-10,Tuesday,0,17,193,Fim de Semana,Espresso Premium,9.5,Bolo Red Velvet,15.0,Balcão,Débito,24.5
2026-02-10,Tuesday,0,19,33,Ocasional,Cappuccino Italiano,14.0,Quiche de Alho Poró,18.0,Balcão,Pix,32.0
2026-02-10,Tuesday,0,8,185,Fim de Semana,Espresso Premium,9.5,Cookie Artesanal,9.0,Balcão,Débito,18.5
2026-02-10,Tuesday,0,13,112,Trabalhador,Latte Baunilha,16.0,Cookie Artesanal,9.0,Delivery,Pix,25.0
2026-02-10,Tuesday,0,10,285,Trabalhador,Cappuccino Italiano,14.0,Quiche de Alho Poró,18.0,Delivery,Pix,32.0
2026-02-10,Tuesday,0,10,206,Fim de Semana,Mocha Belga,18.0,Croissant Francês,13.0,Balcão,Pix,31.0
2026-02-10,Tuesday,0,9,65,Ocasional,Chá Orgânico,12.0,Bolo Red Velvet,15.0,Balcão,Pix,27.0
2026-02-10,Tuesday,0,8,12,Fim de Semana,Mocha Belga,18.0,Croissant Francês,13.0,Delivery,Débito,31.0
2026-02-10,Tuesday,0,18,146,Ocasional,Chá Orgânico,12.0,Cookie Artesanal,9.0,Delivery,Crédito,21.0
2026-02-10,Tuesday,0,13,102,Trabalhador,Cold Brew Especial,17.0,Torta de Limão Siciliano,16.0,Balcão,Pix,33.0
2026-02-10,Tuesday,0,11,146,Trabalhador,Cappuccino Italiano,14.0,Quiche de Alho Poró,18.0,Balcão,Débito,32.0
2026-02-10,Tuesday,0,19,101,Ocasional,Mocha Belga,18.0,Quiche de Alho Poró,18.0,Delivery,Débito,36.0
2026-02-10,Tuesday,0,7,102,Trabalhador,Cold Brew Especial,17.0,Quiche de Alho Poró,18.0,Delivery,Crédito,35.0
2026-02-10,Tuesday,0,18,48,Ocasional,Chá Orgânico,12.0,Quiche de Alho Poró,18.0,Balcão,Débito,30.0
2026-02-10,Tuesday,0,18,33,Ocasional,Mocha Belga,18.0,Bolo Red Velvet,15.0,Balcão,Débito,33.0
2026-02-10,Tuesday,0,10,209,Trabalhador,Cappuccino Italiano,14.0,Torta de Limão Siciliano,16.0,Delivery,Pix,30.0
2026-02-10,Tuesday,0,20,283,Fim de Semana,Cappuccino Italiano,14.0,Bolo Red Velvet,15.0,Balcão,Débito,29.0
2026-02-10,Tuesday,0,18,2,Fim de Semana,Chá Orgânico,12.0,Quiche de Alho Poró,18.0,Delivery,Crédito,30.0
2026-02-10,Tuesday,0,16,20,Fim de Semana,Mocha Belga,18.0,Croissant Francês,13.0,Balcão,Pix,31.0
2026-02-10,Tuesday,0,10,179,Fim de Semana,Latte Baunilha,16.0,Bolo Red Velvet,15.0,Delivery,Pix,31.0
2026-02-10,Tuesday,0,14,112,Fim de Semana,Cold Brew Especial,17.0,Torta de Limão Siciliano,16.0,Delivery,Crédito,33.0
2026-02-10,Tuesday,0,19,52,Trabalhador,Mocha Belga,18.0,Bolo Red Velvet,15.0,Balcão,Débito,33.0
2026-02-10,Tuesday,0,19,75,Ocasional,Mocha Belga,18.0,Bolo Red Velvet,15.0,Delivery,Pix,33.0
2026-02-10,Tuesday,0,9,4,Ocasional,Cold Brew Especial,17.0,Sanduíche Caprese,19.0,Balcão,Pix,36.0
2026-02-10,Tuesday,0,15,159,Fim de Semana,Espresso Premium,9.5,Quiche de Alho Poró,18.0,Delivery,Pix,27.5
2026-02-10,Tuesday,0,11,195,Ocasional,Chá Orgânico,12.0,Torta de Limão Siciliano,16.0,Delivery,Crédito,28.0
2026-02-10,Tuesday,0,9,278,Ocasional,Cold Brew Especial,17.0,Sanduíche Caprese,19.0,Balcão,Crédito,36.0
2026-02-10,Tuesday,0,15,88,Trabalhador,Mocha Belga,18.0,Bolo Red Velvet,15.0,Delivery,Crédito,33.0
2026-02-10,Tuesday,0,10,102,Fim de Semana,Cold Brew Especial,17.0,Quiche de Alho Poró,18.0,Balcão,Pix,35.0
2026-02-10,Tuesday,0,9,127,Fim de Semana,Chá Orgânico,12.0,Torta de Limão Siciliano,16.0,Delivery,Crédito,28.0
2026-02-10,Tuesday,0,15,204,Ocasional,Cold Brew Especial,17.0,Sanduíche Caprese,19.0,Delivery,Débito,36.0
2026-02-10,Tuesday,0,12,98,Fim de Semana,Latte Baunilha,16.0,Sanduíche Caprese,19.0,Balcão,Débito,35.0
2026-02-10,Tuesday,0,14,290,Trabalhador,Espresso Premium,9.5,Bolo Red Velvet,15.0,Delivery,Pix,24.5
2026-02-10,Tuesday,0,10,78,Trabalhador,Cappuccino Italiano,14.0,Sanduíche Caprese,19.0,Delivery,Pix,33.0
2026-02-10,Tuesday,0,13,276,Fim de Semana,Cold Brew Especial,17.0,Bolo Red Velvet,15.0,Delivery,Débito,32.0
2026-02-10,Tuesday,0,15,254,Trabalhador,Latte Baunilha,16.0,Bolo Red Velvet,15.0,Delivery,Pix,31.0
2026-02-10,Tuesday,0,10,293,Trabalhador,Cappuccino Italiano,14.0,Bolo Red Velvet,15.0,Delivery,Crédito,29.0
2026-02-10,Tuesday,0,10,129,Fim de Semana,Mocha Belga,18.0,Croissant Francês,13.0,Delivery,Pix,31.0
2026-02-10,Tuesday,0,7,89,Trabalhador,Chá Orgânico,12.0,Quiche de Alho Poró,18.0,Delivery,Crédito,30.0
2026-02-10,Tuesday,0,9,61,Fim de Semana,Latte Baunilha,16.0,Cookie Artesanal,9.0,Delivery,Pix,25.0
2026-02-10,Tuesday,0,16,31,Trabalhador,Espresso Premium,9.5,Bolo Red Velvet,15.0,Delivery,Débito,24.5
2026-02-10,Tuesday,0,14,48,Trabalhador,Mocha Belga,18.0,Torta de Limão Siciliano,16.0,Delivery,Débito,34.0
2026-02-10,Tuesday,0,9,59,Fim de Semana,Cappuccino Italiano,14.0,Sanduíche Caprese,19.0,Balcão,Crédito,33.0
2026-02-10,Tuesday,0,15,98,Trabalhador,Espresso Premium,9.5,Cookie Artesanal,9.0,Balcão,Pix,18.5
2026-02-10,Tuesday,0,10,270,Ocasional,Espresso Premium,9.5,Bolo Red Velvet,15.0,Balcão,Débito,24.5
2026-02-10,Tuesday,0,19,15,Fim de Semana,Espresso Premium,9.5,Bolo Red Velvet,15.0,Balcão,Crédito,24.5
2026-02-10,Tuesday,0,20,45,Fim de Semana,Espresso Premium,9.5,Bolo Red Velvet,15.0,Delivery,Débito,24.5
2026-02-10,Tuesday,0,9,78,Ocasional,Cappuccino Italiano,14.0,Quiche de Alho Poró,18.0,Delivery,Pix,32.0
2026-02-10,Tuesday,0,9,279,Fim de Semana,Espresso Premium,9.5,Torta de Limão Siciliano,16.0,Balcão,Pix,25.5
2026-02-10,Tuesday,0,20,196,Fim de Semana,Cold Brew Especial,17.0,Cookie Artesanal,9.0,Delivery,Crédito,26.0
2026-02-10,Tuesday,0,19,131,Fim de Semana,Cappuccino Italiano,14.0,Croissant Francês,13.0,Delivery,Débito,27.0
2026-02-10,Tuesday,0,12,18,Fim de Semana,Mocha Belga,18.0,Bolo Red Velvet,15.0,Delivery,Débito,33.0
2026-02-10,Tuesday,0,14,119,Fim de Semana,Espresso Premium,9.5,Cookie Artesanal,9.0,Balcão,Débito,18.5
2026-02-10,Tuesday,0,17,57,Ocasional,Espresso Premium,9.5,Croissant Francês,13.0,Balcão,Débito,22.5
2026-02-10,Tuesday,0,17,192,Ocasional,Mocha Belga,18.0,Sanduíche Caprese,19.0,Balcão,Débito,37.0
2026-02-10,Tuesday,0,17,115,Trabalhador,Cold Brew Especial,17.0,Torta de Limão Siciliano,16.0,Delivery,Crédito,33.0
2026-02-10,Tuesday,0,12,213,Fim de Semana,Cold Brew Especial,17.0,Quiche de Alho Poró,18.0,Delivery,Crédito,35.0
2026-02-10,Tuesday,0,15,204,Ocasional,Espresso Premium,9.5,Croissant Francês,13.0,Balcão,Pix,22.5
2026-02-10,Tuesday,0,10,138,Ocasional,Mocha Belga,18.0,Croissant Francês,13.0,Delivery,Crédito,31.0
2026-02-10,Tuesday,0,14,72,Fim de Semana,Mocha Belga,18.0,Sanduíche Caprese,19.0,Balcão,Débito,37.0
2026-02-10,Tuesday,0,14,277,Ocasional,Chá Orgânico,12.0,Sanduíche Caprese,19.0,Delivery,Pix,31.0
2026-02-10,Tuesday,0,17,259,Trabalhador,Espresso Premium,9.5,Bolo Red Velvet,15.0,Delivery,Pix,24.5
2026-02-10,Tuesday,0,18,272,Fim de Semana,Cold Brew Especial,17.0,Quiche de Alho Poró,18.0,Delivery,Débito,35.0
2026-02-10,Tuesday,0,14,33,Trabalhador,Mocha Belga,18.0,Quiche de Alho Poró,18.0,Delivery,Crédito,36.0
2026-02-10,Tuesday,0,11,166,Trabalhador,Cold Brew Especial,17.0,Bolo Red Velvet,15.0,Delivery,Crédito,32.0
2026-02-10,Tuesday,0,14,246,Ocasional,Cold Brew Especial,17.0,Croissant Francês,13.0,Balcão,Crédito,30.0
2026-02-10,Tuesday,0,14,178,Trabalhador,Mocha Belga,18.0,Quiche de Alho Poró,18.0,Balcão,Débito,36.0
2026-02-10,Tuesday,0,9,58,Trabalhador,Latte Baunilha,16.0,Torta de Limão Siciliano,16.0,Balcão,Crédito,32.0
2026-02-10,Tuesday,0,11,58,Fim de Semana,Espresso Premium,9.5,Sanduíche Caprese,19.0,Delivery,Pix,28.5
2026-02-10,Tuesday,0,9,243,Fim de Semana,Cold Brew Especial,17.0,Cookie Artesanal,9.0,Delivery,Débito,26.0
2026-02-10,Tuesday,0,20,250,Ocasional,Latte Baunilha,16.0,Croissant Francês,13.0,Balcão,Crédito,29.0
2026-02-10,Tuesday,0,19,256,Fim de Semana,Cold Brew Especial,17.0,Croissant Francês,13.0,Balcão,Pix,30.0
2026-02-10,Tuesday,0,18,41,Fim de Semana,Chá Orgânico,12.0,Cookie Artesanal,9.0,Delivery,Crédito,21.0
2026-02-10,Tuesday,0,11,146,Ocasional,Chá Orgânico,12.0,Sanduíche Caprese,19.0,Balcão,Crédito,31.0
2026-02-10,Tuesday,0,20,263,Trabalhador,Cold Brew Especial,17.0,Sanduíche Caprese,19.0,Balcão,Crédito,36.0
2026-02-10,Tuesday,0,9,173,Ocasional,Mocha Belga,18.0,Croissant Francês,13.0,Balcão,Crédito,31.0
2026-02-10,Tuesday,0,16,155,Trabalhador,Mocha Belga,18.0,Sanduíche Caprese,19.0,Balcão,Crédito,37.0
2026-02-10,Tuesday,0,19,107,Trabalhador,Latte Baunilha,16.0,Quiche de Alho Poró,18.0,Delivery,Pix,34.0
2026-02-11,Wednesday,0,18,246,Trabalhador,Chá Orgânico,12.0,Bolo Red Velvet,15.0,Delivery,Crédito,27.0
2026-02-11,Wednesday,0,18,175,Ocasional,Latte Baunilha,16.0,Sanduíche Caprese,19.0,Delivery,Crédito,35.0
2026-02-11,Wednesday,0,18,251,Fim de Semana,Chá Orgânico,12.0,Bolo Red Velvet,15.0,Balcão,Crédito,27.0
2026-02-11,Wednesday,0,12,215,Trabalhador,Cold Brew Especial,17.0,Quiche de Alho Poró,18.0,Balcão,Crédito,35.0
2026-02-11,Wednesday,0,17,83,Fim de Semana,Espresso Premium,9.5,Sanduíche Caprese,19.0,Delivery,Crédito,28.5
2026-02-11,Wednesday,0,14,25,Fim de Semana,Mocha Belga,18.0,Torta de Limão Siciliano,16.0,Delivery,Débito,34.0
2026-02-11,Wednesday,0,8,127,Fim de Semana,Cappuccino Italiano,14.0,Croissant Francês,13.0,Balcão,Débito,27.0
2026-02-11,Wednesday,0,7,114,Ocasional,Espresso Premium,9.5,Quiche de Alho Poró,18.0,Delivery,Crédito,27.5
2026-02-11,Wednesday,0,17,200,Trabalhador,Chá Orgânico,12.0,Sanduíche Caprese,19.0,Balcão,Crédito,31.0
2026-02-11,Wednesday,0,12,178,Ocasional,Cappuccino Italiano,14.0,Bolo Red Velvet,15.0,Balcão,Débito,29.0
2026-02-11,Wednesday,0,12,219,Ocasional,Cold Brew Especial,17.0,Croissant Francês,13.0,Delivery,Pix,30.0
2026-02-11,Wednesday,0,12,123,Trabalhador,Cappuccino Italiano,14.0,Sanduíche Caprese,19.0,Delivery,Pix,33.0
2026-02-11,Wednesday,0,20,178,Trabalhador,Mocha Belga,18.0,Quiche de Alho Poró,18.0,Balcão,Pix,36.0
2026-02-11,Wednesday,0,7,52,Fim de Semana,Latte Baunilha,16.0,Quiche de Alho Poró,18.0,Balcão,Pix,34.0
2026-02-11,Wednesday,0,10,106,Ocasional,Mocha Belga,18.0,Croissant Francês,13.0,Balcão,Pix,31.0
2026-02-11,Wednesday,0,12,5,Ocasional,Espresso Premium,9.5,Sanduíche Caprese,19.0,Balcão,Débito,28.5
2026-02-11,Wednesday,0,19,282,Ocasional,Latte Baunilha,16.0,Cookie Artesanal,9.0,Balcão,Pix,25.0
2026-02-11,Wednesday,0,17,108,Fim de Semana,Mocha Belga,18.0,Torta de Limão Siciliano,16.0,Balcão,Crédito,34.0
2026-02-11,Wednesday,0,19,272,Ocasional,Espresso Premium,9.5,Sanduíche Caprese,19.0,Balcão,Débito,28.5
2026-02-11,Wednesday,0,14,173,Trabalhador,Cappuccino Italiano,14.0,Cookie Artesanal,9.0,Delivery,Débito,23.0
2026-02-11,Wednesday,0,19,141,Fim de Semana,Latte Baunilha,16.0,Bolo Red Velvet,15.0,Balcão,Débito,31.0
2026-02-11,Wednesday,0,16,164,Trabalhador,Cold Brew Especial,17.0,Croissant Francês,13.0,Delivery,Pix,30.0
2026-02-11,Wednesday,0,7,228,Ocasional,Cold Brew Especial,17.0,Cookie Artesanal,9.0,Balcão,Crédito,26.0
2026-02-11,Wednesday,0,11,233,Trabalhador,Espresso Premium,9.5,Quiche de Alho Poró,18.0,Balcão,Débito,27.5
2026-02-11,Wednesday,0,14,196,Ocasional,Mocha Belga,18.0,Sanduíche Caprese,19.0,Delivery,Pix,37.0
2026-02-11,Wednesday,0,16,277,Ocasional,Cappuccino Italiano,14.0,Cookie Artesanal,9.0,Balcão,Crédito,23.0
2026-02-11,Wednesday,0,10,91,Trabalhador,Latte Baunilha,16.0,Croissant Francês,13.0,Balcão,Débito,29.0
2026-02-11,Wednesday,0,15,226,Trabalhador,Mocha Belga,18.0,Sanduíche Caprese,19.0,Delivery,Débito,37.0
2026-02-11,Wednesday,0,14,84,Ocasional,Espresso Premium,9.5,Quiche de Alho Poró,18.0,Delivery,Débito,27.5
2026-02-11,Wednesday,0,12,293,Fim de Semana,Cappuccino Italiano,14.0,Torta de Limão Siciliano,16.0,Balcão,Débito,30.0
2026-02-11,Wednesday,0,15,104,Trabalhador,Espresso Premium,9.5,Quiche de Alho Poró,18.0,Delivery,Crédito,27.5
2026-02-11,Wednesday,0,9,27,Ocasional,Chá Orgânico,12.0,Torta de Limão Siciliano,16.0,Delivery,Crédito,28.0
2026-02-11,Wednesday,0,17,3,Fim de Semana,Latte Baunilha,16.0,Croissant Francês,13.0,Delivery,Débito,29.0
2026-02-11,Wednesday,0,11,95,Ocasional,Chá Orgânico,12.0,Bolo Red Velvet,15.0,Delivery,Crédito,27.0
2026-02-11,Wednesday,0,13,138,Trabalhador,Mocha Belga,18.0,Croissant Francês,13.0,Balcão,Débito,31.0
2026-02-11,Wednesday,0,18,123,Trabalhador,Chá Orgânico,12.0,Croissant Francês,13.0,Balcão,Crédito,25.0
2026-02-11,Wednesday,0,17,31,Ocasional,Espresso Premium,9.5,Bolo Red Velvet,15.0,Delivery,Débito,24.5
2026-02-11,Wednesday,0,14,117,Ocasional,Espresso Premium,9.5,Torta de Limão Siciliano,16.0,Balcão,Crédito,25.5
2026-02-11,Wednesday,0,18,63,Fim de Semana,Espresso Premium,9.5,Bolo Red Velvet,15.0,Balcão,Crédito,24.5
2026-02-11,Wednesday,0,13,175,Ocasional,Latte Baunilha,16.0,Torta de Limão Siciliano,16.0,Delivery,Crédito,32.0
2026-02-11,Wednesday,0,9,265,Ocasional,Latte Baunilha,16.0,Sanduíche Caprese,19.0,Balcão,Débito,35.0
2026-02-11,Wednesday,0,12,66,Ocasional,Chá Orgânico,12.0,Bolo Red Velvet,15.0,Balcão,Pix,27.0
2026-02-11,Wednesday,0,18,227,Trabalhador,Cold Brew Especial,17.0,Bolo Red Velvet,15.0,Balcão,Pix,32.0
2026-02-11,Wednesday,0,18,274,Fim de Semana,Espresso Premium,9.5,Torta de Limão Siciliano,16.0,Balcão,Pix,25.5
2026-02-11,Wednesday,0,12,115,Ocasional,Espresso Premium,9.5,Torta de Limão Siciliano,16.0,Delivery,Débito,25.5
2026-02-11,Wednesday,0,9,287,Fim de Semana,Chá Orgânico,12.0,Torta de Limão Siciliano,16.0,Delivery,Pix,28.0
2026-02-11,Wednesday,0,15,210,Trabalhador,Chá Orgânico,12.0,Quiche de Alho Poró,18.0,Balcão,Crédito,30.0
2026-02-11,Wednesday,0,9,125,Ocasional,Cold Brew Especial,17.0,Bolo Red Velvet,15.0,Balcão,Pix,32.0
2026-02-11,Wednesday,0,17,166,Ocasional,Cappuccino Italiano,14.0,Bolo Red Velvet,15.0,Balcão,Débito,29.0
2026-02-11,Wednesday,0,19,43,Trabalhador,Cold Brew Especial,17.0,Cookie Artesanal,9.0,Balcão,Pix,26.0
2026-02-11,Wednesday,0,13,107,Ocasional,Mocha Belga,18.0,Cookie Artesanal,9.0,Delivery,Pix,27.0
2026-02-11,Wednesday,0,10,11,Fim de Semana,Chá Orgânico,12.0,Bolo Red Velvet,15.0,Delivery,Pix,27.0
2026-02-11,Wednesday,0,20,207,Ocasional,Chá Orgânico,12.0,Torta de Limão Siciliano,16.0,Delivery,Crédito,28.0
2026-02-11,Wednesday,0,8,184,Trabalhador,Mocha Belga,18.0,Quiche de Alho Poró,18.0,Balcão,Débito,36.0
2026-02-11,Wednesday,0,14,109,Trabalhador,Cold Brew Especial,17.0,Quiche de Alho Poró,18.0,Delivery,Pix,35.0
2026-02-11,Wednesday,0,8,242,Ocasional,Cappuccino Italiano,14.0,Cookie Artesanal,9.0,Balcão,Débito,23.0
2026-02-11,Wednesday,0,9,78,Fim de Semana,Latte Baunilha,16.0,Sanduíche Caprese,19.0,Delivery,Débito,35.0
2026-02-11,Wednesday,0,14,144,Trabalhador,Mocha Belga,18.0,Torta de Limão Siciliano,16.0,Delivery,Débito,34.0
2026-02-11,Wednesday,0,9,185,Ocasional,Latte Baunilha,16.0,Cookie Artesanal,9.0,Balcão,Pix,25.0
2026-02-11,Wednesday,0,17,111,Fim de Semana,Cold Brew Especial,17.0,Cookie Artesanal,9.0,Balcão,Crédito,26.0
2026-02-11,Wednesday,0,12,138,Fim de Semana,Latte Baunilha,16.0,Cookie Artesanal,9.0,Balcão,Crédito,25.0
2026-02-11,Wednesday,0,15,249,Fim de Semana,Espresso Premium,9.5,Bolo Red Velvet,15.0,Balcão,Pix,24.5
2026-02-11,Wednesday,0,14,206,Ocasional,Cappuccino Italiano,14.0,Croissant Francês,13.0,Balcão,Crédito,27.0
2026-02-11,Wednesday,0,13,43,Ocasional,Cold Brew Especial,17.0,Torta de Limão Siciliano,16.0,Delivery,Pix,33.0
2026-02-11,Wednesday,0,10,267,Trabalhador,Cold Brew Especial,17.0,Croissant Francês,13.0,Delivery,Pix,30.0
2026-02-11,Wednesday,0,17,289,Fim de Semana,Chá Orgânico,12.0,Sanduíche Caprese,19.0,Balcão,Crédito,31.0
2026-02-11,Wednesday,0,13,18,Ocasional,Chá Orgânico,12.0,Sanduíche Caprese,19.0,Balcão,Pix,31.0
2026-02-11,Wednesday,0,7,84,Trabalhador,Latte Baunilha,16.0,Sanduíche Caprese,19.0,Delivery,Crédito,35.0
2026-02-11,Wednesday,0,9,21,Fim de Semana,Mocha Belga,18.0,Sanduíche Caprese,19.0,Balcão,Crédito,37.0
2026-02-11,Wednesday,0,19,75,Ocasional,Mocha Belga,18.0,Sanduíche Caprese,19.0,Balcão,Débito,37.0
2026-02-11,Wednesday,0,13,207,Ocasional,Cold Brew Especial,17.0,Quiche de Alho Poró,18.0,Balcão,Pix,35.0
2026-02-11,Wednesday,0,15,126,Ocasional,Espresso Premium,9.5,Quiche de Alho Poró,18.0,Balcão,Débito,27.5
2026-02-11,Wednesday,0,16,133,Trabalhador,Mocha Belga,18.0,Cookie Artesanal,9.0,Delivery,Crédito,27.0
2026-02-11,Wednesday,0,8,249,Trabalhador,Cold Brew Especial,17.0,Quiche de Alho Poró,18.0,Delivery,Débito,35.0
2026-02-11,Wednesday,0,16,152,Fim de Semana,Cold Brew Especial,17.0,Bolo Red Velvet,15.0,Balcão,Crédito,32.0
2026-02-11,Wednesday,0,13,169,Trabalhador,Cold Brew Especial,17.0,Croissant Francês,13.0,Balcão,Pix,30.0
2026-02-11,Wednesday,0,16,210,Trabalhador,Mocha Belga,18.0,Quiche de Alho Poró,18.0,Delivery,Crédito,36.0
2026-02-11,Wednesday,0,7,116,Ocasional,Latte Baunilha,16.0,Quiche de Alho Poró,18.0,Balcão,Crédito,34.0
2026-02-12,Thursday,0,11,298,Fim de Semana,Chá Orgânico,12.0,Cookie Artesanal,9.0,Delivery,Débito,21.0
2026-02-12,Thursday,0,18,5,Ocasional,Chá Orgânico,12.0,Sanduíche Caprese,19.0,Balcão,Débito,31.0
2026-02-12,Thursday,0,19,143,Ocasional,Latte Baunilha,16.0,Cookie Artesanal,9.0,Balcão,Pix,25.0
2026-02-12,Thursday,0,11,90,Trabalhador,Espresso Premium,9.5,Cookie Artesanal,9.0,Balcão,Crédito,18.5
2026-02-12,Thursday,0,12,29,Ocasional,Cappuccino Italiano,14.0,Sanduíche Caprese,19.0,Delivery,Pix,33.0
2026-02-12,Thursday,0,20,93,Fim de Semana,Latte Baunilha,16.0,Cookie Artesanal,9.0,Balcão,Pix,25.0
2026-02-12,Thursday,0,16,156,Trabalhador,Latte Baunilha,16.0,Torta de Limão Siciliano,16.0,Balcão,Crédito,32.0
2026-02-12,Thursday,0,8,184,Ocasional,Chá Orgânico,12.0,Quiche de Alho Poró,18.0,Balcão,Crédito,30.0
2026-02-12,Thursday,0,8,272,Trabalhador,Mocha Belga,18.0,Croissant Francês,13.0,Balcão,Débito,31.0
2026-02-12,Thursday,0,18,215,Fim de Semana,Latte Baunilha,16.0,Bolo Red Velvet,15.0,Delivery,Crédito,31.0
2026-02-12,Thursday,0,7,222,Ocasional,Mocha Belga,18.0,Quiche de Alho Poró,18.0,Delivery,Débito,36.0
2026-02-12,Thursday,0,18,60,Trabalhador,Cappuccino Italiano,14.0,Cookie Artesanal,9.0,Delivery,Crédito,23.0
2026-02-12,Thursday,0,8,20,Ocasional,Mocha Belga,18.0,Torta de Limão Siciliano,16.0,Delivery,Débito,34.0
2026-02-12,Thursday,0,20,14,Trabalhador,Chá Orgânico,12.0,Bolo Red Velvet,15.0,Delivery,Pix,27.0
2026-02-12,Thursday,0,20,108,Ocasional,Cappuccino Italiano,14.0,Cookie Artesanal,9.0,Balcão,Crédito,23.0
2026-02-12,Thursday,0,7,252,Fim de Semana,Cappuccino Italiano,14.0,Cookie Artesanal,9.0,Balcão,Pix,23.0
2026-02-12,Thursday,0,19,132,Trabalhador,Cappuccino Italiano,14.0,Croissant Francês,13.0,Balcão,Débito,27.0
2026-02-12,Thursday,0,9,31,Ocasional,Cold Brew Especial,17.0,Sanduíche Caprese,19.0,Balcão,Pix,36.0
2026-02-12,Thursday,0,16,35,Ocasional,Cold Brew Especial,17.0,Sanduíche Caprese,19.0,Delivery,Pix,36.0
2026-02-12,Thursday,0,15,247,Fim de Semana,Espresso Premium,9.5,Cookie Artesanal,9.0,Delivery,Débito,18.5
2026-02-12,Thursday,0,11,200,Ocasional,Espresso Premium,9.5,Cookie Artesanal,9.0,Balcão,Crédito,18.5
2026-02-12,Thursday,0,9,124,Trabalhador,Cold Brew Especial,17.0,Sanduíche Caprese,19.0,Delivery,Crédito,36.0
2026-02-12,Thursday,0,17,80,Ocasional,Cold Brew Especial,17.0,Torta de Limão Siciliano,16.0,Balcão,Pix,33.0
2026-02-12,Thursday,0,9,284,Fim de Semana,Latte Baunilha,16.0,Sanduíche Caprese,19.0,Delivery,Débito,35.0
2026-02-12,Thursday,0,18,269,Fim de Semana,Cappuccino Italiano,14.0,Croissant Francês,13.0,Balcão,Débito,27.0
2026-02-12,Thursday,0,13,36,Ocasional,Cappuccino Italiano,14.0,Bolo Red Velvet,15.0,Balcão,Crédito,29.0
2026-02-12,Thursday,0,17,59,Fim de Semana,Mocha Belga,18.0,Croissant Francês,13.0,Delivery,Crédito,31.0
2026-02-12,Thursday,0,9,80,Trabalhador,Chá Orgânico,12.0,Sanduíche Caprese,19.0,Delivery,Débito,31.0
2026-02-12,Thursday,0,8,90,Fim de Semana,Mocha Belga,18.0,Sanduíche Caprese,19.0,Delivery,Pix,37.0
2026-02-12,Thursday,0,18,15,Ocasional,Cold Brew Especial,17.0,Quiche de Alho Poró,18.0,Balcão,Pix,35.0
2026-02-12,Thursday,0,18,21,Trabalhador,Latte Baunilha,16.0,Croissant Francês,13.0,Delivery,Crédito,29.0
2026-02-12,Thursday,0,8,102,Trabalhador,Espresso Premium,9.5,Torta de Limão Siciliano,16.0,Delivery,Crédito,25.5
2026-02-12,Thursday,0,12,154,Fim de Semana,Mocha Belga,18.0,Sanduíche Caprese,19.0,Delivery,Pix,37.0
2026-02-12,Thursday,0,13,91,Trabalhador,Cappuccino Italiano,14.0,Cookie Artesanal,9.0,Balcão,Débito,23.0
2026-02-12,Thursday,0,15,263,Ocasional,Chá Orgânico,12.0,Torta de Limão Siciliano,16.0,Balcão,Débito,28.0
2026-02-12,Thursday,0,14,35,Fim de Semana,Mocha Belga,18.0,Bolo Red Velvet,15.0,Balcão,Pix,33.0
2026-02-12,Thursday,0,14,125,Fim de Semana,Cappuccino Italiano,14.0,Torta de Limão Siciliano,16.0,Delivery,Crédito,30.0
2026-02-12,Thursday,0,20,60,Fim de Semana,Chá Orgânico,12.0,Quiche de Alho Poró,18.0,Balcão,Crédito,30.0
2026-02-12,Thursday,0,19,59,Ocasional,Espresso Premium,9.5,Cookie Artesanal,9.0,Balcão,Débito,18.5
2026-02-12,Thursday,0,17,184,Fim de Semana,Cold Brew Especial,17.0,Quiche de Alho Poró,18.0,Balcão,Débito,35.0
2026-02-12,Thursday,0,17,191,Trabalhador,Chá Orgânico,12.0,Bolo Red Velvet,15.0,Delivery,Crédito,27.0
2026-02-12,Thursday,0,10,166,Fim de Semana,Espresso Premium,9.5,Torta de Limão Siciliano,16.0,Balcão,Pix,25.5
2026-02-12,Thursday,0,13,65,Fim de Semana,Cold Brew Especial,17.0,Cookie Artesanal,9.0,Delivery,Pix,26.0
2026-02-12,Thursday,0,16,248,Fim de Semana,Espresso Premium,9.5,Quiche de Alho Poró,18.0,Balcão,Débito,27.5
2026-02-12,Thursday,0,17,7,Fim de Semana,Mocha Belga,18.0,Cookie Artesanal,9.0,Balcão,Crédito,27.0
2026-02-12,Thursday,0,15,220,Trabalhador,Cold Brew Especial,17.0,Cookie Artesanal,9.0,Balcão,Débito,26.0
2026-02-12,Thursday,0,8,248,Fim de Semana,Chá Orgânico,12.0,Croissant Francês,13.0,Balcão,Crédito,25.0
2026-02-12,Thursday,0,12,161,Trabalhador,Chá Orgânico,12.0,Cookie Artesanal,9.0,Delivery,Débito,21.0
2026-02-12,Thursday,0,17,230,Trabalhador,Espresso Premium,9.5,Sanduíche Caprese,19.0,Delivery,Débito,28.5
2026-02-12,Thursday,0,19,34,Fim de Semana,Latte Baunilha,16.0,Cookie Artesanal,9.0,Balcão,Pix,25.0
2026-02-12,Thursday,0,9,217,Ocasional,Chá Orgânico,12.0,Bolo Red Velvet,15.0,Delivery,Crédito,27.0
2026-02-12,Thursday,0,10,137,Trabalhador,Mocha Belga,18.0,Sanduíche Caprese,19.0,Balcão,Débito,37.0
2026-02-12,Thursday,0,19,18,Fim de Semana,Cappuccino Italiano,14.0,Quiche de Alho Poró,18.0,Delivery,Pix,32.0
2026-02-12,Thursday,0,17,29,Ocasional,Latte Baunilha,16.0,Quiche de Alho Poró,18.0,Balcão,Pix,34.0
2026-02-12,Thursday,0,13,54,Fim de Semana,Mocha Belga,18.0,Cookie Artesanal,9.0,Balcão,Crédito,27.0
2026-02-12,Thursday,0,14,61,Fim de Semana,Cold Brew Especial,17.0,Torta de Limão Siciliano,16.0,Balcão,Pix,33.0
2026-02-12,Thursday,0,17,20,Trabalhador,Espresso Premium,9.5,Sanduíche Caprese,19.0,Balcão,Débito,28.5
2026-02-12,Thursday,0,11,152,Trabalhador,Mocha Belga,18.0,Cookie Artesanal,9.0,Delivery,Débito,27.0
2026-02-12,Thursday,0,17,14,Trabalhador,Chá Orgânico,12.0,Torta de Limão Siciliano,16.0,Balcão,Débito,28.0
2026-02-12,Thursday,0,10,54,Fim de Semana,Latte Baunilha,16.0,Bolo Red Velvet,15.0,Delivery,Débito,31.0
2026-02-12,Thursday,0,13,247,Trabalhador,Mocha Belga,18.0,Quiche de Alho Poró,18.0,Delivery,Débito,36.0
2026-02-12,Thursday,0,18,55,Ocasional,Cappuccino Italiano,14.0,Quiche de Alho Poró,18.0,Delivery,Pix,32.0
2026-02-12,Thursday,0,17,139,Trabalhador,Cappuccino Italiano,14.0,Bolo Red Velvet,15.0,Delivery,Débito,29.0
2026-02-12,Thursday,0,12,15,Ocasional,Mocha Belga,18.0,Quiche de Alho Poró,18.0,Balcão,Débito,36.0
2026-02-12,Thursday,0,17,242,Fim de Semana,Mocha Belga,18.0,Torta de Limão Siciliano,16.0,Delivery,Débito,34.0
2026-02-12,Thursday,0,19,297,Ocasional,Chá Orgânico,12.0,Torta de Limão Siciliano,16.0,Balcão,Pix,28.0
2026-02-12,Thursday,0,13,297,Fim de Semana,Chá Orgânico,12.0,Croissant Francês,13.0,Balcão,Crédito,25.0
2026-02-12,Thursday,0,9,191,Ocasional,Chá Orgânico,12.0,Sanduíche Caprese,19.0,Delivery,Crédito,31.0
2026-02-12,Thursday,0,10,139,Ocasional,Chá Orgânico,12.0,Quiche de Alho Poró,18.0,Delivery,Crédito,30.0
2026-02-12,Thursday,0,18,228,Fim de Semana,Chá Orgânico,12.0,Quiche de Alho Poró,18.0,Delivery,Pix,30.0
2026-02-12,Thursday,0,20,191,Fim de Semana,Cappuccino Italiano,14.0,Cookie Artesanal,9.0,Balcão,Débito,23.0
2026-02-12,Thursday,0,7,81,Trabalhador,Espresso Premium,9.5,Cookie Artesanal,9.0,Delivery,Débito,18.5
2026-02-12,Thursday,0,13,220,Ocasional,Cappuccino Italiano,14.0,Bolo Red Velvet,15.0,Balcão,Débito,29.0
2026-02-12,Thursday,0,9,104,Trabalhador,Chá Orgânico,12.0,Bolo Red Velvet,15.0,Delivery,Pix,27.0
2026-02-12,Thursday,0,13,55,Ocasional,Cold Brew Especial,17.0,Quiche de Alho Poró,18.0,Balcão,Pix,35.0
2026-02-12,Thursday,0,16,269,Trabalhador,Espresso Premium,9.5,Sanduíche Caprese,19.0,Delivery,Crédito,28.5
2026-02-12,Thursday,0,20,101,Ocasional,Cappuccino Italiano,14.0,Torta de Limão Siciliano,16.0,Delivery,Débito,30.0
2026-02-12,Thursday,0,10,297,Ocasional,Latte Baunilha,16.0,Torta de Limão Siciliano,16.0,Balcão,Débito,32.0
2026-02-12,Thursday,0,8,123,Fim de Semana,Espresso Premium,9.5,Quiche de Alho Poró,18.0,Balcão,Pix,27.5
2026-02-12,Thursday,0,15,108,Fim de Semana,Cappuccino Italiano,14.0,Croissant Francês,13.0,Balcão,Pix,27.0
2026-02-12,Thursday,0,13,253,Trabalhador,Chá Orgânico,12.0,Torta de Limão Siciliano,16.0,Balcão,Crédito,28.0
2026-02-12,Thursday,0,15,278,Fim de Semana,Chá Orgânico,12.0,Quiche de Alho Poró,18.0,Balcão,Débito,30.0
2026-02-12,Thursday,0,19,29,Trabalhador,Espresso Premium,9.5,Cookie Artesanal,9.0,Balcão,Crédito,18.5
2026-02-12,Thursday,0,8,36,Ocasional,Cold Brew Especial,17.0,Torta de Limão Siciliano,16.0,Delivery,Pix,33.0
2026-02-12,Thursday,0,19,263,Ocasional,Cold Brew Especial,17.0,Sanduíche Caprese,19.0,Delivery,Pix,36.0
2026-02-12,Thursday,0,20,6,Ocasional,Espresso Premium,9.5,Cookie Artesanal,9.0,Delivery,Crédito,18.5
2026-02-12,Thursday,0,12,281,Trabalhador,Cappuccino Italiano,14.0,Quiche de Alho Poró,18.0,Delivery,Pix,32.0
2026-02-12,Thursday,0,18,155,Fim de Semana,Mocha Belga,18.0,Croissant Francês,13.0,Balcão,Pix,31.0
2026-02-12,Thursday,0,16,41,Ocasional,Espresso Premium,9.5,Quiche de Alho Poró,18.0,Delivery,Débito,27.5
2026-02-13,Friday,0,9,267,Trabalhador,Chá Orgânico,12.0,Croissant Francês,13.0,Delivery,Crédito,25.0
2026-02-13,Friday,0,18,111,Fim de Semana,Chá Orgânico,12.0,Quiche de Alho Poró,18.0,Balcão,Débito,30.0
2026-02-13,Friday,0,18,252,Fim de Semana,Espresso Premium,9.5,Torta de Limão Siciliano,16.0,Delivery,Pix,25.5
2026-02-13,Friday,0,18,104,Trabalhador,Latte Baunilha,16.0,Sanduíche Caprese,19.0,Balcão,Pix,35.0
2026-02-13,Friday,0,12,121,Trabalhador,Espresso Premium,9.5,Cookie Artesanal,9.0,Delivery,Pix,18.5
2026-02-13,Friday,0,7,169,Fim de Semana,Mocha Belga,18.0,Cookie Artesanal,9.0,Delivery,Pix,27.0
2026-02-13,Friday,0,18,266,Ocasional,Mocha Belga,18.0,Cookie Artesanal,9.0,Balcão,Pix,27.0
2026-02-13,Friday,0,20,271,Fim de Semana,Chá Orgânico,12.0,Croissant Francês,13.0,Delivery,Pix,25.0
2026-02-13,Friday,0,13,210,Fim de Semana,Chá Orgânico,12.0,Croissant Francês,13.0,Delivery,Débito,25.0
2026-02-13,Friday,0,18,89,Trabalhador,Cappuccino Italiano,14.0,Sanduíche Caprese,19.0,Delivery,Pix,33.0
2026-02-13,Friday,0,14,98,Trabalhador,Mocha Belga,18.0,Croissant Francês,13.0,Balcão,Crédito,31.0
2026-02-13,Friday,0,15,242,Fim de Semana,Espresso Premium,9.5,Cookie Artesanal,9.0,Delivery,Crédito,18.5
2026-02-13,Friday,0,17,282,Ocasional,Cappuccino Italiano,14.0,Sanduíche Caprese,19.0,Delivery,Débito,33.0
2026-02-13,Friday,0,17,255,Ocasional,Cold Brew Especial,17.0,Cookie Artesanal,9.0,Balcão,Crédito,26.0
2026-02-13,Friday,0,15,250,Trabalhador,Cold Brew Especial,17.0,Sanduíche Caprese,19.0,Delivery,Crédito,36.0
2026-02-13,Friday,0,10,98,Ocasional,Chá Orgânico,12.0,Sanduíche Caprese,19.0,Delivery,Pix,31.0
2026-02-13,Friday,0,7,71,Ocasional,Latte Baunilha,16.0,Bolo Red Velvet,15.0,Balcão,Crédito,31.0
2026-02-13,Friday,0,19,121,Trabalhador,Latte Baunilha,16.0,Quiche de Alho Poró,18.0,Delivery,Crédito,34.0
2026-02-13,Friday,0,10,180,Fim de Semana,Latte Baunilha,16.0,Croissant Francês,13.0,Delivery,Pix,29.0
2026-02-13,Friday,0,16,5,Trabalhador,Mocha Belga,18.0,Cookie Artesanal,9.0,Balcão,Débito,27.0
2026-02-13,Friday,0,7,184,Trabalhador,Espresso Premium,9.5,Croissant Francês,13.0,Balcão,Pix,22.5
2026-02-13,Friday,0,16,231,Trabalhador,Chá Orgânico,12.0,Bolo Red Velvet,15.0,Delivery,Pix,27.0
2026-02-13,Friday,0,7,269,Trabalhador,Latte Baunilha,16.0,Bolo Red Velvet,15.0,Delivery,Pix,31.0
2026-02-13,Friday,0,16,149,Fim de Semana,Espresso Premium,9.5,Cookie Artesanal,9.0,Delivery,Débito,18.5
2026-02-13,Friday,0,12,280,Ocasional,Latte Baunilha,16.0,Cookie Artesanal,9.0,Balcão,Crédito,25.0
2026-02-13,Friday,0,11,215,Ocasional,Chá Orgânico,12.0,Croissant Francês,13.0,Delivery,Débito,25.0
2026-02-13,Friday,0,20,47,Fim de Semana,Chá Orgânico,12.0,Sanduíche Caprese,19.0,Balcão,Pix,31.0
2026-02-13,Friday,0,15,27,Ocasional,Mocha Belga,18.0,Cookie Artesanal,9.0,Delivery,Pix,27.0
2026-02-13,Friday,0,10,14,Trabalhador,Cappuccino Italiano,14.0,Cookie Artesanal,9.0,Balcão,Crédito,23.0
2026-02-13,Friday,0,10,37,Trabalhador,Latte Baunilha,16.0,Cookie Artesanal,9.0,Delivery,Crédito,25.0
2026-02-13,Friday,0,12,95,Ocasional,Cold Brew Especial,17.0,Quiche de Alho Poró,18.0,Balcão,Débito,35.0
2026-02-13,Friday,0,10,152,Ocasional,Latte Baunilha,16.0,Sanduíche Caprese,19.0,Balcão,Débito,35.0
2026-02-13,Friday,0,14,260,Trabalhador,Chá Orgânico,12.0,Quiche de Alho Poró,18.0,Balcão,Débito,30.0
2026-02-13,Friday,0,19,222,Fim de Semana,Latte Baunilha,16.0,Bolo Red Velvet,15.0,Balcão,Débito,31.0
2026-02-13,Friday,0,18,188,Fim de Semana,Espresso Premium,9.5,Croissant Francês,13.0,Balcão,Débito,22.5
2026-02-13,Friday,0,15,296,Fim de Semana,Cold Brew Especial,17.0,Quiche de Alho Poró,18.0,Balcão,Débito,35.0
2026-02-13,Friday,0,20,104,Ocasional,Latte Baunilha,16.0,Torta de Limão Siciliano,16.0,Balcão,Crédito,32.0
2026-02-13,Friday,0,13,208,Ocasional,Espresso Premium,9.5,Croissant Francês,13.0,Delivery,Débito,22.5
2026-02-13,Friday,0,7,33,Fim de Semana,Latte Baunilha,16.0,Cookie Artesanal,9.0,Delivery,Pix,25.0
2026-02-13,Friday,0,13,98,Fim de Semana,Cappuccino Italiano,14.0,Bolo Red Velvet,15.0,Balcão,Pix,29.0
2026-02-13,Friday,0,7,18,Ocasional,Espresso Premium,9.5,Cookie Artesanal,9.0,Balcão,Crédito,18.5
2026-02-13,Friday,0,13,174,Trabalhador,Cold Brew Especial,17.0,Croissant Francês,13.0,Balcão,Débito,30.0
2026-02-13,Friday,0,13,281,Trabalhador,Espresso Premium,9.5,Croissant Francês,13.0,Delivery,Pix,22.5
2026-02-13,Friday,0,17,155,Trabalhador,Mocha Belga,18.0,Sanduíche Caprese,19.0,Balcão,Crédito,37.0
2026-02-13,Friday,0,11,230,Fim de Semana,Cappuccino Italiano,14.0,Quiche de Alho Poró,18.0,Balcão,Pix,32.0
2026-02-13,Friday,0,9,72,Ocasional,Cold Brew Especial,17.0,Bolo Red Velvet,15.0,Balcão,Pix,32.0
2026-02-13,Friday,0,15,218,Ocasional,Cold Brew Especial,17.0,Sanduíche Caprese,19.0,Delivery,Crédito,36.0
2026-02-13,Friday,0,19,70,Trabalhador,Cappuccino Italiano,14.0,Croissant Francês,13.0,Delivery,Pix,27.0
2026-02-13,Friday,0,8,242,Fim de Semana,Chá Orgânico,12.0,Croissant Francês,13.0,Delivery,Crédito,25.0
2026-02-13,Friday,0,17,214,Fim de Semana,Mocha Belga,18.0,Torta de Limão Siciliano,16.0,Delivery,Crédito,34.0
2026-02-13,Friday,0,8,12,Ocasional,Latte Baunilha,16.0,Croissant Francês,13.0,Balcão,Crédito,29.0
2026-02-13,Friday,0,7,88,Trabalhador,Cold Brew Especial,17.0,Bolo Red Velvet,15.0,Delivery,Pix,32.0
2026-02-13,Friday,0,18,19,Fim de Semana,Chá Orgânico,12.0,Quiche de Alho Poró,18.0,Balcão,Crédito,30.0
2026-02-13,Friday,0,13,189,Ocasional,Mocha Belga,18.0,Cookie Artesanal,9.0,Balcão,Pix,27.0
2026-02-13,Friday,0,13,86,Fim de Semana,Cold Brew Especial,17.0,Cookie Artesanal,9.0,Balcão,Débito,26.0
2026-02-13,Friday,0,11,61,Ocasional,Cold Brew Especial,17.0,Torta de Limão Siciliano,16.0,Balcão,Pix,33.0
2026-02-13,Friday,0,10,80,Trabalhador,Cold Brew Especial,17.0,Cookie Artesanal,9.0,Delivery,Débito,26.0
2026-02-13,Friday,0,17,170,Ocasional,Latte Baunilha,16.0,Quiche de Alho Poró,18.0,Delivery,Pix,34.0
2026-02-13,Friday,0,18,156,Fim de Semana,Mocha Belga,18.0,Torta de Limão Siciliano,16.0,Delivery,Débito,34.0
2026-02-13,Friday,0,15,104,Ocasional,Latte Baunilha,16.0,Cookie Artesanal,9.0,Balcão,Débito,25.0
2026-02-13,Friday,0,14,128,Fim de Semana,Cappuccino Italiano,14.0,Torta de Limão Siciliano,16.0,Balcão,Débito,30.0
2026-02-13,Friday,0,17,146,Trabalhador,Chá Orgânico,12.0,Sanduíche Caprese,19.0,Delivery,Crédito,31.0
2026-02-13,Friday,0,9,72,Fim de Semana,Cold Brew Especial,17.0,Bolo Red Velvet,15.0,Balcão,Crédito,32.0
2026-02-13,Friday,0,15,158,Fim de Semana,Cold Brew Especial,17.0,Cookie Artesanal,9.0,Delivery,Débito,26.0
2026-02-13,Friday,0,10,204,Fim de Semana,Latte Baunilha,16.0,Bolo Red Velvet,15.0,Balcão,Pix,31.0
2026-02-13,Friday,0,19,249,Fim de Semana,Mocha Belga,18.0,Bolo Red Velvet,15.0,Delivery,Pix,33.0
2026-02-13,Friday,0,12,119,Fim de Semana,Espresso Premium,9.5,Croissant Francês,13.0,Delivery,Pix,22.5
2026-02-13,Friday,0,7,64,Ocasional,Latte Baunilha,16.0,Quiche de Alho Poró,18.0,Delivery,Pix,34.0
2026-02-13,Friday,0,7,164,Trabalhador,Espresso Premium,9.5,Bolo Red Velvet,15.0,Balcão,Débito,24.5
2026-02-13,Friday,0,13,205,Fim de Semana,Mocha Belga,18.0,Cookie Artesanal,9.0,Delivery,Crédito,27.0
2026-02-13,Friday,0,7,74,Fim de Semana,Mocha Belga,18.0,Sanduíche Caprese,19.0,Delivery,Débito,37.0
2026-02-13,Friday,0,7,273,Trabalhador,Cappuccino Italiano,14.0,Bolo Red Velvet,15.0,Balcão,Pix,29.0
2026-02-13,Friday,0,12,243,Fim de Semana,Mocha Belga,18.0,Croissant Francês,13.0,Delivery,Débito,31.0
2026-02-13,Friday,0,13,174,Ocasional,Latte Baunilha,16.0,Cookie Artesanal,9.0,Balcão,Pix,25.0
2026-02-13,Friday,0,14,9,Ocasional,Chá Orgânico,12.0,Cookie Artesanal,9.0,Delivery,Crédito,21.0
2026-02-13,Friday,0,17,45,Fim de Semana,Latte Baunilha,16.0,Torta de Limão Siciliano,16.0,Balcão,Débito,32.0
2026-02-13,Friday,0,8,157,Ocasional,Cappuccino Italiano,14.0,Sanduíche Caprese,19.0,Delivery,Pix,33.0
2026-02-13,Friday,0,16,184,Fim de Semana,Latte Baunilha,16.0,Cookie Artesanal,9.0,Balcão,Débito,25.0
2026-02-13,Friday,0,8,78,Fim de Semana,Latte Baunilha,16.0,Torta de Limão Siciliano,16.0,Balcão,Débito,32.0
2026-02-13,Friday,0,11,294,Fim de Semana,Cold Brew Especial,17.0,Sanduíche Caprese,19.0,Delivery,Pix,36.0
2026-02-13,Friday,0,10,70,Ocasional,Chá Orgânico,12.0,Sanduíche Caprese,19.0,Balcão,Débito,31.0
2026-02-13,Friday,0,12,242,Fim de Semana,Espresso Premium,9.5,Quiche de Alho Poró,18.0,Delivery,Débito,27.5
2026-02-13,Friday,0,14,121,Ocasional,Latte Baunilha,16.0,Torta de Limão Siciliano,16.0,Delivery,Crédito,32.0
2026-02-13,Friday,0,16,15,Trabalhador,Chá Orgânico,12.0,Quiche de Alho Poró,18.0,Balcão,Pix,30.0
2026-02-13,Friday,0,17,174,Fim de Semana,Mocha Belga,18.0,Croissant Francês,13.0,Delivery,Pix,31.0
2026-02-13,Friday,0,13,203,Trabalhador,Latte Baunilha,16.0,Torta de Limão Siciliano,16.0,Delivery,Débito,32.0
2026-02-13,Friday,0,10,278,Fim de Semana,Espresso Premium,9.5,Quiche de Alho Poró,18.0,Delivery,Crédito,27.5
2026-02-14,Saturday,1,19,109,Fim de Semana,Espresso Premium,9.5,Bolo Red Velvet,15.0,Delivery,Crédito,24.5
2026-02-14,Saturday,1,8,273,Trabalhador,Cold Brew Especial,17.0,Cookie Artesanal,9.0,Balcão,Débito,26.0
2026-02-14,Saturday,1,7,293,Fim de Semana,Cappuccino Italiano,14.0,Quiche de Alho Poró,18.0,Delivery,Crédito,32.0
2026-02-14,Saturday,1,19,1,Trabalhador,Latte Baunilha,16.0,Bolo Red Velvet,15.0,Balcão,Débito,31.0
2026-02-14,Saturday,1,18,144,Ocasional,Cappuccino Italiano,14.0,Cookie Artesanal,9.0,Balcão,Pix,23.0
2026-02-14,Saturday,1,9,104,Ocasional,Latte Baunilha,16.0,Sanduíche Caprese,19.0,Balcão,Débito,35.0
2026-02-14,Saturday,1,19,152,Trabalhador,Espresso Premium,9.5,Croissant Francês,13.0,Balcão,Crédito,22.5
2026-02-14,Saturday,1,10,281,Fim de Semana,Espresso Premium,9.5,Torta de Limão Siciliano,16.0,Delivery,Pix,25.5
2026-02-14,Saturday,1,13,227,Ocasional,Chá Orgânico,12.0,Sanduíche Caprese,19.0,Balcão,Pix,31.0
2026-02-14,Saturday,1,9,67,Fim de Semana,Latte Baunilha,16.0,Quiche de Alho Poró,18.0,Delivery,Crédito,34.0
2026-02-14,Saturday,1,15,93,Trabalhador,Espresso Premium,9.5,Quiche de Alho Poró,18.0,Balcão,Crédito,27.5
2026-02-14,Saturday,1,19,24,Fim de Semana,Latte Baunilha,16.0,Croissant Francês,13.0,Balcão,Pix,29.0
2026-02-14,Saturday,1,14,15,Ocasional,Mocha Belga,18.0,Quiche de Alho Poró,18.0,Balcão,Débito,36.0
2026-02-14,Saturday,1,20,206,Fim de Semana,Cold Brew Especial,17.0,Croissant Francês,13.0,Balcão,Pix,30.0
2026-02-14,Saturday,1,18,192,Fim de Semana,Latte Baunilha,16.0,Quiche de Alho Poró,18.0,Balcão,Crédito,34.0
2026-02-14,Saturday,1,20,162,Fim de Semana,Mocha Belga,18.0,Bolo Red Velvet,15.0,Delivery,Crédito,33.0
2026-02-14,Saturday,1,18,91,Fim de Semana,Espresso Premium,9.5,Torta de Limão Siciliano,16.0,Balcão,Crédito,25.5
2026-02-14,Saturday,1,11,57,Fim de Semana,Cold Brew Especial,17.0,Sanduíche Caprese,19.0,Balcão,Crédito,36.0
2026-02-14,Saturday,1,8,146,Trabalhador,Mocha Belga,18.0,Cookie Artesanal,9.0,Delivery,Débito,27.0
2026-02-14,Saturday,1,13,251,Trabalhador,Mocha Belga,18.0,Cookie Artesanal,9.0,Balcão,Débito,27.0
2026-02-14,Saturday,1,9,199,Ocasional,Mocha Belga,18.0,Bolo Red Velvet,15.0,Balcão,Pix,33.0
2026-02-14,Saturday,1,16,211,Fim de Semana,Cappuccino Italiano,14.0,Sanduíche Caprese,19.0,Balcão,Crédito,33.0
2026-02-14,Saturday,1,12,257,Trabalhador,Cold Brew Especial,17.0,Cookie Artesanal,9.0,Balcão,Crédito,26.0
2026-02-14,Saturday,1,19,86,Fim de Semana,Mocha Belga,18.0,Croissant Francês,13.0,Balcão,Pix,31.0
2026-02-14,Saturday,1,18,207,Fim de Semana,Mocha Belga,18.0,Quiche de Alho Poró,18.0,Delivery,Débito,36.0
2026-02-14,Saturday,1,9,10,Ocasional,Chá Orgânico,12.0,Torta de Limão Siciliano,16.0,Balcão,Crédito,28.0
2026-02-14,Saturday,1,13,57,Ocasional,Cold Brew Especial,17.0,Sanduíche Caprese,19.0,Delivery,Crédito,36.0
2026-02-14,Saturday,1,15,6,Fim de Semana,Cappuccino Italiano,14.0,Bolo Red Velvet,15.0,Balcão,Pix,29.0
2026-02-14,Saturday,1,11,88,Trabalhador,Cappuccino Italiano,14.0,Bolo Red Velvet,15.0,Delivery,Crédito,29.0
2026-02-14,Saturday,1,11,174,Trabalhador,Espresso Premium,9.5,Quiche de Alho Poró,18.0,Balcão,Crédito,27.5
2026-02-14,Saturday,1,14,26,Ocasional,Latte Baunilha,16.0,Croissant Francês,13.0,Delivery,Débito,29.0
2026-02-14,Saturday,1,11,145,Ocasional,Espresso Premium,9.5,Croissant Francês,13.0,Balcão,Pix,22.5
2026-02-14,Saturday,1,11,251,Trabalhador,Mocha Belga,18.0,Sanduíche Caprese,19.0,Delivery,Débito,37.0
2026-02-14,Saturday,1,10,33,Ocasional,Cold Brew Especial,17.0,Cookie Artesanal,9.0,Delivery,Pix,26.0
2026-02-14,Saturday,1,20,216,Ocasional,Espresso Premium,9.5,Bolo Red Velvet,15.0,Delivery,Pix,24.5
2026-02-14,Saturday,1,18,114,Fim de Semana,Chá Orgânico,12.0,Quiche de Alho Poró,18.0,Delivery,Crédito,30.0
2026-02-14,Saturday,1,7,2,Fim de Semana,Cappuccino Italiano,14.0,Sanduíche Caprese,19.0,Delivery,Crédito,33.0
2026-02-14,Saturday,1,19,293,Ocasional,Cold Brew Especial,17.0,Sanduíche Caprese,19.0,Balcão,Pix,36.0
2026-02-14,Saturday,1,7,147,Ocasional,Latte Baunilha,16.0,Cookie Artesanal,9.0,Balcão,Crédito,25.0
2026-02-14,Saturday,1,14,170,Fim de Semana,Latte Baunilha,16.0,Croissant Francês,13.0,Balcão,Pix,29.0
2026-02-14,Saturday,1,19,23,Fim de Semana,Cold Brew Especial,17.0,Bolo Red Velvet,15.0,Delivery,Crédito,32.0
2026-02-14,Saturday,1,7,189,Ocasional,Cappuccino Italiano,14.0,Bolo Red Velvet,15.0,Balcão,Crédito,29.0
2026-02-14,Saturday,1,8,165,Trabalhador,Latte Baunilha,16.0,Torta de Limão Siciliano,16.0,Balcão,Débito,32.0
2026-02-14,Saturday,1,12,220,Trabalhador,Espresso Premium,9.5,Sanduíche Caprese,19.0,Balcão,Crédito,28.5
2026-02-14,Saturday,1,13,139,Ocasional,Cappuccino Italiano,14.0,Quiche de Alho Poró,18.0,Delivery,Crédito,32.0
2026-02-14,Saturday,1,11,159,Ocasional,Cappuccino Italiano,14.0,Torta de Limão Siciliano,16.0,Balcão,Pix,30.0
2026-02-14,Saturday,1,8,161,Trabalhador,Espresso Premium,9.5,Croissant Francês,13.0,Delivery,Débito,22.5
2026-02-14,Saturday,1,14,147,Ocasional,Cold Brew Especial,17.0,Quiche de Alho Poró,18.0,Balcão,Débito,35.0
2026-02-14,Saturday,1,12,151,Ocasional,Mocha Belga,18.0,Quiche de Alho Poró,18.0,Delivery,Pix,36.0
2026-02-14,Saturday,1,19,183,Fim de Semana,Mocha Belga,18.0,Croissant Francês,13.0,Balcão,Crédito,31.0
2026-02-14,Saturday,1,15,265,Ocasional,Latte Baunilha,16.0,Sanduíche Caprese,19.0,Delivery,Débito,35.0
2026-02-14,Saturday,1,15,200,Ocasional,Cold Brew Especial,17.0,Torta de Limão Siciliano,16.0,Balcão,Crédito,33.0
2026-02-14,Saturday,1,8,17,Trabalhador,Latte Baunilha,16.0,Sanduíche Caprese,19.0,Delivery,Débito,35.0
2026-02-14,Saturday,1,17,113,Fim de Semana,Latte Baunilha,16.0,Croissant Francês,13.0,Delivery,Pix,29.0
2026-02-14,Saturday,1,10,270,Trabalhador,Cold Brew Especial,17.0,Cookie Artesanal,9.0,Delivery,Crédito,26.0
2026-02-14,Saturday,1,16,87,Ocasional,Mocha Belga,18.0,Cookie Artesanal,9.0,Balcão,Pix,27.0
2026-02-14,Saturday,1,15,12,Ocasional,Latte Baunilha,16.0,Cookie Artesanal,9.0,Balcão,Crédito,25.0
2026-02-14,Saturday,1,17,281,Ocasional,Mocha Belga,18.0,Cookie Artesanal,9.0,Balcão,Pix,27.0
2026-02-14,Saturday,1,20,103,Ocasional,Mocha Belga,18.0,Bolo Red Velvet,15.0,Delivery,Débito,33.0
2026-02-14,Saturday,1,17,135,Ocasional,Cold Brew Especial,17.0,Croissant Francês,13.0,Delivery,Crédito,30.0
2026-02-14,Saturday,1,16,229,Trabalhador,Cold Brew Especial,17.0,Cookie Artesanal,9.0,Balcão,Débito,26.0
2026-02-14,Saturday,1,7,97,Ocasional,Latte Baunilha,16.0,Sanduíche Caprese,19.0,Balcão,Pix,35.0
2026-02-14,Saturday,1,12,11,Ocasional,Mocha Belga,18.0,Cookie Artesanal,9.0,Balcão,Pix,27.0
2026-02-14,Saturday,1,11,106,Ocasional,Latte Baunilha,16.0,Quiche de Alho Poró,18.0,Delivery,Débito,34.0
2026-02-14,Saturday,1,7,70,Ocasional,Espresso Premium,9.5,Bolo Red Velvet,15.0,Balcão,Débito,24.5
2026-02-14,Saturday,1,18,130,Fim de Semana,Chá Orgânico,12.0,Sanduíche Caprese,19.0,Delivery,Crédito,31.0
2026-02-14,Saturday,1,19,285,Fim de Semana,Chá Orgânico,12.0,Bolo Red Velvet,15.0,Balcão,Crédito,27.0
2026-02-14,Saturday,1,11,108,Ocasional,Cappuccino Italiano,14.0,Cookie Artesanal,9.0,Delivery,Crédito,23.0
2026-02-14,Saturday,1,15,121,Trabalhador,Cappuccino Italiano,14.0,Bolo Red Velvet,15.0,Balcão,Pix,29.0
2026-02-14,Saturday,1,18,130,Ocasional,Chá Orgânico,12.0,Quiche de Alho Poró,18.0,Delivery,Pix,30.0
2026-02-14,Saturday,1,11,277,Fim de Semana,Chá Orgânico,12.0,Croissant Francês,13.0,Delivery,Crédito,25.0
2026-02-14,Saturday,1,9,34,Fim de Semana,Cappuccino Italiano,14.0,Quiche de Alho Poró,18.0,Balcão,Pix,32.0
2026-02-14,Saturday,1,7,80,Trabalhador,Mocha Belga,18.0,Sanduíche Caprese,19.0,Balcão,Débito,37.0
2026-02-14,Saturday,1,9,129,Trabalhador,Mocha Belga,18.0,Torta de Limão Siciliano,16.0,Delivery,Pix,34.0
2026-02-14,Saturday,1,17,250,Fim de Semana,Mocha Belga,18.0,Cookie Artesanal,9.0,Delivery,Pix,27.0
2026-02-14,Saturday,1,7,114,Ocasional,Chá Orgânico,12.0,Cookie Artesanal,9.0,Delivery,Débito,21.0
2026-02-14,Saturday,1,20,51,Fim de Semana,Chá Orgânico,12.0,Bolo Red Velvet,15.0,Delivery,Pix,27.0
2026-02-14,Saturday,1,7,192,Trabalhador,Cold Brew Especial,17.0,Cookie Artesanal,9.0,Delivery,Crédito,26.0
2026-02-14,Saturday,1,13,201,Ocasional,Espresso Premium,9.5,Sanduíche Caprese,19.0,Delivery,Débito,28.5
2026-02-14,Saturday,1,11,95,Fim de Semana,Latte Baunilha,16.0,Cookie Artesanal,9.0,Delivery,Crédito,25.0
2026-02-14,Saturday,1,8,160,Fim de Semana,Chá Orgânico,12.0,Cookie Artesanal,9.0,Balcão,Crédito,21.0
2026-02-14,Saturday,1,17,124,Trabalhador,Chá Orgânico,12.0,Quiche de Alho Poró,18.0,Delivery,Débito,30.0
2026-02-14,Saturday,1,7,178,Trabalhador,Cappuccino Italiano,14.0,Cookie Artesanal,9.0,Delivery,Débito,23.0
2026-02-14,Saturday,1,16,104,Fim de Semana,Latte Baunilha,16.0,Quiche de Alho Poró,18.0,Balcão,Crédito,34.0
2026-02-14,Saturday,1,19,5,Fim de Semana,Chá Orgânico,12.0,Torta de Limão Siciliano,16.0,Delivery,Pix,28.0
2026-02-14,Saturday,1,7,259,Fim de Semana,Cold Brew Especial,17.0,Croissant Francês,13.0,Delivery,Crédito,30.0
2026-02-14,Saturday,1,9,51,Trabalhador,Mocha Belga,18.0,Croissant Francês,13.0,Delivery,Pix,31.0
2026-02-14,Saturday,1,10,105,Fim de Semana,Latte Baunilha,16.0,Croissant Francês,13.0,Delivery,Pix,29.0
2026-02-15,Sunday,1,15,208,Fim de Semana,Chá Orgânico,12.0,Bolo Red Velvet,15.0,Balcão,Pix,27.0
2026-02-15,Sunday,1,10,66,Ocasional,Chá Orgânico,12.0,Croissant Francês,13.0,Balcão,Crédito,25.0
2026-02-15,Sunday,1,7,42,Ocasional,Latte Baunilha,16.0,Cookie Artesanal,9.0,Balcão,Crédito,25.0
2026-02-15,Sunday,1,12,140,Ocasional,Chá Orgânico,12.0,Sanduíche Caprese,19.0,Balcão,Pix,31.0
2026-02-15,Sunday,1,11,249,Ocasional,Espresso Premium,9.5,Quiche de Alho Poró,18.0,Balcão,Crédito,27.5
2026-02-15,Sunday,1,16,137,Fim de Semana,Espresso Premium,9.5,Quiche de Alho Poró,18.0,Delivery,Débito,27.5
2026-02-15,Sunday,1,15,212,Ocasional,Mocha Belga,18.0,Croissant Francês,13.0,Balcão,Débito,31.0
2026-02-15,Sunday,1,16,87,Trabalhador,Espresso Premium,9.5,Sanduíche Caprese,19.0,Balcão,Débito,28.5
2026-02-15,Sunday,1,14,98,Fim de Semana,Cappuccino Italiano,14.0,Quiche de Alho Poró,18.0,Delivery,Crédito,32.0
2026-02-15,Sunday,1,13,27,Ocasional,Cappuccino Italiano,14.0,Bolo Red Velvet,15.0,Balcão,Pix,29.0
2026-02-15,Sunday,1,19,90,Trabalhador,Espresso Premium,9.5,Torta de Limão Siciliano,16.0,Balcão,Débito,25.5
2026-02-15,Sunday,1,17,273,Trabalhador,Chá Orgânico,12.0,Croissant Francês,13.0,Delivery,Pix,25.0
2026-02-15,Sunday,1,10,122,Ocasional,Cold Brew Especial,17.0,Croissant Francês,13.0,Balcão,Crédito,30.0
2026-02-15,Sunday,1,16,240,Fim de Semana,Espresso Premium,9.5,Sanduíche Caprese,19.0,Balcão,Débito,28.5
2026-02-15,Sunday,1,12,131,Fim de Semana,Cappuccino Italiano,14.0,Croissant Francês,13.0,Balcão,Pix,27.0
2026-02-15,Sunday,1,17,119,Ocasional,Latte Baunilha,16.0,Croissant Francês,13.0,Delivery,Pix,29.0
2026-02-15,Sunday,1,11,118,Ocasional,Latte Baunilha,16.0,Croissant Francês,13.0,Delivery,Pix,29.0
2026-02-15,Sunday,1,11,101,Ocasional,Mocha Belga,18.0,Quiche de Alho Poró,18.0,Delivery,Crédito,36.0
2026-02-15,Sunday,1,8,266,Ocasional,Cold Brew Especial,17.0,Quiche de Alho Poró,18.0,Delivery,Crédito,35.0
2026-02-15,Sunday,1,14,108,Trabalhador,Latte Baunilha,16.0,Croissant Francês,13.0,Balcão,Débito,29.0
2026-02-15,Sunday,1,8,26,Ocasional,Cappuccino Italiano,14.0,Quiche de Alho Poró,18.0,Delivery,Crédito,32.0
2026-02-15,Sunday,1,12,223,Trabalhador,Espresso Premium,9.5,Quiche de Alho Poró,18.0,Balcão,Pix,27.5
2026-02-15,Sunday,1,20,7,Ocasional,Cappuccino Italiano,14.0,Croissant Francês,13.0,Delivery,Pix,27.0
2026-02-15,Sunday,1,16,96,Trabalhador,Latte Baunilha,16.0,Croissant Francês,13.0,Delivery,Pix,29.0
2026-02-15,Sunday,1,11,65,Ocasional,Chá Orgânico,12.0,Quiche de Alho Poró,18.0,Balcão,Crédito,30.0
2026-02-15,Sunday,1,16,134,Fim de Semana,Latte Baunilha,16.0,Quiche de Alho Poró,18.0,Delivery,Crédito,34.0
2026-02-15,Sunday,1,13,95,Fim de Semana,Cappuccino Italiano,14.0,Sanduíche Caprese,19.0,Delivery,Crédito,33.0
2026-02-15,Sunday,1,9,291,Trabalhador,Chá Orgânico,12.0,Croissant Francês,13.0,Balcão,Crédito,25.0
2026-02-15,Sunday,1,18,46,Ocasional,Cappuccino Italiano,14.0,Quiche de Alho Poró,18.0,Balcão,Débito,32.0
2026-02-15,Sunday,1,9,273,Trabalhador,Mocha Belga,18.0,Torta de Limão Siciliano,16.0,Balcão,Crédito,34.0
2026-02-15,Sunday,1,15,297,Ocasional,Cappuccino Italiano,14.0,Torta de Limão Siciliano,16.0,Balcão,Crédito,30.0
2026-02-15,Sunday,1,9,13,Fim de Semana,Espresso Premium,9.5,Torta de Limão Siciliano,16.0,Delivery,Débito,25.5
2026-02-15,Sunday,1,19,70,Trabalhador,Mocha Belga,18.0,Croissant Francês,13.0,Delivery,Débito,31.0
2026-02-15,Sunday,1,7,166,Trabalhador,Latte Baunilha,16.0,Croissant Francês,13.0,Balcão,Crédito,29.0
2026-02-15,Sunday,1,10,296,Ocasional,Chá Orgânico,12.0,Bolo Red Velvet,15.0,Delivery,Débito,27.0
2026-02-15,Sunday,1,10,170,Fim de Semana,Chá Orgânico,12.0,Bolo Red Velvet,15.0,Delivery,Pix,27.0
2026-02-15,Sunday,1,12,53,Trabalhador,Mocha Belga,18.0,Croissant Francês,13.0,Delivery,Crédito,31.0
2026-02-15,Sunday,1,17,119,Ocasional,Cappuccino Italiano,14.0,Cookie Artesanal,9.0,Delivery,Pix,23.0
2026-02-15,Sunday,1,8,103,Ocasional,Chá Orgânico,12.0,Torta de Limão Siciliano,16.0,Balcão,Crédito,28.0
2026-02-15,Sunday,1,12,151,Ocasional,Chá Orgânico,12.0,Quiche de Alho Poró,18.0,Delivery,Débito,30.0
2026-02-15,Sunday,1,11,166,Ocasional,Mocha Belga,18.0,Croissant Francês,13.0,Balcão,Pix,31.0
2026-02-15,Sunday,1,18,258,Trabalhador,Mocha Belga,18.0,Cookie Artesanal,9.0,Delivery,Crédito,27.0
2026-02-15,Sunday,1,19,174,Trabalhador,Espresso Premium,9.5,Bolo Red Velvet,15.0,Balcão,Crédito,24.5
2026-02-15,Sunday,1,7,239,Ocasional,Latte Baunilha,16.0,Cookie Artesanal,9.0,Delivery,Pix,25.0
2026-02-15,Sunday,1,13,274,Fim de Semana,Chá Orgânico,12.0,Sanduíche Caprese,19.0,Delivery,Pix,31.0
2026-02-15,Sunday,1,8,289,Ocasional,Cold Brew Especial,17.0,Bolo Red Velvet,15.0,Balcão,Crédito,32.0
2026-02-15,Sunday,1,18,81,Ocasional,Latte Baunilha,16.0,Cookie Artesanal,9.0,Balcão,Pix,25.0
2026-02-15,Sunday,1,15,230,Trabalhador,Mocha Belga,18.0,Bolo Red Velvet,15.0,Delivery,Débito,33.0
2026-02-15,Sunday,1,16,260,Trabalhador,Espresso Premium,9.5,Croissant Francês,13.0,Balcão,Crédito,22.5
2026-02-15,Sunday,1,20,156,Ocasional,Mocha Belga,18.0,Sanduíche Caprese,19.0,Balcão,Crédito,37.0
2026-02-15,Sunday,1,10,187,Ocasional,Chá Orgânico,12.0,Bolo Red Velvet,15.0,Delivery,Débito,27.0
2026-02-15,Sunday,1,16,118,Fim de Semana,Mocha Belga,18.0,Quiche de Alho Poró,18.0,Balcão,Débito,36.0
2026-02-15,Sunday,1,16,88,Ocasional,Espresso Premium,9.5,Bolo Red Velvet,15.0,Balcão,Pix,24.5
2026-02-15,Sunday,1,7,43,Trabalhador,Mocha Belga,18.0,Quiche de Alho Poró,18.0,Balcão,Débito,36.0
2026-02-15,Sunday,1,12,149,Fim de Semana,Mocha Belga,18.0,Quiche de Alho Poró,18.0,Delivery,Débito,36.0
2026-02-15,Sunday,1,11,297,Ocasional,Cappuccino Italiano,14.0,Sanduíche Caprese,19.0,Delivery,Débito,33.0
2026-02-15,Sunday,1,14,189,Ocasional,Latte Baunilha,16.0,Quiche de Alho Poró,18.0,Delivery,Pix,34.0
2026-02-15,Sunday,1,20,263,Fim de Semana,Cappuccino Italiano,14.0,Sanduíche Caprese,19.0,Balcão,Pix,33.0
2026-02-15,Sunday,1,7,20,Ocasional,Mocha Belga,18.0,Torta de Limão Siciliano,16.0,Balcão,Pix,34.0
2026-02-15,Sunday,1,16,111,Ocasional,Latte Baunilha,16.0,Croissant Francês,13.0,Balcão,Pix,29.0
2026-02-15,Sunday,1,9,190,Fim de Semana,Cappuccino Italiano,14.0,Bolo Red Velvet,15.0,Balcão,Débito,29.0
2026-02-15,Sunday,1,12,135,Ocasional,Cold Brew Especial,17.0,Quiche de Alho Poró,18.0,Balcão,Pix,35.0
2026-02-15,Sunday,1,12,97,Fim de Semana,Cappuccino Italiano,14.0,Quiche de Alho Poró,18.0,Delivery,Crédito,32.0
2026-02-15,Sunday,1,16,149,Fim de Semana,Latte Baunilha,16.0,Quiche de Alho Poró,18.0,Delivery,Pix,34.0
2026-02-15,Sunday,1,8,119,Fim de Semana,Mocha Belga,18.0,Bolo Red Velvet,15.0,Delivery,Débito,33.0
2026-02-15,Sunday,1,7,250,Trabalhador,Latte Baunilha,16.0,Sanduíche Caprese,19.0,Delivery,Débito,35.0
2026-02-15,Sunday,1,15,132,Fim de Semana,Espresso Premium,9.5,Sanduíche Caprese,19.0,Balcão,Crédito,28.5
2026-02-15,Sunday,1,15,190,Ocasional,Cappuccino Italiano,14.0,Torta de Limão Siciliano,16.0,Balcão,Pix,30.0
2026-02-15,Sunday,1,14,127,Ocasional,Chá Orgânico,12.0,Bolo Red Velvet,15.0,Balcão,Débito,27.0
2026-02-15,Sunday,1,11,4,Fim de Semana,Mocha Belga,18.0,Cookie Artesanal,9.0,Delivery,Pix,27.0
2026-02-15,Sunday,1,10,104,Ocasional,Chá Orgânico,12.0,Sanduíche Caprese,19.0,Balcão,Crédito,31.0
2026-02-15,Sunday,1,13,71,Trabalhador,Mocha Belga,18.0,Sanduíche Caprese,19.0,Balcão,Débito,37.0
2026-02-15,Sunday,1,20,36,Fim de Semana,Latte Baunilha,16.0,Quiche de Alho Poró,18.0,Balcão,Pix,34.0
2026-02-15,Sunday,1,11,296,Fim de Semana,Mocha Belga,18.0,Bolo Red Velvet,15.0,Balcão,Pix,33.0
2026-02-15,Sunday,1,7,179,Trabalhador,Chá Orgânico,12.0,Croissant Francês,13.0,Balcão,Crédito,25.0
2026-02-15,Sunday,1,13,275,Trabalhador,Mocha Belga,18.0,Cookie Artesanal,9.0,Balcão,Pix,27.0
2026-02-15,Sunday,1,9,57,Trabalhador,Chá Orgânico,12.0,Cookie Artesanal,9.0,Delivery,Débito,21.0
2026-02-15,Sunday,1,15,265,Trabalhador,Cold Brew Especial,17.0,Quiche de Alho Poró,18.0,Delivery,Pix,35.0
2026-02-15,Sunday,1,7,191,Fim de Semana,Latte Baunilha,16.0,Sanduíche Caprese,19.0,Delivery,Débito,35.0
2026-02-15,Sunday,1,12,244,Fim de Semana,Mocha Belga,18.0,Torta de Limão Siciliano,16.0,Delivery,Crédito,34.0
2026-02-15,Sunday,1,8,200,Fim de Semana,Chá Orgânico,12.0,Sanduíche Caprese,19.0,Balcão,Pix,31.0
2026-02-15,Sunday,1,8,33,Fim de Semana,Cold Brew Especial,17.0,Torta de Limão Siciliano,16.0,Delivery,Crédito,33.0
2026-02-15,Sunday,1,15,156,Fim de Semana,Latte Baunilha,16.0,Sanduíche Caprese,19.0,Balcão,Débito,35.0
2026-02-15,Sunday,1,10,119,Ocasional,Cappuccino Italiano,14.0,Cookie Artesanal,9.0,Delivery,Pix,23.0
2026-02-15,Sunday,1,7,291,Ocasional,Chá Orgânico,12.0,Sanduíche Caprese,19.0,Balcão,Débito,31.0
2026-02-16,Monday,0,19,118,Ocasional,Mocha Belga,18.0,Croissant Francês,13.0,Balcão,Débito,31.0
2026-02-16,Monday,0,20,156,Fim de Semana,Latte Baunilha,16.0,Torta de Limão Siciliano,16.0,Delivery,Débito,32.0
2026-02-16,Monday,0,20,91,Fim de Semana,Cold Brew Especial,17.0,Croissant Francês,13.0,Delivery,Crédito,30.0
2026-02-16,Monday,0,17,198,Ocasional,Latte Baunilha,16.0,Sanduíche Caprese,19.0,Delivery,Pix,35.0
2026-02-16,Monday,0,10,226,Fim de Semana,Cold Brew Especial,17.0,Sanduíche Caprese,19.0,Delivery,Pix,36.0
2026-02-16,Monday,0,15,279,Trabalhador,Mocha Belga,18.0,Sanduíche Caprese,19.0,Balcão,Crédito,37.0
2026-02-16,Monday,0,18,11,Trabalhador,Cold Brew Especial,17.0,Croissant Francês,13.0,Balcão,Débito,30.0
2026-02-16,Monday,0,19,285,Trabalhador,Mocha Belga,18.0,Sanduíche Caprese,19.0,Balcão,Pix,37.0
2026-02-16,Monday,0,16,122,Trabalhador,Cold Brew Especial,17.0,Sanduíche Caprese,19.0,Balcão,Débito,36.0
2026-02-16,Monday,0,7,18,Trabalhador,Latte Baunilha,16.0,Cookie Artesanal,9.0,Balcão,Débito,25.0
2026-02-16,Monday,0,14,292,Trabalhador,Latte Baunilha,16.0,Quiche de Alho Poró,18.0,Delivery,Débito,34.0
2026-02-16,Monday,0,11,32,Trabalhador,Chá Orgânico,12.0,Cookie Artesanal,9.0,Balcão,Crédito,21.0
2026-02-16,Monday,0,8,77,Ocasional,Espresso Premium,9.5,Croissant Francês,13.0,Balcão,Débito,22.5
2026-02-16,Monday,0,19,278,Ocasional,Latte Baunilha,16.0,Cookie Artesanal,9.0,Delivery,Débito,25.0
2026-02-16,Monday,0,14,48,Fim de Semana,Mocha Belga,18.0,Bolo Red Velvet,15.0,Delivery,Débito,33.0
2026-02-16,Monday,0,13,219,Ocasional,Cappuccino Italiano,14.0,Quiche de Alho Poró,18.0,Balcão,Crédito,32.0
2026-02-16,Monday,0,16,199,Fim de Semana,Latte Baunilha,16.0,Quiche de Alho Poró,18.0,Balcão,Pix,34.0
2026-02-16,Monday,0,12,88,Fim de Semana,Cold Brew Especial,17.0,Torta de Limão Siciliano,16.0,Balcão,Débito,33.0
2026-02-16,Monday,0,18,85,Ocasional,Mocha Belga,18.0,Quiche de Alho Poró,18.0,Balcão,Débito,36.0
2026-02-16,Monday,0,12,161,Ocasional,Latte Baunilha,16.0,Bolo Red Velvet,15.0,Balcão,Pix,31.0
2026-02-16,Monday,0,20,296,Trabalhador,Chá Orgânico,12.0,Bolo Red Velvet,15.0,Balcão,Pix,27.0
2026-02-16,Monday,0,12,49,Trabalhador,Chá Orgânico,12.0,Quiche de Alho Poró,18.0,Delivery,Crédito,30.0
2026-02-16,Monday,0,13,33,Trabalhador,Mocha Belga,18.0,Torta de Limão Siciliano,16.0,Balcão,Pix,34.0
2026-02-16,Monday,0,18,198,Ocasional,Cold Brew Especial,17.0,Sanduíche Caprese,19.0,Delivery,Débito,36.0
2026-02-16,Monday,0,18,213,Trabalhador,Chá Orgânico,12.0,Quiche de Alho Poró,18.0,Balcão,Débito,30.0
2026-02-16,Monday,0,8,118,Trabalhador,Chá Orgânico,12.0,Croissant Francês,13.0,Delivery,Crédito,25.0
2026-02-16,Monday,0,13,211,Ocasional,Latte Baunilha,16.0,Bolo Red Velvet,15.0,Delivery,Crédito,31.0
2026-02-16,Monday,0,19,193,Ocasional,Latte Baunilha,16.0,Quiche de Alho Poró,18.0,Delivery,Débito,34.0
2026-02-16,Monday,0,11,123,Fim de Semana,Mocha Belga,18.0,Sanduíche Caprese,19.0,Balcão,Débito,37.0
2026-02-16,Monday,0,9,60,Trabalhador,Cold Brew Especial,17.0,Sanduíche Caprese,19.0,Delivery,Pix,36.0
2026-02-16,Monday,0,12,19,Trabalhador,Espresso Premium,9.5,Cookie Artesanal,9.0,Delivery,Débito,18.5
2026-02-16,Monday,0,9,228,Fim de Semana,Latte Baunilha,16.0,Bolo Red Velvet,15.0,Balcão,Pix,31.0
2026-02-16,Monday,0,13,271,Ocasional,Espresso Premium,9.5,Cookie Artesanal,9.0,Delivery,Crédito,18.5
2026-02-16,Monday,0,20,228,Ocasional,Cold Brew Especial,17.0,Torta de Limão Siciliano,16.0,Balcão,Pix,33.0
2026-02-16,Monday,0,9,102,Ocasional,Chá Orgânico,12.0,Cookie Artesanal,9.0,Balcão,Débito,21.0
2026-02-16,Monday,0,19,36,Trabalhador,Cold Brew Especial,17.0,Quiche de Alho Poró,18.0,Balcão,Pix,35.0
2026-02-16,Monday,0,20,52,Ocasional,Latte Baunilha,16.0,Bolo Red Velvet,15.0,Delivery,Débito,31.0
2026-02-16,Monday,0,10,180,Ocasional,Espresso Premium,9.5,Sanduíche Caprese,19.0,Balcão,Débito,28.5
2026-02-16,Monday,0,12,264,Fim de Semana,Chá Orgânico,12.0,Sanduíche Caprese,19.0,Delivery,Débito,31.0
2026-02-16,Monday,0,8,248,Fim de Semana,Latte Baunilha,16.0,Bolo Red Velvet,15.0,Delivery,Débito,31.0
2026-02-16,Monday,0,16,133,Fim de Semana,Cappuccino Italiano,14.0,Torta de Limão Siciliano,16.0,Delivery,Débito,30.0
2026-02-16,Monday,0,18,196,Trabalhador,Latte Baunilha,16.0,Quiche de Alho Poró,18.0,Balcão,Crédito,34.0
2026-02-16,Monday,0,13,97,Ocasional,Espresso Premium,9.5,Quiche de Alho Poró,18.0,Delivery,Crédito,27.5
2026-02-16,Monday,0,19,183,Fim de Semana,Cold Brew Especial,17.0,Quiche de Alho Poró,18.0,Delivery,Débito,35.0
2026-02-16,Monday,0,19,104,Trabalhador,Latte Baunilha,16.0,Torta de Limão Siciliano,16.0,Delivery,Débito,32.0
2026-02-16,Monday,0,19,83,Ocasional,Cappuccino Italiano,14.0,Cookie Artesanal,9.0,Delivery,Débito,23.0
2026-02-16,Monday,0,10,8,Ocasional,Cappuccino Italiano,14.0,Quiche de Alho Poró,18.0,Balcão,Débito,32.0
2026-02-16,Monday,0,20,80,Fim de Semana,Chá Orgânico,12.0,Bolo Red Velvet,15.0,Balcão,Pix,27.0
2026-02-16,Monday,0,14,31,Ocasional,Mocha Belga,18.0,Torta de Limão Siciliano,16.0,Delivery,Débito,34.0
2026-02-16,Monday,0,18,76,Fim de Semana,Cold Brew Especial,17.0,Croissant Francês,13.0,Balcão,Pix,30.0
2026-02-16,Monday,0,8,128,Ocasional,Cappuccino Italiano,14.0,Torta de Limão Siciliano,16.0,Delivery,Pix,30.0
2026-02-16,Monday,0,18,215,Fim de Semana,Latte Baunilha,16.0,Croissant Francês,13.0,Delivery,Crédito,29.0
2026-02-16,Monday,0,16,244,Trabalhador,Cold Brew Especial,17.0,Croissant Francês,13.0,Balcão,Débito,30.0
2026-02-16,Monday,0,9,187,Fim de Semana,Espresso Premium,9.5,Sanduíche Caprese,19.0,Delivery,Crédito,28.5
2026-02-16,Monday,0,16,121,Fim de Semana,Cappuccino Italiano,14.0,Torta de Limão Siciliano,16.0,Delivery,Débito,30.0
2026-02-16,Monday,0,13,31,Fim de Semana,Cappuccino Italiano,14.0,Cookie Artesanal,9.0,Delivery,Pix,23.0
2026-02-16,Monday,0,16,47,Trabalhador,Chá Orgânico,12.0,Croissant Francês,13.0,Delivery,Débito,25.0
2026-02-16,Monday,0,14,280,Trabalhador,Latte Baunilha,16.0,Sanduíche Caprese,19.0,Delivery,Débito,35.0
2026-02-16,Monday,0,16,277,Ocasional,Cold Brew Especial,17.0,Sanduíche Caprese,19.0,Balcão,Débito,36.0
2026-02-16,Monday,0,18,273,Ocasional,Mocha Belga,18.0,Croissant Francês,13.0,Delivery,Débito,31.0
2026-02-16,Monday,0,14,208,Fim de Semana,Mocha Belga,18.0,Sanduíche Caprese,19.0,Balcão,Débito,37.0
2026-02-16,Monday,0,7,172,Ocasional,Cappuccino Italiano,14.0,Sanduíche Caprese,19.0,Delivery,Crédito,33.0
2026-02-16,Monday,0,18,194,Trabalhador,Mocha Belga,18.0,Cookie Artesanal,9.0,Balcão,Pix,27.0
2026-02-16,Monday,0,7,228,Ocasional,Chá Orgânico,12.0,Croissant Francês,13.0,Delivery,Crédito,25.0
2026-02-16,Monday,0,13,81,Ocasional,Mocha Belga,18.0,Bolo Red Velvet,15.0,Balcão,Crédito,33.0
2026-02-16,Monday,0,19,299,Trabalhador,Chá Orgânico,12.0,Bolo Red Velvet,15.0,Delivery,Crédito,27.0
2026-02-16,Monday,0,13,28,Fim de Semana,Espresso Premium,9.5,Bolo Red Velvet,15.0,Balcão,Pix,24.5
2026-02-16,Monday,0,13,135,Fim de Semana,Chá Orgânico,12.0,Bolo Red Velvet,15.0,Delivery,Débito,27.0
2026-02-16,Monday,0,14,57,Ocasional,Chá Orgânico,12.0,Torta de Limão Siciliano,16.0,Delivery,Crédito,28.0
2026-02-16,Monday,0,16,55,Fim de Semana,Cappuccino Italiano,14.0,Sanduíche Caprese,19.0,Balcão,Crédito,33.0
2026-02-16,Monday,0,18,12,Ocasional,Cold Brew Especial,17.0,Sanduíche Caprese,19.0,Balcão,Crédito,36.0
2026-02-16,Monday,0,13,249,Fim de Semana,Chá Orgânico,12.0,Croissant Francês,13.0,Balcão,Débito,25.0
2026-02-16,Monday,0,13,220,Fim de Semana,Cappuccino Italiano,14.0,Bolo Red Velvet,15.0,Delivery,Crédito,29.0
2026-02-16,Monday,0,10,142,Ocasional,Mocha Belga,18.0,Croissant Francês,13.0,Balcão,Débito,31.0
2026-02-16,Monday,0,11,262,Ocasional,Espresso Premium,9.5,Torta de Limão Siciliano,16.0,Delivery,Pix,25.5
2026-02-16,Monday,0,17,45,Ocasional,Espresso Premium,9.5,Sanduíche Caprese,19.0,Balcão,Crédito,28.5
2026-02-16,Monday,0,9,136,Trabalhador,Cappuccino Italiano,14.0,Torta de Limão Siciliano,16.0,Balcão,Débito,30.0
2026-02-16,Monday,0,12,120,Trabalhador,Espresso Premium,9.5,Torta de Limão Siciliano,16.0,Delivery,Pix,25.5
2026-02-16,Monday,0,12,91,Trabalhador,Latte Baunilha,16.0,Cookie Artesanal,9.0,Delivery,Débito,25.0
2026-02-16,Monday,0,8,92,Trabalhador,Espresso Premium,9.5,Torta de Limão Siciliano,16.0,Delivery,Pix,25.5
2026-02-16,Monday,0,16,225,Fim de Semana,Latte Baunilha,16.0,Quiche de Alho Poró,18.0,Balcão,Débito,34.0
2026-02-16,Monday,0,19,155,Ocasional,Cold Brew Especial,17.0,Quiche de Alho Poró,18.0,Balcão,Crédito,35.0
2026-02-16,Monday,0,17,300,Ocasional,Mocha Belga,18.0,Torta de Limão Siciliano,16.0,Delivery,Pix,34.0
2026-02-16,Monday,0,15,78,Fim de Semana,Cold Brew Especial,17.0,Sanduíche Caprese,19.0,Delivery,Crédito,36.0
2026-02-16,Monday,0,7,163,Fim de Semana,Chá Orgânico,12.0,Bolo Red Velvet,15.0,Balcão,Pix,27.0
2026-02-16,Monday,0,8,37,Trabalhador,Espresso Premium,9.5,Cookie Artesanal,9.0,Balcão,Pix,18.5
2026-02-16,Monday,0,12,295,Trabalhador,Chá Orgânico,12.0,Croissant Francês,13.0,Delivery,Débito,25.0
2026-02-17,Tuesday,0,18,2,Fim de Semana,Cappuccino Italiano,14.0,Bolo Red Velvet,15.0,Delivery,Débito,29.0
2026-02-17,Tuesday,0,15,188,Fim de Semana,Chá Orgânico,12.0,Bolo Red Velvet,15.0,Balcão,Pix,27.0
2026-02-17,Tuesday,0,18,267,Ocasional,Espresso Premium,9.5,Torta de Limão Siciliano,16.0,Delivery,Débito,25.5
2026-02-17,Tuesday,0,9,6,Ocasional,Cold Brew Especial,17.0,Quiche de Alho Poró,18.0,Delivery,Débito,35.0
2026-02-17,Tuesday,0,12,25,Ocasional,Cold Brew Especial,17.0,Bolo Red Velvet,15.0,Balcão,Débito,32.0
2026-02-17,Tuesday,0,10,85,Fim de Semana,Cappuccino Italiano,14.0,Torta de Limão Siciliano,16.0,Delivery,Crédito,30.0
2026-02-17,Tuesday,0,19,250,Fim de Semana,Chá Orgânico,12.0,Croissant Francês,13.0,Balcão,Débito,25.0
2026-02-17,Tuesday,0,14,113,Trabalhador,Chá Orgânico,12.0,Croissant Francês,13.0,Delivery,Crédito,25.0
2026-02-17,Tuesday,0,11,265,Fim de Semana,Espresso Premium,9.5,Cookie Artesanal,9.0,Balcão,Crédito,18.5
2026-02-17,Tuesday,0,15,187,Trabalhador,Cold Brew Especial,17.0,Croissant Francês,13.0,Balcão,Débito,30.0
2026-02-17,Tuesday,0,13,3,Ocasional,Chá Orgânico,12.0,Bolo Red Velvet,15.0,Balcão,Pix,27.0
2026-02-17,Tuesday,0,13,7,Fim de Semana,Espresso Premium,9.5,Croissant Francês,13.0,Balcão,Crédito,22.5
2026-02-17,Tuesday,0,18,5,Trabalhador,Cappuccino Italiano,14.0,Quiche de Alho Poró,18.0,Balcão,Crédito,32.0
2026-02-17,Tuesday,0,17,50,Ocasional,Cappuccino Italiano,14.0,Bolo Red Velvet,15.0,Balcão,Pix,29.0
2026-02-17,Tuesday,0,8,245,Ocasional,Latte Baunilha,16.0,Croissant Francês,13.0,Balcão,Débito,29.0
2026-02-17,Tuesday,0,10,234,Fim de Semana,Chá Orgânico,12.0,Quiche de Alho Poró,18.0,Delivery,Pix,30.0
2026-02-17,Tuesday,0,7,143,Fim de Semana,Latte Baunilha,16.0,Cookie Artesanal,9.0,Delivery,Crédito,25.0
2026-02-17,Tuesday,0,20,268,Fim de Semana,Latte Baunilha,16.0,Torta de Limão Siciliano,16.0,Delivery,Pix,32.0
2026-02-17,Tuesday,0,19,32,Ocasional,Latte Baunilha,16.0,Croissant Francês,13.0,Balcão,Débito,29.0
2026-02-17,Tuesday,0,14,41,Fim de Semana,Cold Brew Especial,17.0,Bolo Red Velvet,15.0,Delivery,Pix,32.0
2026-02-17,Tuesday,0,7,176,Ocasional,Cold Brew Especial,17.0,Quiche de Alho Poró,18.0,Delivery,Crédito,35.0
2026-02-17,Tuesday,0,8,156,Ocasional,Cold Brew Especial,17.0,Bolo Red Velvet,15.0,Balcão,Pix,32.0
2026-02-17,Tuesday,0,15,143,Fim de Semana,Mocha Belga,18.0,Cookie Artesanal,9.0,Balcão,Crédito,27.0
2026-02-17,Tuesday,0,9,299,Fim de Semana,Cappuccino Italiano,14.0,Croissant Francês,13.0,Delivery,Crédito,27.0
2026-02-17,Tuesday,0,16,127,Ocasional,Espresso Premium,9.5,Torta de Limão Siciliano,16.0,Balcão,Pix,25.5
2026-02-17,Tuesday,0,8,163,Trabalhador,Cold Brew Especial,17.0,Sanduíche Caprese,19.0,Balcão,Débito,36.0
2026-02-17,Tuesday,0,7,263,Fim de Semana,Chá Orgânico,12.0,Torta de Limão Siciliano,16.0,Delivery,Pix,28.0
2026-02-17,Tuesday,0,11,99,Trabalhador,Latte Baunilha,16.0,Torta de Limão Siciliano,16.0,Delivery,Crédito,32.0
2026-02-17,Tuesday,0,10,204,Fim de Semana,Espresso Premium,9.5,Quiche de Alho Poró,18.0,Delivery,Débito,27.5
2026-02-17,Tuesday,0,20,288,Fim de Semana,Chá Orgânico,12.0,Quiche de Alho Poró,18.0,Balcão,Crédito,30.0
2026-02-17,Tuesday,0,17,122,Fim de Semana,Cold Brew Especial,17.0,Bolo Red Velvet,15.0,Balcão,Débito,32.0
2026-02-17,Tuesday,0,9,168,Trabalhador,Espresso Premium,9.5,Croissant Francês,13.0,Balcão,Débito,22.5
2026-02-17,Tuesday,0,12,159,Ocasional,Mocha Belga,18.0,Croissant Francês,13.0,Balcão,Pix,31.0
2026-02-17,Tuesday,0,11,139,Ocasional,Cappuccino Italiano,14.0,Quiche de Alho Poró,18.0,Balcão,Pix,32.0
2026-02-17,Tuesday,0,12,53,Trabalhador,Mocha Belga,18.0,Sanduíche Caprese,19.0,Delivery,Crédito,37.0
2026-02-17,Tuesday,0,11,217,Ocasional,Cappuccino Italiano,14.0,Cookie Artesanal,9.0,Delivery,Débito,23.0
2026-02-17,Tuesday,0,12,220,Fim de Semana,Mocha Belga,18.0,Bolo Red Velvet,15.0,Delivery,Pix,33.0
2026-02-17,Tuesday,0,15,149,Fim de Semana,Espresso Premium,9.5,Sanduíche Caprese,19.0,Balcão,Débito,28.5
2026-02-17,Tuesday,0,12,298,Fim de Semana,Chá Orgânico,12.0,Bolo Red Velvet,15.0,Balcão,Pix,27.0
2026-02-17,Tuesday,0,20,61,Ocasional,Mocha Belga,18.0,Cookie Artesanal,9.0,Balcão,Crédito,27.0
2026-02-17,Tuesday,0,15,17,Trabalhador,Cappuccino Italiano,14.0,Quiche de Alho Poró,18.0,Balcão,Débito,32.0
2026-02-17,Tuesday,0,8,134,Fim de Semana,Chá Orgânico,12.0,Sanduíche Caprese,19.0,Balcão,Crédito,31.0
2026-02-17,Tuesday,0,14,185,Ocasional,Chá Orgânico,12.0,Torta de Limão Siciliano,16.0,Delivery,Pix,28.0
2026-02-17,Tuesday,0,16,78,Ocasional,Espresso Premium,9.5,Sanduíche Caprese,19.0,Delivery,Pix,28.5
2026-02-17,Tuesday,0,18,49,Trabalhador,Chá Orgânico,12.0,Torta de Limão Siciliano,16.0,Delivery,Pix,28.0
2026-02-17,Tuesday,0,9,216,Fim de Semana,Mocha Belga,18.0,Cookie Artesanal,9.0,Balcão,Pix,27.0
2026-02-17,Tuesday,0,20,200,Fim de Semana,Espresso Premium,9.5,Quiche de Alho Poró,18.0,Balcão,Crédito,27.5
2026-02-17,Tuesday,0,11,119,Trabalhador,Cappuccino Italiano,14.0,Bolo Red Velvet,15.0,Delivery,Débito,29.0
2026-02-17,Tuesday,0,20,21,Trabalhador,Cappuccino Italiano,14.0,Quiche de Alho Poró,18.0,Delivery,Pix,32.0
2026-02-17,Tuesday,0,7,208,Fim de Semana,Cappuccino Italiano,14.0,Torta de Limão Siciliano,16.0,Balcão,Débito,30.0
2026-02-17,Tuesday,0,10,260,Fim de Semana,Cappuccino Italiano,14.0,Croissant Francês,13.0,Balcão,Crédito,27.0
2026-02-17,Tuesday,0,18,178,Fim de Semana,Latte Baunilha,16.0,Croissant Francês,13.0,Delivery,Crédito,29.0
2026-02-17,Tuesday,0,12,51,Ocasional,Mocha Belga,18.0,Croissant Francês,13.0,Balcão,Pix,31.0
2026-02-17,Tuesday,0,11,45,Ocasional,Chá Orgânico,12.0,Bolo Red Velvet,15.0,Delivery,Crédito,27.0
2026-02-17,Tuesday,0,20,291,Trabalhador,Chá Orgânico,12.0,Torta de Limão Siciliano,16.0,Delivery,Pix,28.0
2026-02-17,Tuesday,0,10,281,Trabalhador,Mocha Belga,18.0,Quiche de Alho Poró,18.0,Balcão,Pix,36.0
2026-02-17,Tuesday,0,14,73,Trabalhador,Mocha Belga,18.0,Cookie Artesanal,9.0,Delivery,Crédito,27.0
2026-02-17,Tuesday,0,7,165,Fim de Semana,Cappuccino Italiano,14.0,Torta de Limão Siciliano,16.0,Balcão,Pix,30.0
2026-02-17,Tuesday,0,14,51,Trabalhador,Chá Orgânico,12.0,Cookie Artesanal,9.0,Balcão,Crédito,21.0
2026-02-17,Tuesday,0,7,242,Fim de Semana,Latte Baunilha,16.0,Sanduíche Caprese,19.0,Balcão,Pix,35.0
2026-02-17,Tuesday,0,15,286,Fim de Semana,Latte Baunilha,16.0,Cookie Artesanal,9.0,Balcão,Pix,25.0
2026-02-17,Tuesday,0,20,119,Trabalhador,Cappuccino Italiano,14.0,Cookie Artesanal,9.0,Delivery,Pix,23.0
2026-02-17,Tuesday,0,10,59,Ocasional,Cold Brew Especial,17.0,Torta de Limão Siciliano,16.0,Delivery,Débito,33.0
2026-02-17,Tuesday,0,16,185,Trabalhador,Espresso Premium,9.5,Torta de Limão Siciliano,16.0,Delivery,Débito,25.5
2026-02-17,Tuesday,0,20,130,Fim de Semana,Mocha Belga,18.0,Quiche de Alho Poró,18.0,Balcão,Pix,36.0
2026-02-17,Tuesday,0,12,126,Ocasional,Cappuccino Italiano,14.0,Cookie Artesanal,9.0,Balcão,Pix,23.0
2026-02-17,Tuesday,0,15,54,Trabalhador,Cold Brew Especial,17.0,Croissant Francês,13.0,Balcão,Débito,30.0
2026-02-17,Tuesday,0,7,18,Ocasional,Chá Orgânico,12.0,Sanduíche Caprese,19.0,Balcão,Débito,31.0
2026-02-17,Tuesday,0,14,104,Ocasional,Mocha Belga,18.0,Torta de Limão Siciliano,16.0,Balcão,Crédito,34.0
2026-02-17,Tuesday,0,15,126,Ocasional,Chá Orgânico,12.0,Sanduíche Caprese,19.0,Delivery,Pix,31.0
2026-02-17,Tuesday,0,9,291,Ocasional,Cappuccino Italiano,14.0,Croissant Francês,13.0,Delivery,Débito,27.0
2026-02-17,Tuesday,0,15,56,Trabalhador,Mocha Belga,18.0,Cookie Artesanal,9.0,Delivery,Crédito,27.0
2026-02-17,Tuesday,0,15,71,Trabalhador,Mocha Belga,18.0,Bolo Red Velvet,15.0,Delivery,Pix,33.0
2026-02-17,Tuesday,0,11,191,Fim de Semana,Cold Brew Especial,17.0,Quiche de Alho Poró,18.0,Balcão,Crédito,35.0
2026-02-17,Tuesday,0,17,37,Trabalhador,Latte Baunilha,16.0,Quiche de Alho Poró,18.0,Balcão,Crédito,34.0
2026-02-17,Tuesday,0,19,156,Ocasional,Espresso Premium,9.5,Sanduíche Caprese,19.0,Balcão,Pix,28.5
2026-02-17,Tuesday,0,20,64,Trabalhador,Latte Baunilha,16.0,Croissant Francês,13.0,Balcão,Crédito,29.0
2026-02-17,Tuesday,0,20,155,Fim de Semana,Latte Baunilha,16.0,Cookie Artesanal,9.0,Balcão,Débito,25.0
2026-02-17,Tuesday,0,15,157,Fim de Semana,Cold Brew Especial,17.0,Bolo Red Velvet,15.0,Balcão,Pix,32.0
2026-02-17,Tuesday,0,18,35,Fim de Semana,Espresso Premium,9.5,Bolo Red Velvet,15.0,Balcão,Débito,24.5
2026-02-18,Wednesday,0,8,287,Trabalhador,Cappuccino Italiano,14.0,Quiche de Alho Poró,18.0,Delivery,Débito,32.0
2026-02-18,Wednesday,0,13,181,Trabalhador,Cappuccino Italiano,14.0,Cookie Artesanal,9.0,Delivery,Crédito,23.0
2026-02-18,Wednesday,0,19,180,Ocasional,Chá Orgânico,12.0,Croissant Francês,13.0,Delivery,Pix,25.0
2026-02-18,Wednesday,0,7,77,Ocasional,Cappuccino Italiano,14.0,Sanduíche Caprese,19.0,Delivery,Débito,33.0
2026-02-18,Wednesday,0,13,248,Ocasional,Latte Baunilha,16.0,Cookie Artesanal,9.0,Delivery,Pix,25.0
2026-02-18,Wednesday,0,10,55,Ocasional,Cappuccino Italiano,14.0,Sanduíche Caprese,19.0,Balcão,Pix,33.0
2026-02-18,Wednesday,0,10,227,Trabalhador,Cappuccino Italiano,14.0,Sanduíche Caprese,19.0,Delivery,Pix,33.0
2026-02-18,Wednesday,0,16,31,Fim de Semana,Chá Orgânico,12.0,Croissant Francês,13.0,Delivery,Pix,25.0
2026-02-18,Wednesday,0,9,62,Ocasional,Mocha Belga,18.0,Cookie Artesanal,9.0,Delivery,Crédito,27.0
2026-02-18,Wednesday,0,17,283,Trabalhador,Latte Baunilha,16.0,Croissant Francês,13.0,Balcão,Débito,29.0
2026-02-18,Wednesday,0,12,205,Ocasional,Cold Brew Especial,17.0,Torta de Limão Siciliano,16.0,Delivery,Crédito,33.0
2026-02-18,Wednesday,0,13,207,Fim de Semana,Espresso Premium,9.5,Cookie Artesanal,9.0,Balcão,Pix,18.5
2026-02-18,Wednesday,0,11,143,Trabalhador,Latte Baunilha,16.0,Sanduíche Caprese,19.0,Delivery,Débito,35.0
2026-02-18,Wednesday,0,10,261,Fim de Semana,Latte Baunilha,16.0,Bolo Red Velvet,15.0,Balcão,Crédito,31.0
2026-02-18,Wednesday,0,18,139,Trabalhador,Espresso Premium,9.5,Croissant Francês,13.0,Balcão,Pix,22.5
2026-02-18,Wednesday,0,20,98,Fim de Semana,Espresso Premium,9.5,Quiche de Alho Poró,18.0,Balcão,Crédito,27.5
2026-02-18,Wednesday,0,8,269,Ocasional,Espresso Premium,9.5,Bolo Red Velvet,15.0,Delivery,Débito,24.5
2026-02-18,Wednesday,0,20,23,Ocasional,Chá Orgânico,12.0,Croissant Francês,13.0,Delivery,Crédito,25.0
2026-02-18,Wednesday,0,10,263,Ocasional,Cold Brew Especial,17.0,Cookie Artesanal,9.0,Balcão,Crédito,26.0
2026-02-18,Wednesday,0,14,35,Trabalhador,Chá Orgânico,12.0,Sanduíche Caprese,19.0,Balcão,Débito,31.0
2026-02-18,Wednesday,0,13,274,Trabalhador,Latte Baunilha,16.0,Torta de Limão Siciliano,16.0,Balcão,Crédito,32.0
2026-02-18,Wednesday,0,13,288,Trabalhador,Cold Brew Especial,17.0,Sanduíche Caprese,19.0,Delivery,Crédito,36.0
2026-02-18,Wednesday,0,10,297,Fim de Semana,Latte Baunilha,16.0,Quiche de Alho Poró,18.0,Delivery,Crédito,34.0
2026-02-18,Wednesday,0,17,137,Ocasional,Cappuccino Italiano,14.0,Sanduíche Caprese,19.0,Balcão,Pix,33.0
2026-02-18,Wednesday,0,15,199,Trabalhador,Latte Baunilha,16.0,Quiche de Alho Poró,18.0,Delivery,Débito,34.0
2026-02-18,Wednesday,0,17,104,Trabalhador,Espresso Premium,9.5,Croissant Francês,13.0,Balcão,Crédito,22.5
2026-02-18,Wednesday,0,7,293,Ocasional,Chá Orgânico,12.0,Croissant Francês,13.0,Balcão,Débito,25.0
2026-02-18,Wednesday,0,11,184,Trabalhador,Cappuccino Italiano,14.0,Quiche de Alho Poró,18.0,Balcão,Crédito,32.0
2026-02-18,Wednesday,0,9,224,Fim de Semana,Chá Orgânico,12.0,Croissant Francês,13.0,Delivery,Débito,25.0
2026-02-18,Wednesday,0,14,73,Trabalhador,Cold Brew Especial,17.0,Bolo Red Velvet,15.0,Balcão,Pix,32.0
2026-02-18,Wednesday,0,18,294,Fim de Semana,Cold Brew Especial,17.0,Sanduíche Caprese,19.0,Delivery,Pix,36.0
2026-02-18,Wednesday,0,7,40,Trabalhador,Latte Baunilha,16.0,Sanduíche Caprese,19.0,Delivery,Crédito,35.0
2026-02-18,Wednesday,0,20,196,Trabalhador,Mocha Belga,18.0,Cookie Artesanal,9.0,Delivery,Pix,27.0
2026-02-18,Wednesday,0,10,224,Ocasional,Chá Orgânico,12.0,Quiche de Alho Poró,18.0,Balcão,Crédito,30.0
2026-02-18,Wednesday,0,14,213,Trabalhador,Cappuccino Italiano,14.0,Sanduíche Caprese,19.0,Balcão,Crédito,33.0
2026-02-18,Wednesday,0,10,42,Ocasional,Cappuccino Italiano,14.0,Sanduíche Caprese,19.0,Balcão,Débito,33.0
2026-02-18,Wednesday,0,18,300,Trabalhador,Latte Baunilha,16.0,Croissant Francês,13.0,Delivery,Pix,29.0
2026-02-18,Wednesday,0,12,173,Fim de Semana,Mocha Belga,18.0,Quiche de Alho Poró,18.0,Balcão,Débito,36.0
2026-02-18,Wednesday,0,20,123,Fim de Semana,Espresso Premium,9.5,Croissant Francês,13.0,Delivery,Crédito,22.5
2026-02-18,Wednesday,0,10,77,Ocasional,Mocha Belga,18.0,Cookie Artesanal,9.0,Balcão,Pix,27.0
2026-02-18,Wednesday,0,15,297,Fim de Semana,Cappuccino Italiano,14.0,Bolo Red Velvet,15.0,Balcão,Débito,29.0
2026-02-18,Wednesday,0,19,93,Fim de Semana,Mocha Belga,18.0,Sanduíche Caprese,19.0,Delivery,Débito,37.0
2026-02-18,Wednesday,0,17,272,Trabalhador,Chá Orgânico,12.0,Torta de Limão Siciliano,16.0,Balcão,Débito,28.0
2026-02-18,Wednesday,0,14,12,Fim de Semana,Chá Orgânico,12.0,Bolo Red Velvet,15.0,Balcão,Débito,27.0
2026-02-18,Wednesday,0,7,65,Fim de Semana,Latte Baunilha,16.0,Bolo Red Velvet,15.0,Delivery,Crédito,31.0
2026-02-18,Wednesday,0,11,115,Trabalhador,Cappuccino Italiano,14.0,Croissant Francês,13.0,Delivery,Débito,27.0
2026-02-18,Wednesday,0,15,77,Trabalhador,Latte Baunilha,16.0,Sanduíche Caprese,19.0,Delivery,Crédito,35.0
2026-02-18,Wednesday,0,16,180,Ocasional,Mocha Belga,18.0,Torta de Limão Siciliano,16.0,Delivery,Débito,34.0
2026-02-18,Wednesday,0,19,2,Ocasional,Cold Brew Especial,17.0,Sanduíche Caprese,19.0,Delivery,Pix,36.0
2026-02-18,Wednesday,0,20,109,Trabalhador,Latte Baunilha,16.0,Torta de Limão Siciliano,16.0,Delivery,Pix,32.0
2026-02-18,Wednesday,0,20,199,Trabalhador,Mocha Belga,18.0,Torta de Limão Siciliano,16.0,Balcão,Débito,34.0
2026-02-18,Wednesday,0,17,138,Ocasional,Cold Brew Especial,17.0,Cookie Artesanal,9.0,Delivery,Débito,26.0
2026-02-18,Wednesday,0,10,225,Ocasional,Espresso Premium,9.5,Bolo Red Velvet,15.0,Balcão,Crédito,24.5
2026-02-18,Wednesday,0,19,149,Fim de Semana,Cappuccino Italiano,14.0,Sanduíche Caprese,19.0,Delivery,Débito,33.0
2026-02-18,Wednesday,0,11,293,Fim de Semana,Espresso Premium,9.5,Quiche de Alho Poró,18.0,Balcão,Crédito,27.5
2026-02-18,Wednesday,0,19,263,Fim de Semana,Cold Brew Especial,17.0,Sanduíche Caprese,19.0,Delivery,Débito,36.0
2026-02-18,Wednesday,0,12,269,Trabalhador,Cappuccino Italiano,14.0,Torta de Limão Siciliano,16.0,Balcão,Débito,30.0
2026-02-18,Wednesday,0,8,274,Ocasional,Cold Brew Especial,17.0,Torta de Limão Siciliano,16.0,Balcão,Débito,33.0
2026-02-18,Wednesday,0,11,8,Fim de Semana,Chá Orgânico,12.0,Croissant Francês,13.0,Balcão,Crédito,25.0
2026-02-18,Wednesday,0,19,186,Trabalhador,Espresso Premium,9.5,Sanduíche Caprese,19.0,Balcão,Pix,28.5
2026-02-18,Wednesday,0,7,28,Trabalhador,Cappuccino Italiano,14.0,Quiche de Alho Poró,18.0,Balcão,Pix,32.0
2026-02-18,Wednesday,0,17,101,Trabalhador,Espresso Premium,9.5,Croissant Francês,13.0,Delivery,Pix,22.5
2026-02-18,Wednesday,0,15,200,Fim de Semana,Mocha Belga,18.0,Bolo Red Velvet,15.0,Balcão,Débito,33.0
2026-02-18,Wednesday,0,11,270,Trabalhador,Cold Brew Especial,17.0,Bolo Red Velvet,15.0,Delivery,Pix,32.0
2026-02-18,Wednesday,0,7,280,Trabalhador,Mocha Belga,18.0,Croissant Francês,13.0,Delivery,Pix,31.0
2026-02-18,Wednesday,0,11,133,Trabalhador,Latte Baunilha,16.0,Cookie Artesanal,9.0,Balcão,Pix,25.0
2026-02-18,Wednesday,0,11,255,Fim de Semana,Cold Brew Especial,17.0,Bolo Red Velvet,15.0,Balcão,Débito,32.0
2026-02-18,Wednesday,0,17,134,Trabalhador,Chá Orgânico,12.0,Bolo Red Velvet,15.0,Delivery,Pix,27.0
2026-02-18,Wednesday,0,7,166,Trabalhador,Espresso Premium,9.5,Croissant Francês,13.0,Delivery,Pix,22.5
2026-02-18,Wednesday,0,11,211,Trabalhador,Chá Orgânico,12.0,Bolo Red Velvet,15.0,Delivery,Crédito,27.0
2026-02-18,Wednesday,0,7,271,Trabalhador,Cappuccino Italiano,14.0,Cookie Artesanal,9.0,Balcão,Pix,23.0
2026-02-18,Wednesday,0,15,245,Fim de Semana,Cold Brew Especial,17.0,Torta de Limão Siciliano,16.0,Delivery,Pix,33.0
2026-02-18,Wednesday,0,7,136,Fim de Semana,Espresso Premium,9.5,Torta de Limão Siciliano,16.0,Balcão,Pix,25.5
2026-02-18,Wednesday,0,19,112,Trabalhador,Chá Orgânico,12.0,Sanduíche Caprese,19.0,Balcão,Crédito,31.0
2026-02-18,Wednesday,0,17,27,Fim de Semana,Espresso Premium,9.5,Torta de Limão Siciliano,16.0,Delivery,Crédito,25.5
2026-02-18,Wednesday,0,7,226,Trabalhador,Cappuccino Italiano,14.0,Sanduíche Caprese,19.0,Delivery,Débito,33.0
2026-02-18,Wednesday,0,16,94,Ocasional,Espresso Premium,9.5,Torta de Limão Siciliano,16.0,Balcão,Débito,25.5
2026-02-18,Wednesday,0,11,39,Trabalhador,Cold Brew Especial,17.0,Sanduíche Caprese,19.0,Balcão,Crédito,36.0
2026-02-18,Wednesday,0,20,113,Trabalhador,Mocha Belga,18.0,Sanduíche Caprese,19.0,Delivery,Crédito,37.0
2026-02-18,Wednesday,0,8,267,Fim de Semana,Cold Brew Especial,17.0,Torta de Limão Siciliano,16.0,Balcão,Débito,33.0
2026-02-18,Wednesday,0,15,198,Trabalhador,Mocha Belga,18.0,Bolo Red Velvet,15.0,Delivery,Crédito,33.0
2026-02-18,Wednesday,0,20,288,Ocasional,Latte Baunilha,16.0,Sanduíche Caprese,19.0,Balcão,Pix,35.0
2026-02-18,Wednesday,0,7,200,Fim de Semana,Chá Orgânico,12.0,Quiche de Alho Poró,18.0,Delivery,Crédito,30.0
2026-02-18,Wednesday,0,8,158,Trabalhador,Cold Brew Especial,17.0,Torta de Limão Siciliano,16.0,Balcão,Crédito,33.0
2026-02-18,Wednesday,0,18,61,Trabalhador,Cappuccino Italiano,14.0,Bolo Red Velvet,15.0,Delivery,Pix,29.0
2026-02-18,Wednesday,0,14,263,Trabalhador,Cappuccino Italiano,14.0,Cookie Artesanal,9.0,Balcão,Débito,23.0
2026-02-18,Wednesday,0,16,5,Ocasional,Cold Brew Especial,17.0,Torta de Limão Siciliano,16.0,Delivery,Crédito,33.0
2026-02-18,Wednesday,0,11,133,Fim de Semana,Espresso Premium,9.5,Quiche de Alho Poró,18.0,Balcão,Crédito,27.5
2026-02-19,Thursday,0,12,191,Trabalhador,Chá Orgânico,12.0,Bolo Red Velvet,15.0,Delivery,Débito,27.0
2026-02-19,Thursday,0,18,184,Trabalhador,Espresso Premium,9.5,Sanduíche Caprese,19.0,Balcão,Crédito,28.5
2026-02-19,Thursday,0,15,297,Fim de Semana,Chá Orgânico,12.0,Cookie Artesanal,9.0,Delivery,Crédito,21.0
2026-02-19,Thursday,0,14,12,Ocasional,Espresso Premium,9.5,Croissant Francês,13.0,Delivery,Pix,22.5
2026-02-19,Thursday,0,9,157,Trabalhador,Chá Orgânico,12.0,Sanduíche Caprese,19.0,Delivery,Pix,31.0
2026-02-19,Thursday,0,19,211,Trabalhador,Espresso Premium,9.5,Bolo Red Velvet,15.0,Delivery,Crédito,24.5
2026-02-19,Thursday,0,16,108,Fim de Semana,Cappuccino Italiano,14.0,Quiche de Alho Poró,18.0,Balcão,Crédito,32.0
2026-02-19,Thursday,0,11,113,Fim de Semana,Cappuccino Italiano,14.0,Bolo Red Velvet,15.0,Delivery,Débito,29.0
2026-02-19,Thursday,0,9,38,Fim de Semana,Chá Orgânico,12.0,Croissant Francês,13.0,Balcão,Débito,25.0
2026-02-19,Thursday,0,13,254,Ocasional,Latte Baunilha,16.0,Quiche de Alho Poró,18.0,Delivery,Pix,34.0
2026-02-19,Thursday,0,11,71,Trabalhador,Latte Baunilha,16.0,Torta de Limão Siciliano,16.0,Delivery,Crédito,32.0
2026-02-19,Thursday,0,10,62,Fim de Semana,Mocha Belga,18.0,Sanduíche Caprese,19.0,Balcão,Pix,37.0
2026-02-19,Thursday,0,18,5,Fim de Semana,Cappuccino Italiano,14.0,Croissant Francês,13.0,Delivery,Crédito,27.0
2026-02-19,Thursday,0,9,235,Ocasional,Chá Orgânico,12.0,Sanduíche Caprese,19.0,Delivery,Crédito,31.0
2026-02-19,Thursday,0,12,158,Fim de Semana,Cold Brew Especial,17.0,Quiche de Alho Poró,18.0,Balcão,Débito,35.0
2026-02-19,Thursday,0,13,1,Fim de Semana,Chá Orgânico,12.0,Bolo Red Velvet,15.0,Balcão,Débito,27.0
2026-02-19,Thursday,0,18,91,Trabalhador,Mocha Belga,18.0,Croissant Francês,13.0,Delivery,Pix,31.0
2026-02-19,Thursday,0,8,250,Ocasional,Mocha Belga,18.0,Torta de Limão Siciliano,16.0,Delivery,Débito,34.0
2026-02-19,Thursday,0,13,6,Fim de Semana,Mocha Belga,18.0,Bolo Red Velvet,15.0,Delivery,Pix,33.0
2026-02-19,Thursday,0,17,256,Ocasional,Cold Brew Especial,17.0,Quiche de Alho Poró,18.0,Delivery,Pix,35.0
2026-02-19,Thursday,0,7,150,Ocasional,Cold Brew Especial,17.0,Bolo Red Velvet,15.0,Balcão,Crédito,32.0
2026-02-19,Thursday,0,16,233,Fim de Semana,Latte Baunilha,16.0,Cookie Artesanal,9.0,Delivery,Débito,25.0
2026-02-19,Thursday,0,13,287,Trabalhador,Espresso Premium,9.5,Bolo Red Velvet,15.0,Delivery,Pix,24.5
2026-02-19,Thursday,0,11,63,Fim de Semana,Mocha Belga,18.0,Sanduíche Caprese,19.0,Balcão,Pix,37.0
2026-02-19,Thursday,0,17,82,Fim de Semana,Cold Brew Especial,17.0,Croissant Francês,13.0,Delivery,Débito,30.0
2026-02-19,Thursday,0,12,255,Ocasional,Latte Baunilha,16.0,Torta de Limão Siciliano,16.0,Delivery,Pix,32.0
2026-02-19,Thursday,0,10,279,Trabalhador,Cappuccino Italiano,14.0,Torta de Limão Siciliano,16.0,Balcão,Crédito,30.0
2026-02-19,Thursday,0,19,12,Trabalhador,Espresso Premium,9.5,Quiche de Alho Poró,18.0,Balcão,Pix,27.5
2026-02-19,Thursday,0,17,88,Fim de Semana,Cold Brew Especial,17.0,Bolo Red Velvet,15.0,Delivery,Pix,32.0
2026-02-19,Thursday,0,19,66,Ocasional,Mocha Belga,18.0,Quiche de Alho Poró,18.0,Delivery,Crédito,36.0
2026-02-19,Thursday,0,9,69,Ocasional,Chá Orgânico,12.0,Croissant Francês,13.0,Delivery,Crédito,25.0
2026-02-19,Thursday,0,19,107,Ocasional,Latte Baunilha,16.0,Cookie Artesanal,9.0,Delivery,Crédito,25.0
2026-02-19,Thursday,0,13,145,Ocasional,Mocha Belga,18.0,Croissant Francês,13.0,Balcão,Débito,31.0
2026-02-19,Thursday,0,17,264,Trabalhador,Latte Baunilha,16.0,Croissant Francês,13.0,Delivery,Crédito,29.0
2026-02-19,Thursday,0,8,101,Trabalhador,Mocha Belga,18.0,Torta de Limão Siciliano,16.0,Delivery,Crédito,34.0
2026-02-19,Thursday,0,14,123,Fim de Semana,Mocha Belga,18.0,Cookie Artesanal,9.0,Delivery,Débito,27.0
2026-02-19,Thursday,0,15,241,Ocasional,Latte Baunilha,16.0,Quiche de Alho Poró,18.0,Balcão,Débito,34.0
2026-02-19,Thursday,0,8,179,Fim de Semana,Espresso Premium,9.5,Torta de Limão Siciliano,16.0,Delivery,Pix,25.5
2026-02-19,Thursday,0,12,274,Trabalhador,Mocha Belga,18.0,Bolo Red Velvet,15.0,Delivery,Débito,33.0
2026-02-19,Thursday,0,14,178,Fim de Semana,Cold Brew Especial,17.0,Quiche de Alho Poró,18.0,Delivery,Débito,35.0
2026-02-19,Thursday,0,12,161,Ocasional,Cappuccino Italiano,14.0,Sanduíche Caprese,19.0,Delivery,Débito,33.0
2026-02-19,Thursday,0,20,266,Ocasional,Espresso Premium,9.5,Sanduíche Caprese,19.0,Delivery,Débito,28.5
2026-02-19,Thursday,0,9,80,Trabalhador,Espresso Premium,9.5,Quiche de Alho Poró,18.0,Balcão,Pix,27.5
2026-02-19,Thursday,0,14,230,Ocasional,Espresso Premium,9.5,Croissant Francês,13.0,Delivery,Débito,22.5
2026-02-19,Thursday,0,17,183,Ocasional,Mocha Belga,18.0,Bolo Red Velvet,15.0,Delivery,Crédito,33.0
2026-02-19,Thursday,0,12,86,Trabalhador,Cappuccino Italiano,14.0,Torta de Limão Siciliano,16.0,Balcão,Crédito,30.0
2026-02-19,Thursday,0,15,238,Trabalhador,Mocha Belga,18.0,Cookie Artesanal,9.0,Balcão,Crédito,27.0
2026-02-19,Thursday,0,7,109,Fim de Semana,Latte Baunilha,16.0,Sanduíche Caprese,19.0,Delivery,Débito,35.0
2026-02-19,Thursday,0,15,1,Ocasional,Espresso Premium,9.5,Cookie Artesanal,9.0,Balcão,Crédito,18.5
2026-02-19,Thursday,0,18,77,Ocasional,Cappuccino Italiano,14.0,Quiche de Alho Poró,18.0,Delivery,Débito,32.0
2026-02-19,Thursday,0,11,90,Trabalhador,Latte Baunilha,16.0,Sanduíche Caprese,19.0,Delivery,Crédito,35.0
2026-02-19,Thursday,0,18,124,Ocasional,Latte Baunilha,16.0,Sanduíche Caprese,19.0,Balcão,Crédito,35.0
2026-02-19,Thursday,0,16,220,Fim de Semana,Espresso Premium,9.5,Bolo Red Velvet,15.0,Delivery,Crédito,24.5
2026-02-19,Thursday,0,15,216,Fim de Semana,Mocha Belga,18.0,Quiche de Alho Poró,18.0,Delivery,Pix,36.0
2026-02-19,Thursday,0,17,143,Ocasional,Mocha Belga,18.0,Cookie Artesanal,9.0,Balcão,Crédito,27.0
2026-02-19,Thursday,0,20,34,Trabalhador,Latte Baunilha,16.0,Cookie Artesanal,9.0,Balcão,Débito,25.0
2026-02-19,Thursday,0,7,94,Ocasional,Latte Baunilha,16.0,Torta de Limão Siciliano,16.0,Delivery,Pix,32.0
2026-02-19,Thursday,0,8,164,Trabalhador,Chá Orgânico,12.0,Croissant Francês,13.0,Balcão,Crédito,25.0
2026-02-19,Thursday,0,15,139,Fim de Semana,Espresso Premium,9.5,Bolo Red Velvet,15.0,Balcão,Crédito,24.5
2026-02-19,Thursday,0,16,278,Trabalhador,Espresso Premium,9.5,Cookie Artesanal,9.0,Balcão,Débito,18.5
2026-02-19,Thursday,0,12,262,Trabalhador,Cappuccino Italiano,14.0,Sanduíche Caprese,19.0,Delivery,Crédito,33.0
2026-02-19,Thursday,0,7,127,Trabalhador,Espresso Premium,9.5,Torta de Limão Siciliano,16.0,Delivery,Pix,25.5
2026-02-19,Thursday,0,10,283,Fim de Semana,Espresso Premium,9.5,Bolo Red Velvet,15.0,Balcão,Crédito,24.5
2026-02-19,Thursday,0,11,71,Fim de Semana,Cappuccino Italiano,14.0,Sanduíche Caprese,19.0,Balcão,Crédito,33.0
2026-02-19,Thursday,0,12,193,Trabalhador,Mocha Belga,18.0,Bolo Red Velvet,15.0,Balcão,Crédito,33.0
2026-02-19,Thursday,0,11,267,Ocasional,Mocha Belga,18.0,Cookie Artesanal,9.0,Delivery,Pix,27.0
2026-02-19,Thursday,0,12,10,Ocasional,Cappuccino Italiano,14.0,Cookie Artesanal,9.0,Delivery,Pix,23.0
2026-02-19,Thursday,0,18,96,Fim de Semana,Latte Baunilha,16.0,Bolo Red Velvet,15.0,Delivery,Pix,31.0
2026-02-19,Thursday,0,10,176,Ocasional,Chá Orgânico,12.0,Bolo Red Velvet,15.0,Delivery,Crédito,27.0
2026-02-19,Thursday,0,9,271,Ocasional,Cold Brew Especial,17.0,Cookie Artesanal,9.0,Delivery,Pix,26.0
2026-02-20,Friday,0,8,296,Trabalhador,Cappuccino Italiano,14.0,Torta de Limão Siciliano,16.0,Balcão,Pix,30.0
2026-02-20,Friday,0,15,294,Fim de Semana,Mocha Belga,18.0,Torta de Limão Siciliano,16.0,Delivery,Débito,34.0
2026-02-20,Friday,0,18,182,Trabalhador,Latte Baunilha,16.0,Sanduíche Caprese,19.0,Balcão,Crédito,35.0
2026-02-20,Friday,0,8,214,Trabalhador,Cappuccino Italiano,14.0,Sanduíche Caprese,19.0,Delivery,Crédito,33.0
2026-02-20,Friday,0,13,90,Fim de Semana,Espresso Premium,9.5,Sanduíche Caprese,19.0,Delivery,Crédito,28.5
2026-02-20,Friday,0,18,182,Fim de Semana,Espresso Premium,9.5,Torta de Limão Siciliano,16.0,Balcão,Pix,25.5
2026-02-20,Friday,0,7,125,Fim de Semana,Chá Orgânico,12.0,Croissant Francês,13.0,Balcão,Débito,25.0
2026-02-20,Friday,0,8,114,Fim de Semana,Cappuccino Italiano,14.0,Bolo Red Velvet,15.0,Balcão,Crédito,29.0
2026-02-20,Friday,0,17,46,Trabalhador,Cappuccino Italiano,14.0,Sanduíche Caprese,19.0,Delivery,Pix,33.0
2026-02-20,Friday,0,18,155,Fim de Semana,Cold Brew Especial,17.0,Torta de Limão Siciliano,16.0,Balcão,Débito,33.0
2026-02-20,Friday,0,10,44,Trabalhador,Mocha Belga,18.0,Sanduíche Caprese,19.0,Balcão,Crédito,37.0
2026-02-20,Friday,0,13,68,Trabalhador,Latte Baunilha,16.0,Cookie Artesanal,9.0,Delivery,Crédito,25.0
2026-02-20,Friday,0,19,128,Ocasional,Espresso Premium,9.5,Torta de Limão Siciliano,16.0,Balcão,Débito,25.5
2026-02-20,Friday,0,7,32,Fim de Semana,Latte Baunilha,16.0,Cookie Artesanal,9.0,Delivery,Pix,25.0
2026-02-20,Friday,0,10,103,Trabalhador,Cold Brew Especial,17.0,Sanduíche Caprese,19.0,Delivery,Pix,36.0
2026-02-20,Friday,0,15,148,Ocasional,Espresso Premium,9.5,Croissant Francês,13.0,Delivery,Crédito,22.5
2026-02-20,Friday,0,12,134,Trabalhador,Chá Orgânico,12.0,Quiche de Alho Poró,18.0,Balcão,Débito,30.0
2026-02-20,Friday,0,9,24,Fim de Semana,Cappuccino Italiano,14.0,Cookie Artesanal,9.0,Delivery,Pix,23.0
2026-02-20,Friday,0,15,214,Fim de Semana,Chá Orgânico,12.0,Sanduíche Caprese,19.0,Balcão,Débito,31.0
2026-02-20,Friday,0,13,218,Ocasional,Cappuccino Italiano,14.0,Croissant Francês,13.0,Balcão,Crédito,27.0
2026-02-20,Friday,0,10,95,Trabalhador,Cold Brew Especial,17.0,Bolo Red Velvet,15.0,Delivery,Pix,32.0
2026-02-20,Friday,0,16,189,Fim de Semana,Espresso Premium,9.5,Cookie Artesanal,9.0,Delivery,Crédito,18.5
2026-02-20,Friday,0,14,86,Fim de Semana,Chá Orgânico,12.0,Torta de Limão Siciliano,16.0,Balcão,Crédito,28.0
2026-02-20,Friday,0,12,278,Ocasional,Cappuccino Italiano,14.0,Sanduíche Caprese,19.0,Balcão,Pix,33.0
2026-02-20,Friday,0,12,93,Fim de Semana,Espresso Premium,9.5,Cookie Artesanal,9.0,Balcão,Crédito,18.5
2026-02-20,Friday,0,12,290,Trabalhador,Cold Brew Especial,17.0,Torta de Limão Siciliano,16.0,Delivery,Pix,33.0
2026-02-20,Friday,0,8,97,Trabalhador,Chá Orgânico,12.0,Sanduíche Caprese,19.0,Delivery,Pix,31.0
2026-02-20,Friday,0,15,257,Fim de Semana,Mocha Belga,18.0,Bolo Red Velvet,15.0,Delivery,Crédito,33.0
2026-02-20,Friday,0,14,41,Fim de Semana,Mocha Belga,18.0,Bolo Red Velvet,15.0,Balcão,Pix,33.0
2026-02-20,Friday,0,18,11,Ocasional,Cappuccino Italiano,14.0,Sanduíche Caprese,19.0,Balcão,Débito,33.0
2026-02-20,Friday,0,20,254,Fim de Semana,Latte Baunilha,16.0,Torta de Limão Siciliano,16.0,Delivery,Pix,32.0
2026-02-20,Friday,0,18,114,Trabalhador,Cold Brew Especial,17.0,Sanduíche Caprese,19.0,Balcão,Débito,36.0
2026-02-20,Friday,0,20,90,Ocasional,Cold Brew Especial,17.0,Quiche de Alho Poró,18.0,Balcão,Débito,35.0
2026-02-20,Friday,0,10,161,Ocasional,Cold Brew Especial,17.0,Sanduíche Caprese,19.0,Balcão,Pix,36.0
2026-02-20,Friday,0,20,17,Ocasional,Chá Orgânico,12.0,Torta de Limão Siciliano,16.0,Delivery,Débito,28.0
2026-02-20,Friday,0,13,265,Trabalhador,Chá Orgânico,12.0,Cookie Artesanal,9.0,Delivery,Débito,21.0
2026-02-20,Friday,0,15,47,Trabalhador,Chá Orgânico,12.0,Sanduíche Caprese,19.0,Balcão,Débito,31.0
2026-02-20,Friday,0,19,178,Fim de Semana,Cold Brew Especial,17.0,Quiche de Alho Poró,18.0,Delivery,Débito,35.0
2026-02-20,Friday,0,9,228,Trabalhador,Cappuccino Italiano,14.0,Torta de Limão Siciliano,16.0,Balcão,Crédito,30.0
2026-02-20,Friday,0,7,18,Fim de Semana,Espresso Premium,9.5,Bolo Red Velvet,15.0,Delivery,Crédito,24.5
2026-02-20,Friday,0,17,61,Ocasional,Mocha Belga,18.0,Quiche de Alho Poró,18.0,Balcão,Crédito,36.0
2026-02-20,Friday,0,9,135,Trabalhador,Espresso Premium,9.5,Sanduíche Caprese,19.0,Balcão,Débito,28.5
2026-02-20,Friday,0,16,230,Ocasional,Cold Brew Especial,17.0,Quiche de Alho Poró,18.0,Delivery,Pix,35.0
2026-02-20,Friday,0,15,61,Fim de Semana,Cappuccino Italiano,14.0,Sanduíche Caprese,19.0,Balcão,Crédito,33.0
2026-02-20,Friday,0,15,272,Ocasional,Chá Orgânico,12.0,Torta de Limão Siciliano,16.0,Delivery,Débito,28.0
2026-02-20,Friday,0,14,47,Ocasional,Chá Orgânico,12.0,Quiche de Alho Poró,18.0,Delivery,Pix,30.0
2026-02-20,Friday,0,12,106,Ocasional,Cappuccino Italiano,14.0,Cookie Artesanal,9.0,Balcão,Débito,23.0
2026-02-20,Friday,0,16,187,Trabalhador,Mocha Belga,18.0,Croissant Francês,13.0,Delivery,Crédito,31.0
2026-02-20,Friday,0,12,284,Fim de Semana,Latte Baunilha,16.0,Bolo Red Velvet,15.0,Balcão,Débito,31.0
2026-02-20,Friday,0,19,61,Trabalhador,Espresso Premium,9.5,Sanduíche Caprese,19.0,Delivery,Pix,28.5
2026-02-20,Friday,0,14,120,Fim de Semana,Espresso Premium,9.5,Torta de Limão Siciliano,16.0,Balcão,Pix,25.5
2026-02-20,Friday,0,8,207,Fim de Semana,Mocha Belga,18.0,Croissant Francês,13.0,Balcão,Pix,31.0
2026-02-20,Friday,0,18,59,Trabalhador,Cold Brew Especial,17.0,Quiche de Alho Poró,18.0,Balcão,Pix,35.0
2026-02-20,Friday,0,14,119,Ocasional,Mocha Belga,18.0,Torta de Limão Siciliano,16.0,Delivery,Débito,34.0
2026-02-20,Friday,0,9,121,Ocasional,Latte Baunilha,16.0,Cookie Artesanal,9.0,Balcão,Crédito,25.0
2026-02-20,Friday,0,13,179,Trabalhador,Chá Orgânico,12.0,Cookie Artesanal,9.0,Balcão,Crédito,21.0
2026-02-20,Friday,0,15,216,Ocasional,Mocha Belga,18.0,Sanduíche Caprese,19.0,Delivery,Crédito,37.0
2026-02-20,Friday,0,8,99,Ocasional,Cold Brew Especial,17.0,Sanduíche Caprese,19.0,Delivery,Débito,36.0
2026-02-20,Friday,0,15,168,Trabalhador,Espresso Premium,9.5,Cookie Artesanal,9.0,Delivery,Crédito,18.5
2026-02-20,Friday,0,9,200,Fim de Semana,Espresso Premium,9.5,Quiche de Alho Poró,18.0,Balcão,Crédito,27.5
2026-02-20,Friday,0,16,294,Trabalhador,Latte Baunilha,16.0,Cookie Artesanal,9.0,Delivery,Pix,25.0
2026-02-20,Friday,0,16,17,Ocasional,Cappuccino Italiano,14.0,Quiche de Alho Poró,18.0,Delivery,Crédito,32.0
2026-02-20,Friday,0,12,52,Trabalhador,Mocha Belga,18.0,Torta de Limão Siciliano,16.0,Delivery,Pix,34.0
2026-02-20,Friday,0,18,27,Fim de Semana,Espresso Premium,9.5,Bolo Red Velvet,15.0,Delivery,Pix,24.5
2026-02-20,Friday,0,13,19,Ocasional,Cold Brew Especial,17.0,Torta de Limão Siciliano,16.0,Balcão,Débito,33.0
2026-02-20,Friday,0,8,169,Ocasional,Cappuccino Italiano,14.0,Torta de Limão Siciliano,16.0,Balcão,Crédito,30.0
2026-02-20,Friday,0,10,135,Fim de Semana,Chá Orgânico,12.0,Bolo Red Velvet,15.0,Delivery,Pix,27.0
2026-02-20,Friday,0,8,73,Fim de Semana,Cappuccino Italiano,14.0,Bolo Red Velvet,15.0,Delivery,Débito,29.0
2026-02-20,Friday,0,16,191,Ocasional,Espresso Premium,9.5,Bolo Red Velvet,15.0,Delivery,Débito,24.5
2026-02-20,Friday,0,18,289,Fim de Semana,Latte Baunilha,16.0,Quiche de Alho Poró,18.0,Delivery,Débito,34.0
2026-02-20,Friday,0,17,63,Trabalhador,Mocha Belga,18.0,Bolo Red Velvet,15.0,Balcão,Pix,33.0
2026-02-20,Friday,0,19,72,Ocasional,Cold Brew Especial,17.0,Quiche de Alho Poró,18.0,Delivery,Pix,35.0
2026-02-20,Friday,0,17,161,Fim de Semana,Espresso Premium,9.5,Sanduíche Caprese,19.0,Balcão,Débito,28.5
2026-02-20,Friday,0,10,75,Ocasional,Espresso Premium,9.5,Cookie Artesanal,9.0,Balcão,Crédito,18.5
2026-02-20,Friday,0,14,45,Ocasional,Chá Orgânico,12.0,Cookie Artesanal,9.0,Balcão,Débito,21.0
2026-02-21,Saturday,1,13,164,Ocasional,Espresso Premium,9.5,Quiche de Alho Poró,18.0,Balcão,Crédito,27.5
2026-02-21,Saturday,1,9,189,Fim de Semana,Cold Brew Especial,17.0,Sanduíche Caprese,19.0,Delivery,Pix,36.0
2026-02-21,Saturday,1,14,176,Ocasional,Espresso Premium,9.5,Quiche de Alho Poró,18.0,Balcão,Crédito,27.5
2026-02-21,Saturday,1,8,205,Fim de Semana,Cold Brew Especial,17.0,Torta de Limão Siciliano,16.0,Delivery,Pix,33.0
2026-02-21,Saturday,1,18,198,Trabalhador,Mocha Belga,18.0,Cookie Artesanal,9.0,Balcão,Crédito,27.0
2026-02-21,Saturday,1,11,254,Fim de Semana,Latte Baunilha,16.0,Quiche de Alho Poró,18.0,Delivery,Débito,34.0
2026-02-21,Saturday,1,19,241,Ocasional,Latte Baunilha,16.0,Bolo Red Velvet,15.0,Balcão,Pix,31.0
2026-02-21,Saturday,1,11,91,Fim de Semana,Latte Baunilha,16.0,Quiche de Alho Poró,18.0,Balcão,Pix,34.0
2026-02-21,Saturday,1,17,157,Ocasional,Cappuccino Italiano,14.0,Bolo Red Velvet,15.0,Delivery,Débito,29.0
2026-02-21,Saturday,1,9,12,Trabalhador,Mocha Belga,18.0,Torta de Limão Siciliano,16.0,Delivery,Pix,34.0
2026-02-21,Saturday,1,19,92,Ocasional,Chá Orgânico,12.0,Croissant Francês,13.0,Balcão,Pix,25.0
2026-02-21,Saturday,1,20,221,Ocasional,Mocha Belga,18.0,Quiche de Alho Poró,18.0,Balcão,Pix,36.0
2026-02-21,Saturday,1,7,101,Trabalhador,Mocha Belga,18.0,Croissant Francês,13.0,Balcão,Crédito,31.0
2026-02-21,Saturday,1,20,24,Trabalhador,Espresso Premium,9.5,Cookie Artesanal,9.0,Delivery,Pix,18.5
2026-02-21,Saturday,1,9,283,Fim de Semana,Chá Orgânico,12.0,Sanduíche Caprese,19.0,Balcão,Pix,31.0
2026-02-21,Saturday,1,15,66,Trabalhador,Chá Orgânico,12.0,Torta de Limão Siciliano,16.0,Delivery,Pix,28.0
2026-02-21,Saturday,1,9,78,Ocasional,Espresso Premium,9.5,Croissant Francês,13.0,Delivery,Pix,22.5
2026-02-21,Saturday,1,15,287,Ocasional,Mocha Belga,18.0,Croissant Francês,13.0,Balcão,Pix,31.0
2026-02-21,Saturday,1,19,141,Fim de Semana,Mocha Belga,18.0,Croissant Francês,13.0,Delivery,Crédito,31.0
2026-02-21,Saturday,1,9,282,Ocasional,Latte Baunilha,16.0,Croissant Francês,13.0,Balcão,Pix,29.0
2026-02-21,Saturday,1,10,300,Trabalhador,Mocha Belga,18.0,Croissant Francês,13.0,Delivery,Crédito,31.0
2026-02-21,Saturday,1,14,148,Ocasional,Espresso Premium,9.5,Sanduíche Caprese,19.0,Delivery,Débito,28.5
2026-02-21,Saturday,1,8,167,Trabalhador,Mocha Belga,18.0,Cookie Artesanal,9.0,Balcão,Débito,27.0
2026-02-21,Saturday,1,11,53,Fim de Semana,Mocha Belga,18.0,Quiche de Alho Poró,18.0,Balcão,Débito,36.0
2026-02-21,Saturday,1,20,184,Trabalhador,Chá Orgânico,12.0,Sanduíche Caprese,19.0,Delivery,Débito,31.0
2026-02-21,Saturday,1,15,118,Fim de Semana,Chá Orgânico,12.0,Bolo Red Velvet,15.0,Delivery,Pix,27.0
2026-02-21,Saturday,1,13,79,Fim de Semana,Chá Orgânico,12.0,Quiche de Alho Poró,18.0,Balcão,Pix,30.0
2026-02-21,Saturday,1,14,51,Ocasional,Latte Baunilha,16.0,Torta de Limão Siciliano,16.0,Balcão,Crédito,32.0
2026-02-21,Saturday,1,10,32,Fim de Semana,Cold Brew Especial,17.0,Quiche de Alho Poró,18.0,Balcão,Pix,35.0
2026-02-21,Saturday,1,9,282,Ocasional,Espresso Premium,9.5,Bolo Red Velvet,15.0,Delivery,Crédito,24.5
2026-02-21,Saturday,1,15,224,Ocasional,Chá Orgânico,12.0,Quiche de Alho Poró,18.0,Delivery,Crédito,30.0
2026-02-21,Saturday,1,9,267,Fim de Semana,Cold Brew Especial,17.0,Torta de Limão Siciliano,16.0,Balcão,Pix,33.0
2026-02-21,Saturday,1,20,125,Ocasional,Latte Baunilha,16.0,Sanduíche Caprese,19.0,Balcão,Pix,35.0
2026-02-21,Saturday,1,10,128,Fim de Semana,Cappuccino Italiano,14.0,Croissant Francês,13.0,Delivery,Débito,27.0
2026-02-21,Saturday,1,20,93,Trabalhador,Latte Baunilha,16.0,Quiche de Alho Poró,18.0,Balcão,Débito,34.0
2026-02-21,Saturday,1,9,36,Trabalhador,Cold Brew Especial,17.0,Croissant Francês,13.0,Balcão,Pix,30.0
2026-02-21,Saturday,1,11,17,Ocasional,Cold Brew Especial,17.0,Sanduíche Caprese,19.0,Delivery,Pix,36.0
2026-02-21,Saturday,1,7,25,Fim de Semana,Latte Baunilha,16.0,Torta de Limão Siciliano,16.0,Delivery,Pix,32.0
2026-02-21,Saturday,1,8,242,Fim de Semana,Espresso Premium,9.5,Cookie Artesanal,9.0,Delivery,Crédito,18.5
2026-02-21,Saturday,1,10,197,Ocasional,Espresso Premium,9.5,Sanduíche Caprese,19.0,Balcão,Débito,28.5
2026-02-21,Saturday,1,12,300,Trabalhador,Cappuccino Italiano,14.0,Cookie Artesanal,9.0,Balcão,Pix,23.0
2026-02-21,Saturday,1,16,270,Fim de Semana,Chá Orgânico,12.0,Cookie Artesanal,9.0,Delivery,Pix,21.0
2026-02-21,Saturday,1,15,100,Ocasional,Chá Orgânico,12.0,Cookie Artesanal,9.0,Balcão,Crédito,21.0
2026-02-21,Saturday,1,15,28,Trabalhador,Chá Orgânico,12.0,Croissant Francês,13.0,Delivery,Crédito,25.0
2026-02-21,Saturday,1,16,273,Ocasional,Cappuccino Italiano,14.0,Croissant Francês,13.0,Balcão,Crédito,27.0
2026-02-21,Saturday,1,8,156,Trabalhador,Cappuccino Italiano,14.0,Torta de Limão Siciliano,16.0,Delivery,Débito,30.0
2026-02-21,Saturday,1,10,121,Ocasional,Mocha Belga,18.0,Cookie Artesanal,9.0,Balcão,Débito,27.0
2026-02-21,Saturday,1,11,91,Trabalhador,Espresso Premium,9.5,Sanduíche Caprese,19.0,Balcão,Crédito,28.5
2026-02-21,Saturday,1,15,181,Fim de Semana,Latte Baunilha,16.0,Croissant Francês,13.0,Delivery,Débito,29.0
2026-02-21,Saturday,1,12,39,Trabalhador,Cappuccino Italiano,14.0,Torta de Limão Siciliano,16.0,Delivery,Débito,30.0
2026-02-21,Saturday,1,8,143,Fim de Semana,Cappuccino Italiano,14.0,Bolo Red Velvet,15.0,Delivery,Crédito,29.0
2026-02-21,Saturday,1,10,148,Trabalhador,Latte Baunilha,16.0,Sanduíche Caprese,19.0,Balcão,Pix,35.0
2026-02-21,Saturday,1,7,51,Ocasional,Espresso Premium,9.5,Quiche de Alho Poró,18.0,Balcão,Débito,27.5
2026-02-21,Saturday,1,13,15,Fim de Semana,Espresso Premium,9.5,Croissant Francês,13.0,Delivery,Pix,22.5
2026-02-21,Saturday,1,19,291,Ocasional,Cold Brew Especial,17.0,Bolo Red Velvet,15.0,Delivery,Débito,32.0
2026-02-21,Saturday,1,8,109,Trabalhador,Cold Brew Especial,17.0,Cookie Artesanal,9.0,Delivery,Pix,26.0
2026-02-21,Saturday,1,19,77,Fim de Semana,Cappuccino Italiano,14.0,Sanduíche Caprese,19.0,Delivery,Pix,33.0
2026-02-21,Saturday,1,11,36,Fim de Semana,Mocha Belga,18.0,Torta de Limão Siciliano,16.0,Balcão,Débito,34.0
2026-02-21,Saturday,1,15,286,Ocasional,Latte Baunilha,16.0,Croissant Francês,13.0,Balcão,Crédito,29.0
2026-02-21,Saturday,1,18,62,Fim de Semana,Mocha Belga,18.0,Croissant Francês,13.0,Balcão,Débito,31.0
2026-02-21,Saturday,1,14,20,Ocasional,Cold Brew Especial,17.0,Torta de Limão Siciliano,16.0,Balcão,Pix,33.0
2026-02-21,Saturday,1,16,215,Trabalhador,Cold Brew Especial,17.0,Quiche de Alho Poró,18.0,Delivery,Pix,35.0
2026-02-21,Saturday,1,13,187,Trabalhador,Chá Orgânico,12.0,Bolo Red Velvet,15.0,Delivery,Pix,27.0
2026-02-21,Saturday,1,11,85,Ocasional,Cold Brew Especial,17.0,Cookie Artesanal,9.0,Delivery,Pix,26.0
2026-02-21,Saturday,1,15,85,Ocasional,Chá Orgânico,12.0,Bolo Red Velvet,15.0,Delivery,Débito,27.0
2026-02-21,Saturday,1,10,22,Fim de Semana,Mocha Belga,18.0,Croissant Francês,13.0,Balcão,Crédito,31.0
2026-02-21,Saturday,1,14,167,Trabalhador,Mocha Belga,18.0,Torta de Limão Siciliano,16.0,Delivery,Pix,34.0
2026-02-21,Saturday,1,15,151,Trabalhador,Chá Orgânico,12.0,Torta de Limão Siciliano,16.0,Balcão,Crédito,28.0
2026-02-21,Saturday,1,17,244,Fim de Semana,Mocha Belga,18.0,Torta de Limão Siciliano,16.0,Balcão,Pix,34.0
2026-02-21,Saturday,1,15,300,Trabalhador,Cold Brew Especial,17.0,Croissant Francês,13.0,Balcão,Pix,30.0
2026-02-21,Saturday,1,7,207,Ocasional,Espresso Premium,9.5,Quiche de Alho Poró,18.0,Balcão,Pix,27.5
2026-02-21,Saturday,1,8,170,Ocasional,Chá Orgânico,12.0,Cookie Artesanal,9.0,Delivery,Crédito,21.0
2026-02-21,Saturday,1,9,266,Fim de Semana,Espresso Premium,9.5,Sanduíche Caprese,19.0,Delivery,Pix,28.5
2026-02-21,Saturday,1,17,76,Trabalhador,Chá Orgânico,12.0,Sanduíche Caprese,19.0,Delivery,Pix,31.0
2026-02-21,Saturday,1,16,82,Trabalhador,Cappuccino Italiano,14.0,Torta de Limão Siciliano,16.0,Balcão,Crédito,30.0
2026-02-21,Saturday,1,13,92,Ocasional,Cold Brew Especial,17.0,Torta de Limão Siciliano,16.0,Delivery,Débito,33.0
2026-02-21,Saturday,1,16,127,Ocasional,Cappuccino Italiano,14.0,Torta de Limão Siciliano,16.0,Delivery,Débito,30.0
2026-02-21,Saturday,1,16,276,Ocasional,Cold Brew Especial,17.0,Bolo Red Velvet,15.0,Balcão,Crédito,32.0
2026-02-21,Saturday,1,13,129,Trabalhador,Chá Orgânico,12.0,Bolo Red Velvet,15.0,Delivery,Crédito,27.0
2026-02-21,Saturday,1,14,188,Trabalhador,Mocha Belga,18.0,Torta de Limão Siciliano,16.0,Delivery,Pix,34.0
2026-02-21,Saturday,1,8,201,Fim de Semana,Chá Orgânico,12.0,Bolo Red Velvet,15.0,Balcão,Débito,27.0
2026-02-21,Saturday,1,8,222,Trabalhador,Mocha Belga,18.0,Quiche de Alho Poró,18.0,Delivery,Crédito,36.0
2026-02-21,Saturday,1,9,32,Fim de Semana,Cold Brew Especial,17.0,Cookie Artesanal,9.0,Balcão,Débito,26.0
2026-02-21,Saturday,1,20,69,Ocasional,Espresso Premium,9.5,Cookie Artesanal,9.0,Delivery,Débito,18.5
2026-02-21,Saturday,1,7,148,Trabalhador,Mocha Belga,18.0,Sanduíche Caprese,19.0,Delivery,Débito,37.0
2026-02-21,Saturday,1,14,193,Fim de Semana,Chá Orgânico,12.0,Bolo Red Velvet,15.0,Balcão,Crédito,27.0
2026-02-21,Saturday,1,13,123,Ocasional,Cappuccino Italiano,14.0,Sanduíche Caprese,19.0,Delivery,Débito,33.0
2026-02-21,Saturday,1,17,114,Fim de Semana,Cappuccino Italiano,14.0,Bolo Red Velvet,15.0,Delivery,Débito,29.0
2026-02-22,Sunday,1,17,192,Ocasional,Mocha Belga,18.0,Quiche de Alho Poró,18.0,Balcão,Débito,36.0
2026-02-22,Sunday,1,15,277,Fim de Semana,Chá Orgânico,12.0,Quiche de Alho Poró,18.0,Balcão,Crédito,30.0
2026-02-22,Sunday,1,19,295,Ocasional,Cappuccino Italiano,14.0,Sanduíche Caprese,19.0,Delivery,Pix,33.0
2026-02-22,Sunday,1,12,224,Ocasional,Cappuccino Italiano,14.0,Croissant Francês,13.0,Delivery,Pix,27.0
2026-02-22,Sunday,1,12,199,Fim de Semana,Cappuccino Italiano,14.0,Torta de Limão Siciliano,16.0,Delivery,Débito,30.0
2026-02-22,Sunday,1,8,279,Trabalhador,Cappuccino Italiano,14.0,Sanduíche Caprese,19.0,Balcão,Débito,33.0
2026-02-22,Sunday,1,18,189,Ocasional,Espresso Premium,9.5,Bolo Red Velvet,15.0,Delivery,Pix,24.5
2026-02-22,Sunday,1,7,56,Ocasional,Latte Baunilha,16.0,Torta de Limão Siciliano,16.0,Delivery,Crédito,32.0
2026-02-22,Sunday,1,17,207,Trabalhador,Cappuccino Italiano,14.0,Torta de Limão Siciliano,16.0,Delivery,Débito,30.0
2026-02-22,Sunday,1,19,247,Fim de Semana,Espresso Premium,9.5,Sanduíche Caprese,19.0,Balcão,Pix,28.5
2026-02-22,Sunday,1,13,136,Trabalhador,Cold Brew Especial,17.0,Croissant Francês,13.0,Delivery,Pix,30.0
2026-02-22,Sunday,1,9,72,Fim de Semana,Espresso Premium,9.5,Cookie Artesanal,9.0,Delivery,Débito,18.5
2026-02-22,Sunday,1,13,160,Trabalhador,Mocha Belga,18.0,Quiche de Alho Poró,18.0,Balcão,Débito,36.0
2026-02-22,Sunday,1,15,31,Trabalhador,Latte Baunilha,16.0,Torta de Limão Siciliano,16.0,Balcão,Pix,32.0
2026-02-22,Sunday,1,8,85,Fim de Semana,Cold Brew Especial,17.0,Sanduíche Caprese,19.0,Delivery,Pix,36.0
2026-02-22,Sunday,1,19,111,Trabalhador,Cappuccino Italiano,14.0,Bolo Red Velvet,15.0,Balcão,Pix,29.0
2026-02-22,Sunday,1,12,264,Fim de Semana,Cold Brew Especial,17.0,Torta de Limão Siciliano,16.0,Balcão,Pix,33.0
2026-02-22,Sunday,1,13,287,Ocasional,Cold Brew Especial,17.0,Bolo Red Velvet,15.0,Delivery,Pix,32.0
2026-02-22,Sunday,1,8,169,Ocasional,Chá Orgânico,12.0,Sanduíche Caprese,19.0,Delivery,Pix,31.0
2026-02-22,Sunday,1,20,259,Ocasional,Cappuccino Italiano,14.0,Torta de Limão Siciliano,16.0,Delivery,Pix,30.0
2026-02-22,Sunday,1,20,73,Ocasional,Mocha Belga,18.0,Torta de Limão Siciliano,16.0,Delivery,Pix,34.0
2026-02-22,Sunday,1,9,239,Ocasional,Mocha Belga,18.0,Sanduíche Caprese,19.0,Balcão,Débito,37.0
2026-02-22,Sunday,1,14,200,Fim de Semana,Mocha Belga,18.0,Croissant Francês,13.0,Delivery,Pix,31.0
2026-02-22,Sunday,1,13,23,Trabalhador,Chá Orgânico,12.0,Bolo Red Velvet,15.0,Delivery,Crédito,27.0
2026-02-22,Sunday,1,18,281,Ocasional,Latte Baunilha,16.0,Bolo Red Velvet,15.0,Balcão,Pix,31.0
2026-02-22,Sunday,1,17,292,Fim de Semana,Cold Brew Especial,17.0,Cookie Artesanal,9.0,Balcão,Débito,26.0
2026-02-22,Sunday,1,9,238,Ocasional,Cold Brew Especial,17.0,Cookie Artesanal,9.0,Delivery,Débito,26.0
2026-02-22,Sunday,1,12,165,Trabalhador,Espresso Premium,9.5,Croissant Francês,13.0,Delivery,Crédito,22.5
2026-02-22,Sunday,1,18,52,Trabalhador,Cold Brew Especial,17.0,Cookie Artesanal,9.0,Balcão,Crédito,26.0
2026-02-22,Sunday,1,9,269,Fim de Semana,Chá Orgânico,12.0,Torta de Limão Siciliano,16.0,Delivery,Pix,28.0
2026-02-22,Sunday,1,11,271,Fim de Semana,Cold Brew Especial,17.0,Cookie Artesanal,9.0,Balcão,Crédito,26.0
2026-02-22,Sunday,1,20,15,Trabalhador,Cold Brew Especial,17.0,Torta de Limão Siciliano,16.0,Balcão,Pix,33.0
2026-02-22,Sunday,1,14,277,Ocasional,Cappuccino Italiano,14.0,Sanduíche Caprese,19.0,Delivery,Pix,33.0
2026-02-22,Sunday,1,15,155,Trabalhador,Cappuccino Italiano,14.0,Quiche de Alho Poró,18.0,Delivery,Pix,32.0
2026-02-22,Sunday,1,18,12,Fim de Semana,Espresso Premium,9.5,Torta de Limão Siciliano,16.0,Balcão,Pix,25.5
2026-02-22,Sunday,1,20,213,Ocasional,Cappuccino Italiano,14.0,Cookie Artesanal,9.0,Delivery,Débito,23.0
2026-02-22,Sunday,1,13,260,Fim de Semana,Cold Brew Especial,17.0,Croissant Francês,13.0,Balcão,Crédito,30.0
2026-02-22,Sunday,1,12,145,Ocasional,Latte Baunilha,16.0,Croissant Francês,13.0,Balcão,Crédito,29.0
2026-02-22,Sunday,1,8,300,Fim de Semana,Cold Brew Especial,17.0,Quiche de Alho Poró,18.0,Balcão,Pix,35.0
2026-02-22,Sunday,1,16,87,Ocasional,Mocha Belga,18.0,Bolo Red Velvet,15.0,Balcão,Pix,33.0
2026-02-22,Sunday,1,8,181,Fim de Semana,Mocha Belga,18.0,Torta de Limão Siciliano,16.0,Delivery,Pix,34.0
2026-02-22,Sunday,1,18,215,Ocasional,Mocha Belga,18.0,Cookie Artesanal,9.0,Delivery,Pix,27.0
2026-02-22,Sunday,1,7,226,Fim de Semana,Cappuccino Italiano,14.0,Croissant Francês,13.0,Balcão,Pix,27.0
2026-02-22,Sunday,1,8,244,Fim de Semana,Cappuccino Italiano,14.0,Bolo Red Velvet,15.0,Delivery,Débito,29.0
2026-02-22,Sunday,1,12,97,Trabalhador,Cappuccino Italiano,14.0,Cookie Artesanal,9.0,Balcão,Débito,23.0
2026-02-22,Sunday,1,10,246,Ocasional,Latte Baunilha,16.0,Croissant Francês,13.0,Balcão,Débito,29.0
2026-02-22,Sunday,1,10,67,Fim de Semana,Mocha Belga,18.0,Cookie Artesanal,9.0,Delivery,Pix,27.0
2026-02-22,Sunday,1,15,124,Trabalhador,Cappuccino Italiano,14.0,Quiche de Alho Poró,18.0,Balcão,Crédito,32.0
2026-02-22,Sunday,1,9,286,Trabalhador,Chá Orgânico,12.0,Torta de Limão Siciliano,16.0,Delivery,Débito,28.0
2026-02-22,Sunday,1,7,240,Fim de Semana,Cold Brew Especial,17.0,Bolo Red Velvet,15.0,Delivery,Crédito,32.0
2026-02-22,Sunday,1,8,203,Trabalhador,Latte Baunilha,16.0,Bolo Red Velvet,15.0,Delivery,Pix,31.0
2026-02-22,Sunday,1,11,285,Ocasional,Cappuccino Italiano,14.0,Torta de Limão Siciliano,16.0,Delivery,Pix,30.0
2026-02-22,Sunday,1,8,282,Fim de Semana,Mocha Belga,18.0,Torta de Limão Siciliano,16.0,Delivery,Crédito,34.0
2026-02-22,Sunday,1,15,267,Trabalhador,Mocha Belga,18.0,Bolo Red Velvet,15.0,Balcão,Pix,33.0
2026-02-22,Sunday,1,10,242,Trabalhador,Chá Orgânico,12.0,Quiche de Alho Poró,18.0,Delivery,Crédito,30.0
2026-02-22,Sunday,1,14,284,Fim de Semana,Latte Baunilha,16.0,Torta de Limão Siciliano,16.0,Delivery,Pix,32.0
2026-02-22,Sunday,1,10,88,Fim de Semana,Espresso Premium,9.5,Torta de Limão Siciliano,16.0,Delivery,Débito,25.5
2026-02-22,Sunday,1,11,296,Trabalhador,Cold Brew Especial,17.0,Quiche de Alho Poró,18.0,Balcão,Crédito,35.0
2026-02-22,Sunday,1,19,6,Fim de Semana,Mocha Belga,18.0,Quiche de Alho Poró,18.0,Delivery,Pix,36.0
2026-02-22,Sunday,1,17,215,Fim de Semana,Chá Orgânico,12.0,Croissant Francês,13.0,Delivery,Crédito,25.0
2026-02-22,Sunday,1,20,78,Trabalhador,Mocha Belga,18.0,Sanduíche Caprese,19.0,Delivery,Pix,37.0
2026-02-22,Sunday,1,9,245,Trabalhador,Mocha Belga,18.0,Torta de Limão Siciliano,16.0,Balcão,Débito,34.0
2026-02-22,Sunday,1,20,233,Fim de Semana,Espresso Premium,9.5,Bolo Red Velvet,15.0,Delivery,Crédito,24.5
2026-02-22,Sunday,1,8,35,Ocasional,Cappuccino Italiano,14.0,Torta de Limão Siciliano,16.0,Balcão,Débito,30.0
2026-02-22,Sunday,1,10,108,Fim de Semana,Cappuccino Italiano,14.0,Torta de Limão Siciliano,16.0,Balcão,Débito,30.0
2026-02-22,Sunday,1,7,66,Fim de Semana,Mocha Belga,18.0,Bolo Red Velvet,15.0,Delivery,Pix,33.0
2026-02-22,Sunday,1,9,18,Ocasional,Espresso Premium,9.5,Torta de Limão Siciliano,16.0,Delivery,Pix,25.5
2026-02-22,Sunday,1,19,102,Ocasional,Chá Orgânico,12.0,Sanduíche Caprese,19.0,Balcão,Crédito,31.0
2026-02-22,Sunday,1,9,147,Fim de Semana,Latte Baunilha,16.0,Croissant Francês,13.0,Balcão,Crédito,29.0
2026-02-22,Sunday,1,8,190,Fim de Semana,Mocha Belga,18.0,Quiche de Alho Poró,18.0,Delivery,Crédito,36.0
2026-02-22,Sunday,1,7,156,Fim de Semana,Chá Orgânico,12.0,Torta de Limão Siciliano,16.0,Balcão,Débito,28.0
2026-02-22,Sunday,1,10,165,Fim de Semana,Chá Orgânico,12.0,Bolo Red Velvet,15.0,Delivery,Crédito,27.0
2026-02-23,Monday,0,18,276,Trabalhador,Cold Brew Especial,17.0,Torta de Limão Siciliano,16.0,Balcão,Débito,33.0
2026-02-23,Monday,0,20,258,Trabalhador,Cappuccino Italiano,14.0,Bolo Red Velvet,15.0,Delivery,Crédito,29.0
2026-02-23,Monday,0,15,129,Trabalhador,Cappuccino Italiano,14.0,Cookie Artesanal,9.0,Balcão,Crédito,23.0
2026-02-23,Monday,0,7,272,Fim de Semana,Cold Brew Especial,17.0,Croissant Francês,13.0,Delivery,Pix,30.0
2026-02-23,Monday,0,19,294,Ocasional,Chá Orgânico,12.0,Quiche de Alho Poró,18.0,Delivery,Pix,30.0
2026-02-23,Monday,0,19,28,Trabalhador,Cappuccino Italiano,14.0,Cookie Artesanal,9.0,Balcão,Crédito,23.0
2026-02-23,Monday,0,14,224,Trabalhador,Cappuccino Italiano,14.0,Croissant Francês,13.0,Delivery,Pix,27.0
2026-02-23,Monday,0,16,133,Trabalhador,Chá Orgânico,12.0,Torta de Limão Siciliano,16.0,Delivery,Pix,28.0
2026-02-23,Monday,0,7,52,Fim de Semana,Cold Brew Especial,17.0,Torta de Limão Siciliano,16.0,Balcão,Débito,33.0
2026-02-23,Monday,0,16,130,Ocasional,Espresso Premium,9.5,Bolo Red Velvet,15.0,Balcão,Pix,24.5
2026-02-23,Monday,0,13,121,Ocasional,Latte Baunilha,16.0,Cookie Artesanal,9.0,Balcão,Débito,25.0
2026-02-23,Monday,0,9,48,Fim de Semana,Cold Brew Especial,17.0,Sanduíche Caprese,19.0,Balcão,Crédito,36.0
2026-02-23,Monday,0,7,25,Trabalhador,Latte Baunilha,16.0,Croissant Francês,13.0,Delivery,Pix,29.0
2026-02-23,Monday,0,19,246,Ocasional,Cold Brew Especial,17.0,Torta de Limão Siciliano,16.0,Delivery,Crédito,33.0
2026-02-23,Monday,0,10,246,Trabalhador,Latte Baunilha,16.0,Cookie Artesanal,9.0,Delivery,Pix,25.0
2026-02-23,Monday,0,17,176,Ocasional,Cold Brew Especial,17.0,Torta de Limão Siciliano,16.0,Balcão,Crédito,33.0
2026-02-23,Monday,0,17,205,Ocasional,Espresso Premium,9.5,Bolo Red Velvet,15.0,Delivery,Débito,24.5
2026-02-23,Monday,0,7,247,Ocasional,Cappuccino Italiano,14.0,Quiche de Alho Poró,18.0,Balcão,Pix,32.0
2026-02-23,Monday,0,17,257,Fim de Semana,Latte Baunilha,16.0,Croissant Francês,13.0,Delivery,Pix,29.0
2026-02-23,Monday,0,9,261,Ocasional,Espresso Premium,9.5,Cookie Artesanal,9.0,Delivery,Crédito,18.5
2026-02-23,Monday,0,18,278,Trabalhador,Mocha Belga,18.0,Croissant Francês,13.0,Delivery,Crédito,31.0
2026-02-23,Monday,0,19,107,Trabalhador,Latte Baunilha,16.0,Torta de Limão Siciliano,16.0,Balcão,Crédito,32.0
2026-02-23,Monday,0,9,290,Trabalhador,Mocha Belga,18.0,Quiche de Alho Poró,18.0,Balcão,Pix,36.0
2026-02-23,Monday,0,11,124,Ocasional,Cappuccino Italiano,14.0,Quiche de Alho Poró,18.0,Delivery,Débito,32.0
2026-02-23,Monday,0,15,205,Trabalhador,Cappuccino Italiano,14.0,Sanduíche Caprese,19.0,Balcão,Pix,33.0
2026-02-23,Monday,0,19,147,Fim de Semana,Cappuccino Italiano,14.0,Cookie Artesanal,9.0,Balcão,Débito,23.0
2026-02-23,Monday,0,20,255,Ocasional,Chá Orgânico,12.0,Quiche de Alho Poró,18.0,Delivery,Crédito,30.0
2026-02-23,Monday,0,10,274,Trabalhador,Latte Baunilha,16.0,Croissant Francês,13.0,Delivery,Crédito,29.0
2026-02-23,Monday,0,16,128,Ocasional,Mocha Belga,18.0,Bolo Red Velvet,15.0,Delivery,Pix,33.0
2026-02-23,Monday,0,16,128,Fim de Semana,Mocha Belga,18.0,Sanduíche Caprese,19.0,Delivery,Pix,37.0
2026-02-23,Monday,0,8,79,Ocasional,Cold Brew Especial,17.0,Bolo Red Velvet,15.0,Delivery,Pix,32.0
2026-02-23,Monday,0,17,253,Ocasional,Mocha Belga,18.0,Bolo Red Velvet,15.0,Balcão,Débito,33.0
2026-02-23,Monday,0,16,97,Ocasional,Latte Baunilha,16.0,Sanduíche Caprese,19.0,Balcão,Débito,35.0
2026-02-23,Monday,0,17,92,Ocasional,Espresso Premium,9.5,Bolo Red Velvet,15.0,Balcão,Pix,24.5
2026-02-23,Monday,0,11,38,Trabalhador,Mocha Belga,18.0,Torta de Limão Siciliano,16.0,Delivery,Débito,34.0
2026-02-23,Monday,0,12,263,Fim de Semana,Latte Baunilha,16.0,Torta de Limão Siciliano,16.0,Delivery,Débito,32.0
2026-02-23,Monday,0,18,236,Ocasional,Cappuccino Italiano,14.0,Croissant Francês,13.0,Delivery,Pix,27.0
2026-02-23,Monday,0,18,105,Ocasional,Cappuccino Italiano,14.0,Sanduíche Caprese,19.0,Delivery,Pix,33.0
2026-02-23,Monday,0,15,28,Trabalhador,Latte Baunilha,16.0,Quiche de Alho Poró,18.0,Delivery,Pix,34.0
2026-02-23,Monday,0,14,132,Fim de Semana,Latte Baunilha,16.0,Sanduíche Caprese,19.0,Balcão,Débito,35.0
2026-02-23,Monday,0,19,161,Trabalhador,Chá Orgânico,12.0,Quiche de Alho Poró,18.0,Balcão,Crédito,30.0
2026-02-23,Monday,0,16,19,Fim de Semana,Cold Brew Especial,17.0,Quiche de Alho Poró,18.0,Balcão,Crédito,35.0
2026-02-23,Monday,0,18,231,Trabalhador,Latte Baunilha,16.0,Cookie Artesanal,9.0,Delivery,Pix,25.0
2026-02-23,Monday,0,15,87,Ocasional,Cappuccino Italiano,14.0,Croissant Francês,13.0,Balcão,Pix,27.0
2026-02-23,Monday,0,9,274,Fim de Semana,Latte Baunilha,16.0,Croissant Francês,13.0,Balcão,Pix,29.0
2026-02-23,Monday,0,17,210,Trabalhador,Latte Baunilha,16.0,Quiche de Alho Poró,18.0,Delivery,Crédito,34.0
2026-02-23,Monday,0,10,94,Ocasional,Espresso Premium,9.5,Bolo Red Velvet,15.0,Delivery,Pix,24.5
2026-02-23,Monday,0,16,230,Trabalhador,Cappuccino Italiano,14.0,Sanduíche Caprese,19.0,Balcão,Débito,33.0
2026-02-23,Monday,0,20,206,Ocasional,Mocha Belga,18.0,Torta de Limão Siciliano,16.0,Balcão,Débito,34.0
2026-02-23,Monday,0,15,140,Fim de Semana,Cold Brew Especial,17.0,Sanduíche Caprese,19.0,Balcão,Débito,36.0
2026-02-23,Monday,0,11,93,Fim de Semana,Latte Baunilha,16.0,Sanduíche Caprese,19.0,Delivery,Pix,35.0
2026-02-23,Monday,0,19,215,Fim de Semana,Espresso Premium,9.5,Sanduíche Caprese,19.0,Delivery,Pix,28.5
2026-02-23,Monday,0,18,185,Ocasional,Chá Orgânico,12.0,Bolo Red Velvet,15.0,Delivery,Débito,27.0
2026-02-23,Monday,0,18,147,Trabalhador,Cold Brew Especial,17.0,Croissant Francês,13.0,Delivery,Crédito,30.0
2026-02-23,Monday,0,9,121,Fim de Semana,Cold Brew Especial,17.0,Cookie Artesanal,9.0,Delivery,Débito,26.0
2026-02-23,Monday,0,11,58,Trabalhador,Cold Brew Especial,17.0,Quiche de Alho Poró,18.0,Balcão,Crédito,35.0
2026-02-23,Monday,0,12,168,Fim de Semana,Cold Brew Especial,17.0,Bolo Red Velvet,15.0,Balcão,Crédito,32.0
2026-02-23,Monday,0,15,14,Trabalhador,Chá Orgânico,12.0,Torta de Limão Siciliano,16.0,Delivery,Débito,28.0
2026-02-23,Monday,0,19,243,Trabalhador,Cappuccino Italiano,14.0,Sanduíche Caprese,19.0,Delivery,Débito,33.0
2026-02-23,Monday,0,18,161,Trabalhador,Mocha Belga,18.0,Quiche de Alho Poró,18.0,Delivery,Débito,36.0
2026-02-23,Monday,0,18,2,Ocasional,Latte Baunilha,16.0,Croissant Francês,13.0,Balcão,Crédito,29.0
2026-02-23,Monday,0,19,36,Ocasional,Latte Baunilha,16.0,Quiche de Alho Poró,18.0,Delivery,Pix,34.0
2026-02-23,Monday,0,15,156,Ocasional,Espresso Premium,9.5,Torta de Limão Siciliano,16.0,Balcão,Pix,25.5
2026-02-23,Monday,0,17,98,Trabalhador,Cappuccino Italiano,14.0,Cookie Artesanal,9.0,Balcão,Pix,23.0
2026-02-23,Monday,0,16,92,Trabalhador,Espresso Premium,9.5,Croissant Francês,13.0,Balcão,Débito,22.5
2026-02-23,Monday,0,14,290,Fim de Semana,Mocha Belga,18.0,Cookie Artesanal,9.0,Balcão,Débito,27.0
2026-02-23,Monday,0,15,166,Ocasional,Cappuccino Italiano,14.0,Croissant Francês,13.0,Balcão,Pix,27.0
2026-02-23,Monday,0,20,242,Trabalhador,Cappuccino Italiano,14.0,Quiche de Alho Poró,18.0,Balcão,Débito,32.0
2026-02-23,Monday,0,13,191,Trabalhador,Cappuccino Italiano,14.0,Bolo Red Velvet,15.0,Delivery,Pix,29.0
2026-02-23,Monday,0,12,75,Fim de Semana,Mocha Belga,18.0,Bolo Red Velvet,15.0,Balcão,Crédito,33.0
2026-02-23,Monday,0,8,47,Trabalhador,Chá Orgânico,12.0,Bolo Red Velvet,15.0,Delivery,Crédito,27.0
2026-02-23,Monday,0,12,273,Trabalhador,Cappuccino Italiano,14.0,Cookie Artesanal,9.0,Balcão,Crédito,23.0
2026-02-23,Monday,0,19,60,Trabalhador,Cappuccino Italiano,14.0,Bolo Red Velvet,15.0,Delivery,Débito,29.0
2026-02-23,Monday,0,11,155,Trabalhador,Chá Orgânico,12.0,Bolo Red Velvet,15.0,Balcão,Pix,27.0
2026-02-23,Monday,0,8,226,Ocasional,Chá Orgânico,12.0,Cookie Artesanal,9.0,Balcão,Crédito,21.0
2026-02-24,Tuesday,0,16,125,Fim de Semana,Espresso Premium,9.5,Quiche de Alho Poró,18.0,Delivery,Débito,27.5
2026-02-24,Tuesday,0,19,177,Ocasional,Latte Baunilha,16.0,Sanduíche Caprese,19.0,Delivery,Pix,35.0
2026-02-24,Tuesday,0,15,130,Fim de Semana,Espresso Premium,9.5,Cookie Artesanal,9.0,Balcão,Débito,18.5
2026-02-24,Tuesday,0,7,93,Ocasional,Cappuccino Italiano,14.0,Croissant Francês,13.0,Delivery,Débito,27.0
2026-02-24,Tuesday,0,7,91,Trabalhador,Espresso Premium,9.5,Torta de Limão Siciliano,16.0,Balcão,Débito,25.5
2026-02-24,Tuesday,0,7,265,Ocasional,Cold Brew Especial,17.0,Bolo Red Velvet,15.0,Delivery,Pix,32.0
2026-02-24,Tuesday,0,14,211,Ocasional,Cappuccino Italiano,14.0,Croissant Francês,13.0,Balcão,Pix,27.0
2026-02-24,Tuesday,0,11,23,Ocasional,Espresso Premium,9.5,Cookie Artesanal,9.0,Balcão,Pix,18.5
2026-02-24,Tuesday,0,20,156,Ocasional,Chá Orgânico,12.0,Bolo Red Velvet,15.0,Delivery,Crédito,27.0
2026-02-24,Tuesday,0,16,271,Ocasional,Cappuccino Italiano,14.0,Bolo Red Velvet,15.0,Balcão,Crédito,29.0
2026-02-24,Tuesday,0,13,114,Ocasional,Latte Baunilha,16.0,Bolo Red Velvet,15.0,Delivery,Débito,31.0
2026-02-24,Tuesday,0,16,166,Fim de Semana,Latte Baunilha,16.0,Quiche de Alho Poró,18.0,Balcão,Débito,34.0
2026-02-24,Tuesday,0,11,271,Fim de Semana,Cold Brew Especial,17.0,Torta de Limão Siciliano,16.0,Delivery,Pix,33.0
2026-02-24,Tuesday,0,20,228,Fim de Semana,Chá Orgânico,12.0,Bolo Red Velvet,15.0,Delivery,Crédito,27.0
2026-02-24,Tuesday,0,14,137,Trabalhador,Mocha Belga,18.0,Croissant Francês,13.0,Delivery,Débito,31.0
2026-02-24,Tuesday,0,11,215,Fim de Semana,Mocha Belga,18.0,Bolo Red Velvet,15.0,Balcão,Pix,33.0
2026-02-24,Tuesday,0,7,82,Trabalhador,Latte Baunilha,16.0,Torta de Limão Siciliano,16.0,Balcão,Débito,32.0
2026-02-24,Tuesday,0,8,9,Fim de Semana,Mocha Belga,18.0,Torta de Limão Siciliano,16.0,Balcão,Pix,34.0
2026-02-24,Tuesday,0,8,176,Trabalhador,Mocha Belga,18.0,Torta de Limão Siciliano,16.0,Delivery,Débito,34.0
2026-02-24,Tuesday,0,13,259,Ocasional,Cappuccino Italiano,14.0,Torta de Limão Siciliano,16.0,Balcão,Crédito,30.0
2026-02-24,Tuesday,0,8,199,Fim de Semana,Mocha Belga,18.0,Cookie Artesanal,9.0,Balcão,Débito,27.0
2026-02-24,Tuesday,0,12,183,Trabalhador,Mocha Belga,18.0,Quiche de Alho Poró,18.0,Balcão,Crédito,36.0
2026-02-24,Tuesday,0,7,157,Ocasional,Cold Brew Especial,17.0,Bolo Red Velvet,15.0,Delivery,Débito,32.0
2026-02-24,Tuesday,0,9,131,Ocasional,Latte Baunilha,16.0,Torta de Limão Siciliano,16.0,Balcão,Débito,32.0
2026-02-24,Tuesday,0,12,173,Ocasional,Latte Baunilha,16.0,Cookie Artesanal,9.0,Balcão,Pix,25.0
2026-02-24,Tuesday,0,11,78,Trabalhador,Chá Orgânico,12.0,Bolo Red Velvet,15.0,Balcão,Pix,27.0
2026-02-24,Tuesday,0,11,157,Fim de Semana,Latte Baunilha,16.0,Quiche de Alho Poró,18.0,Balcão,Pix,34.0
2026-02-24,Tuesday,0,7,104,Ocasional,Chá Orgânico,12.0,Torta de Limão Siciliano,16.0,Delivery,Pix,28.0
2026-02-24,Tuesday,0,20,53,Trabalhador,Cold Brew Especial,17.0,Bolo Red Velvet,15.0,Delivery,Crédito,32.0
2026-02-24,Tuesday,0,11,150,Fim de Semana,Chá Orgânico,12.0,Croissant Francês,13.0,Delivery,Pix,25.0
2026-02-24,Tuesday,0,10,104,Trabalhador,Espresso Premium,9.5,Bolo Red Velvet,15.0,Balcão,Pix,24.5
2026-02-24,Tuesday,0,17,206,Fim de Semana,Chá Orgânico,12.0,Bolo Red Velvet,15.0,Delivery,Crédito,27.0
2026-02-24,Tuesday,0,8,284,Ocasional,Espresso Premium,9.5,Cookie Artesanal,9.0,Balcão,Débito,18.5
2026-02-24,Tuesday,0,15,171,Ocasional,Cappuccino Italiano,14.0,Quiche de Alho Poró,18.0,Balcão,Débito,32.0
2026-02-24,Tuesday,0,10,146,Ocasional,Latte Baunilha,16.0,Croissant Francês,13.0,Balcão,Débito,29.0
2026-02-24,Tuesday,0,20,63,Ocasional,Latte Baunilha,16.0,Sanduíche Caprese,19.0,Delivery,Débito,35.0
2026-02-24,Tuesday,0,10,44,Trabalhador,Cappuccino Italiano,14.0,Sanduíche Caprese,19.0,Delivery,Pix,33.0
2026-02-24,Tuesday,0,14,140,Ocasional,Mocha Belga,18.0,Torta de Limão Siciliano,16.0,Delivery,Crédito,34.0
2026-02-24,Tuesday,0,19,216,Trabalhador,Mocha Belga,18.0,Croissant Francês,13.0,Balcão,Débito,31.0
2026-02-24,Tuesday,0,8,264,Trabalhador,Espresso Premium,9.5,Sanduíche Caprese,19.0,Delivery,Débito,28.5
2026-02-24,Tuesday,0,17,186,Fim de Semana,Espresso Premium,9.5,Cookie Artesanal,9.0,Balcão,Pix,18.5
2026-02-24,Tuesday,0,18,153,Trabalhador,Chá Orgânico,12.0,Sanduíche Caprese,19.0,Delivery,Débito,31.0
2026-02-24,Tuesday,0,14,178,Trabalhador,Cappuccino Italiano,14.0,Sanduíche Caprese,19.0,Delivery,Crédito,33.0
2026-02-24,Tuesday,0,9,74,Ocasional,Cold Brew Especial,17.0,Torta de Limão Siciliano,16.0,Delivery,Débito,33.0
2026-02-24,Tuesday,0,18,217,Trabalhador,Espresso Premium,9.5,Torta de Limão Siciliano,16.0,Delivery,Pix,25.5
2026-02-24,Tuesday,0,19,183,Fim de Semana,Espresso Premium,9.5,Sanduíche Caprese,19.0,Delivery,Pix,28.5
2026-02-24,Tuesday,0,9,182,Ocasional,Cold Brew Especial,17.0,Sanduíche Caprese,19.0,Balcão,Pix,36.0
2026-02-24,Tuesday,0,20,104,Trabalhador,Espresso Premium,9.5,Bolo Red Velvet,15.0,Delivery,Pix,24.5
2026-02-24,Tuesday,0,14,146,Trabalhador,Chá Orgânico,12.0,Cookie Artesanal,9.0,Balcão,Crédito,21.0
2026-02-24,Tuesday,0,10,155,Fim de Semana,Mocha Belga,18.0,Quiche de Alho Poró,18.0,Delivery,Débito,36.0
2026-02-24,Tuesday,0,10,269,Fim de Semana,Chá Orgânico,12.0,Quiche de Alho Poró,18.0,Delivery,Débito,30.0
2026-02-24,Tuesday,0,16,232,Ocasional,Cold Brew Especial,17.0,Cookie Artesanal,9.0,Balcão,Pix,26.0
2026-02-24,Tuesday,0,8,158,Fim de Semana,Latte Baunilha,16.0,Croissant Francês,13.0,Balcão,Débito,29.0
2026-02-24,Tuesday,0,13,147,Fim de Semana,Cappuccino Italiano,14.0,Croissant Francês,13.0,Balcão,Débito,27.0
2026-02-24,Tuesday,0,15,106,Ocasional,Espresso Premium,9.5,Torta de Limão Siciliano,16.0,Delivery,Crédito,25.5
2026-02-24,Tuesday,0,15,66,Trabalhador,Mocha Belga,18.0,Sanduíche Caprese,19.0,Balcão,Débito,37.0
2026-02-24,Tuesday,0,15,173,Trabalhador,Chá Orgânico,12.0,Bolo Red Velvet,15.0,Delivery,Pix,27.0
2026-02-24,Tuesday,0,7,282,Fim de Semana,Latte Baunilha,16.0,Bolo Red Velvet,15.0,Balcão,Pix,31.0
2026-02-24,Tuesday,0,16,142,Trabalhador,Espresso Premium,9.5,Sanduíche Caprese,19.0,Balcão,Crédito,28.5
2026-02-24,Tuesday,0,14,151,Fim de Semana,Cappuccino Italiano,14.0,Torta de Limão Siciliano,16.0,Balcão,Crédito,30.0
2026-02-24,Tuesday,0,17,115,Fim de Semana,Latte Baunilha,16.0,Torta de Limão Siciliano,16.0,Delivery,Pix,32.0
2026-02-24,Tuesday,0,8,170,Fim de Semana,Cold Brew Especial,17.0,Cookie Artesanal,9.0,Delivery,Pix,26.0
2026-02-24,Tuesday,0,8,39,Fim de Semana,Latte Baunilha,16.0,Sanduíche Caprese,19.0,Delivery,Crédito,35.0
2026-02-24,Tuesday,0,13,265,Trabalhador,Espresso Premium,9.5,Torta de Limão Siciliano,16.0,Delivery,Crédito,25.5
2026-02-24,Tuesday,0,10,87,Ocasional,Espresso Premium,9.5,Cookie Artesanal,9.0,Delivery,Pix,18.5
2026-02-24,Tuesday,0,17,142,Ocasional,Chá Orgânico,12.0,Sanduíche Caprese,19.0,Delivery,Pix,31.0
2026-02-24,Tuesday,0,19,95,Fim de Semana,Cold Brew Especial,17.0,Sanduíche Caprese,19.0,Balcão,Débito,36.0
2026-02-24,Tuesday,0,20,12,Ocasional,Chá Orgânico,12.0,Quiche de Alho Poró,18.0,Delivery,Pix,30.0
2026-02-24,Tuesday,0,11,282,Trabalhador,Chá Orgânico,12.0,Cookie Artesanal,9.0,Delivery,Crédito,21.0
2026-02-24,Tuesday,0,9,179,Fim de Semana,Chá Orgânico,12.0,Quiche de Alho Poró,18.0,Delivery,Pix,30.0
2026-02-24,Tuesday,0,13,264,Ocasional,Cold Brew Especial,17.0,Sanduíche Caprese,19.0,Balcão,Débito,36.0
2026-02-24,Tuesday,0,17,246,Fim de Semana,Mocha Belga,18.0,Croissant Francês,13.0,Balcão,Crédito,31.0
2026-02-24,Tuesday,0,13,221,Trabalhador,Espresso Premium,9.5,Sanduíche Caprese,19.0,Delivery,Crédito,28.5
2026-02-24,Tuesday,0,8,148,Trabalhador,Chá Orgânico,12.0,Torta de Limão Siciliano,16.0,Delivery,Pix,28.0
2026-02-24,Tuesday,0,15,141,Ocasional,Mocha Belga,18.0,Quiche de Alho Poró,18.0,Balcão,Crédito,36.0
2026-02-24,Tuesday,0,15,207,Fim de Semana,Chá Orgânico,12.0,Cookie Artesanal,9.0,Balcão,Débito,21.0
2026-02-24,Tuesday,0,8,245,Ocasional,Cappuccino Italiano,14.0,Sanduíche Caprese,19.0,Balcão,Pix,33.0
2026-02-24,Tuesday,0,16,190,Ocasional,Espresso Premium,9.5,Torta de Limão Siciliano,16.0,Delivery,Crédito,25.5
2026-02-24,Tuesday,0,16,83,Trabalhador,Espresso Premium,9.5,Bolo Red Velvet,15.0,Balcão,Pix,24.5
2026-02-24,Tuesday,0,12,175,Trabalhador,Espresso Premium,9.5,Bolo Red Velvet,15.0,Balcão,Débito,24.5
2026-02-24,Tuesday,0,17,2,Ocasional,Cold Brew Especial,17.0,Quiche de Alho Poró,18.0,Balcão,Crédito,35.0
2026-02-24,Tuesday,0,10,297,Fim de Semana,Latte Baunilha,16.0,Sanduíche Caprese,19.0,Balcão,Crédito,35.0
2026-02-24,Tuesday,0,11,210,Trabalhador,Cold Brew Especial,17.0,Bolo Red Velvet,15.0,Balcão,Crédito,32.0
2026-02-24,Tuesday,0,7,108,Trabalhador,Espresso Premium,9.5,Bolo Red Velvet,15.0,Delivery,Débito,24.5
2026-02-25,Wednesday,0,19,247,Trabalhador,Chá Orgânico,12.0,Sanduíche Caprese,19.0,Balcão,Débito,31.0
2026-02-25,Wednesday,0,14,178,Fim de Semana,Latte Baunilha,16.0,Croissant Francês,13.0,Delivery,Pix,29.0
2026-02-25,Wednesday,0,17,19,Ocasional,Espresso Premium,9.5,Cookie Artesanal,9.0,Balcão,Crédito,18.5
2026-02-25,Wednesday,0,20,49,Fim de Semana,Latte Baunilha,16.0,Sanduíche Caprese,19.0,Delivery,Débito,35.0
2026-02-25,Wednesday,0,16,227,Fim de Semana,Cold Brew Especial,17.0,Torta de Limão Siciliano,16.0,Balcão,Pix,33.0
2026-02-25,Wednesday,0,15,61,Trabalhador,Mocha Belga,18.0,Cookie Artesanal,9.0,Delivery,Pix,27.0
2026-02-25,Wednesday,0,9,256,Trabalhador,Espresso Premium,9.5,Bolo Red Velvet,15.0,Delivery,Débito,24.5
2026-02-25,Wednesday,0,16,211,Trabalhador,Mocha Belga,18.0,Bolo Red Velvet,15.0,Balcão,Pix,33.0
2026-02-25,Wednesday,0,18,172,Trabalhador,Espresso Premium,9.5,Croissant Francês,13.0,Balcão,Crédito,22.5
2026-02-25,Wednesday,0,16,12,Trabalhador,Chá Orgânico,12.0,Croissant Francês,13.0,Balcão,Crédito,25.0
2026-02-25,Wednesday,0,12,227,Ocasional,Chá Orgânico,12.0,Quiche de Alho Poró,18.0,Balcão,Débito,30.0
2026-02-25,Wednesday,0,19,278,Ocasional,Cappuccino Italiano,14.0,Croissant Francês,13.0,Delivery,Pix,27.0
2026-02-25,Wednesday,0,16,244,Trabalhador,Chá Orgânico,12.0,Torta de Limão Siciliano,16.0,Balcão,Crédito,28.0
2026-02-25,Wednesday,0,7,146,Trabalhador,Espresso Premium,9.5,Quiche de Alho Poró,18.0,Balcão,Crédito,27.5
2026-02-25,Wednesday,0,9,15,Ocasional,Espresso Premium,9.5,Bolo Red Velvet,15.0,Delivery,Crédito,24.5
2026-02-25,Wednesday,0,17,99,Fim de Semana,Mocha Belga,18.0,Croissant Francês,13.0,Balcão,Débito,31.0
2026-02-25,Wednesday,0,15,104,Ocasional,Cold Brew Especial,17.0,Bolo Red Velvet,15.0,Delivery,Pix,32.0
2026-02-25,Wednesday,0,15,170,Ocasional,Cold Brew Especial,17.0,Quiche de Alho Poró,18.0,Balcão,Crédito,35.0
2026-02-25,Wednesday,0,15,162,Ocasional,Cold Brew Especial,17.0,Cookie Artesanal,9.0,Balcão,Crédito,26.0
2026-02-25,Wednesday,0,7,196,Fim de Semana,Latte Baunilha,16.0,Bolo Red Velvet,15.0,Delivery,Crédito,31.0
2026-02-25,Wednesday,0,20,178,Ocasional,Cold Brew Especial,17.0,Cookie Artesanal,9.0,Balcão,Débito,26.0
2026-02-25,Wednesday,0,16,225,Fim de Semana,Espresso Premium,9.5,Croissant Francês,13.0,Delivery,Crédito,22.5
2026-02-25,Wednesday,0,20,291,Trabalhador,Cappuccino Italiano,14.0,Croissant Francês,13.0,Delivery,Pix,27.0
2026-02-25,Wednesday,0,13,31,Ocasional,Cold Brew Especial,17.0,Cookie Artesanal,9.0,Delivery,Débito,26.0
2026-02-25,Wednesday,0,9,256,Ocasional,Espresso Premium,9.5,Cookie Artesanal,9.0,Balcão,Pix,18.5
2026-02-25,Wednesday,0,10,224,Trabalhador,Cappuccino Italiano,14.0,Quiche de Alho Poró,18.0,Balcão,Crédito,32.0
2026-02-25,Wednesday,0,7,176,Ocasional,Cappuccino Italiano,14.0,Cookie Artesanal,9.0,Delivery,Pix,23.0
2026-02-25,Wednesday,0,18,191,Trabalhador,Latte Baunilha,16.0,Torta de Limão Siciliano,16.0,Delivery,Crédito,32.0
2026-02-25,Wednesday,0,14,44,Ocasional,Espresso Premium,9.5,Bolo Red Velvet,15.0,Balcão,Crédito,24.5
2026-02-25,Wednesday,0,19,82,Ocasional,Latte Baunilha,16.0,Cookie Artesanal,9.0,Delivery,Crédito,25.0
2026-02-25,Wednesday,0,8,267,Ocasional,Mocha Belga,18.0,Sanduíche Caprese,19.0,Delivery,Débito,37.0
2026-02-25,Wednesday,0,11,285,Fim de Semana,Mocha Belga,18.0,Croissant Francês,13.0,Delivery,Crédito,31.0
2026-02-25,Wednesday,0,19,95,Trabalhador,Cappuccino Italiano,14.0,Quiche de Alho Poró,18.0,Delivery,Débito,32.0
2026-02-25,Wednesday,0,10,184,Fim de Semana,Latte Baunilha,16.0,Torta de Limão Siciliano,16.0,Delivery,Pix,32.0
2026-02-25,Wednesday,0,8,287,Trabalhador,Chá Orgânico,12.0,Sanduíche Caprese,19.0,Delivery,Crédito,31.0
2026-02-25,Wednesday,0,9,240,Ocasional,Latte Baunilha,16.0,Cookie Artesanal,9.0,Balcão,Crédito,25.0
2026-02-25,Wednesday,0,11,112,Fim de Semana,Chá Orgânico,12.0,Croissant Francês,13.0,Balcão,Pix,25.0
2026-02-25,Wednesday,0,13,35,Ocasional,Mocha Belga,18.0,Quiche de Alho Poró,18.0,Delivery,Débito,36.0
2026-02-25,Wednesday,0,8,265,Fim de Semana,Espresso Premium,9.5,Bolo Red Velvet,15.0,Delivery,Pix,24.5
2026-02-25,Wednesday,0,9,132,Fim de Semana,Cappuccino Italiano,14.0,Bolo Red Velvet,15.0,Balcão,Débito,29.0
2026-02-25,Wednesday,0,15,195,Ocasional,Chá Orgânico,12.0,Bolo Red Velvet,15.0,Delivery,Pix,27.0
2026-02-25,Wednesday,0,19,160,Fim de Semana,Cold Brew Especial,17.0,Sanduíche Caprese,19.0,Balcão,Pix,36.0
2026-02-25,Wednesday,0,19,15,Fim de Semana,Latte Baunilha,16.0,Torta de Limão Siciliano,16.0,Balcão,Pix,32.0
2026-02-25,Wednesday,0,16,249,Trabalhador,Mocha Belga,18.0,Quiche de Alho Poró,18.0,Delivery,Crédito,36.0
2026-02-25,Wednesday,0,8,212,Fim de Semana,Cappuccino Italiano,14.0,Croissant Francês,13.0,Balcão,Pix,27.0
2026-02-25,Wednesday,0,16,155,Fim de Semana,Espresso Premium,9.5,Sanduíche Caprese,19.0,Delivery,Débito,28.5
2026-02-25,Wednesday,0,16,24,Ocasional,Espresso Premium,9.5,Sanduíche Caprese,19.0,Balcão,Débito,28.5
2026-02-25,Wednesday,0,9,161,Fim de Semana,Espresso Premium,9.5,Quiche de Alho Poró,18.0,Balcão,Pix,27.5
2026-02-25,Wednesday,0,18,55,Trabalhador,Cold Brew Especial,17.0,Bolo Red Velvet,15.0,Delivery,Crédito,32.0
2026-02-25,Wednesday,0,16,160,Trabalhador,Latte Baunilha,16.0,Cookie Artesanal,9.0,Balcão,Pix,25.0
2026-02-25,Wednesday,0,17,124,Fim de Semana,Cappuccino Italiano,14.0,Quiche de Alho Poró,18.0,Balcão,Débito,32.0
2026-02-25,Wednesday,0,13,153,Fim de Semana,Espresso Premium,9.5,Quiche de Alho Poró,18.0,Balcão,Crédito,27.5
2026-02-25,Wednesday,0,9,131,Ocasional,Chá Orgânico,12.0,Torta de Limão Siciliano,16.0,Balcão,Crédito,28.0
2026-02-25,Wednesday,0,11,178,Trabalhador,Chá Orgânico,12.0,Sanduíche Caprese,19.0,Delivery,Pix,31.0
2026-02-25,Wednesday,0,12,115,Fim de Semana,Cold Brew Especial,17.0,Croissant Francês,13.0,Delivery,Pix,30.0
2026-02-25,Wednesday,0,16,258,Trabalhador,Cappuccino Italiano,14.0,Croissant Francês,13.0,Delivery,Crédito,27.0
2026-02-25,Wednesday,0,12,238,Fim de Semana,Mocha Belga,18.0,Torta de Limão Siciliano,16.0,Delivery,Crédito,34.0
2026-02-25,Wednesday,0,13,105,Fim de Semana,Cappuccino Italiano,14.0,Croissant Francês,13.0,Delivery,Débito,27.0
2026-02-25,Wednesday,0,14,241,Trabalhador,Chá Orgânico,12.0,Quiche de Alho Poró,18.0,Balcão,Crédito,30.0
2026-02-25,Wednesday,0,19,290,Trabalhador,Chá Orgânico,12.0,Torta de Limão Siciliano,16.0,Delivery,Débito,28.0
2026-02-25,Wednesday,0,9,151,Trabalhador,Cold Brew Especial,17.0,Quiche de Alho Poró,18.0,Balcão,Débito,35.0
2026-02-25,Wednesday,0,12,112,Ocasional,Chá Orgânico,12.0,Torta de Limão Siciliano,16.0,Delivery,Débito,28.0
2026-02-25,Wednesday,0,16,268,Trabalhador,Cold Brew Especial,17.0,Bolo Red Velvet,15.0,Balcão,Crédito,32.0
2026-02-25,Wednesday,0,8,232,Ocasional,Latte Baunilha,16.0,Cookie Artesanal,9.0,Balcão,Pix,25.0
2026-02-25,Wednesday,0,10,112,Fim de Semana,Chá Orgânico,12.0,Quiche de Alho Poró,18.0,Balcão,Débito,30.0
2026-02-25,Wednesday,0,13,273,Ocasional,Cappuccino Italiano,14.0,Quiche de Alho Poró,18.0,Delivery,Pix,32.0
2026-02-25,Wednesday,0,16,86,Ocasional,Mocha Belga,18.0,Bolo Red Velvet,15.0,Delivery,Pix,33.0
2026-02-25,Wednesday,0,16,53,Ocasional,Mocha Belga,18.0,Torta de Limão Siciliano,16.0,Balcão,Crédito,34.0
2026-02-25,Wednesday,0,16,55,Ocasional,Cappuccino Italiano,14.0,Sanduíche Caprese,19.0,Balcão,Crédito,33.0
2026-02-25,Wednesday,0,10,216,Ocasional,Cold Brew Especial,17.0,Cookie Artesanal,9.0,Balcão,Pix,26.0
2026-02-25,Wednesday,0,19,199,Trabalhador,Chá Orgânico,12.0,Quiche de Alho Poró,18.0,Balcão,Crédito,30.0
2026-02-25,Wednesday,0,8,186,Trabalhador,Latte Baunilha,16.0,Cookie Artesanal,9.0,Delivery,Crédito,25.0
2026-02-25,Wednesday,0,13,220,Trabalhador,Latte Baunilha,16.0,Torta de Limão Siciliano,16.0,Delivery,Crédito,32.0
2026-02-25,Wednesday,0,19,228,Fim de Semana,Chá Orgânico,12.0,Bolo Red Velvet,15.0,Delivery,Débito,27.0
2026-02-25,Wednesday,0,10,117,Trabalhador,Mocha Belga,18.0,Cookie Artesanal,9.0,Delivery,Pix,27.0
2026-02-25,Wednesday,0,16,192,Trabalhador,Espresso Premium,9.5,Quiche de Alho Poró,18.0,Balcão,Crédito,27.5
2026-02-25,Wednesday,0,18,161,Ocasional,Latte Baunilha,16.0,Quiche de Alho Poró,18.0,Delivery,Crédito,34.0
2026-02-25,Wednesday,0,14,66,Trabalhador,Latte Baunilha,16.0,Cookie Artesanal,9.0,Balcão,Débito,25.0
2026-02-25,Wednesday,0,19,176,Ocasional,Latte Baunilha,16.0,Bolo Red Velvet,15.0,Balcão,Pix,31.0
2026-02-25,Wednesday,0,15,18,Trabalhador,Cold Brew Especial,17.0,Croissant Francês,13.0,Delivery,Pix,30.0
2026-02-25,Wednesday,0,20,85,Ocasional,Espresso Premium,9.5,Sanduíche Caprese,19.0,Balcão,Débito,28.5
2026-02-25,Wednesday,0,18,134,Fim de Semana,Mocha Belga,18.0,Quiche de Alho Poró,18.0,Delivery,Débito,36.0
2026-02-25,Wednesday,0,7,74,Fim de Semana,Cappuccino Italiano,14.0,Bolo Red Velvet,15.0,Delivery,Pix,29.0
2026-02-26,Thursday,0,19,266,Trabalhador,Chá Orgânico,12.0,Croissant Francês,13.0,Delivery,Crédito,25.0
2026-02-26,Thursday,0,13,161,Fim de Semana,Espresso Premium,9.5,Croissant Francês,13.0,Delivery,Pix,22.5
2026-02-26,Thursday,0,11,57,Trabalhador,Cold Brew Especial,17.0,Sanduíche Caprese,19.0,Delivery,Pix,36.0
2026-02-26,Thursday,0,12,117,Trabalhador,Chá Orgânico,12.0,Torta de Limão Siciliano,16.0,Delivery,Crédito,28.0
2026-02-26,Thursday,0,15,173,Fim de Semana,Cold Brew Especial,17.0,Cookie Artesanal,9.0,Balcão,Pix,26.0
2026-02-26,Thursday,0,10,199,Fim de Semana,Mocha Belga,18.0,Cookie Artesanal,9.0,Balcão,Crédito,27.0
2026-02-26,Thursday,0,15,299,Fim de Semana,Cappuccino Italiano,14.0,Quiche de Alho Poró,18.0,Balcão,Débito,32.0
2026-02-26,Thursday,0,16,13,Trabalhador,Mocha Belga,18.0,Bolo Red Velvet,15.0,Delivery,Crédito,33.0
2026-02-26,Thursday,0,11,55,Ocasional,Chá Orgânico,12.0,Croissant Francês,13.0,Delivery,Débito,25.0
2026-02-26,Thursday,0,20,11,Fim de Semana,Latte Baunilha,16.0,Torta de Limão Siciliano,16.0,Delivery,Pix,32.0
2026-02-26,Thursday,0,19,280,Ocasional,Cold Brew Especial,17.0,Quiche de Alho Poró,18.0,Delivery,Débito,35.0
2026-02-26,Thursday,0,17,41,Fim de Semana,Cold Brew Especial,17.0,Quiche de Alho Poró,18.0,Delivery,Débito,35.0
2026-02-26,Thursday,0,18,71,Fim de Semana,Chá Orgânico,12.0,Cookie Artesanal,9.0,Balcão,Débito,21.0
2026-02-26,Thursday,0,20,46,Trabalhador,Cappuccino Italiano,14.0,Croissant Francês,13.0,Delivery,Crédito,27.0
2026-02-26,Thursday,0,7,204,Ocasional,Mocha Belga,18.0,Sanduíche Caprese,19.0,Balcão,Pix,37.0
2026-02-26,Thursday,0,17,89,Fim de Semana,Mocha Belga,18.0,Croissant Francês,13.0,Delivery,Pix,31.0
2026-02-26,Thursday,0,13,48,Ocasional,Cappuccino Italiano,14.0,Croissant Francês,13.0,Balcão,Débito,27.0
2026-02-26,Thursday,0,14,114,Ocasional,Espresso Premium,9.5,Torta de Limão Siciliano,16.0,Balcão,Crédito,25.5
2026-02-26,Thursday,0,13,51,Trabalhador,Latte Baunilha,16.0,Sanduíche Caprese,19.0,Balcão,Crédito,35.0
2026-02-26,Thursday,0,14,257,Fim de Semana,Cappuccino Italiano,14.0,Torta de Limão Siciliano,16.0,Balcão,Pix,30.0
2026-02-26,Thursday,0,15,37,Ocasional,Cold Brew Especial,17.0,Sanduíche Caprese,19.0,Balcão,Débito,36.0
2026-02-26,Thursday,0,15,36,Ocasional,Latte Baunilha,16.0,Sanduíche Caprese,19.0,Balcão,Crédito,35.0
2026-02-26,Thursday,0,14,292,Ocasional,Latte Baunilha,16.0,Bolo Red Velvet,15.0,Delivery,Crédito,31.0
2026-02-26,Thursday,0,12,10,Ocasional,Cold Brew Especial,17.0,Croissant Francês,13.0,Balcão,Pix,30.0
2026-02-26,Thursday,0,9,123,Fim de Semana,Espresso Premium,9.5,Quiche de Alho Poró,18.0,Delivery,Crédito,27.5
2026-02-26,Thursday,0,10,298,Ocasional,Cappuccino Italiano,14.0,Cookie Artesanal,9.0,Delivery,Débito,23.0
2026-02-26,Thursday,0,12,57,Ocasional,Chá Orgânico,12.0,Sanduíche Caprese,19.0,Delivery,Débito,31.0
2026-02-26,Thursday,0,13,151,Ocasional,Cappuccino Italiano,14.0,Croissant Francês,13.0,Delivery,Pix,27.0
2026-02-26,Thursday,0,12,295,Ocasional,Chá Orgânico,12.0,Quiche de Alho Poró,18.0,Delivery,Pix,30.0
2026-02-26,Thursday,0,9,246,Ocasional,Latte Baunilha,16.0,Quiche de Alho Poró,18.0,Balcão,Crédito,34.0
2026-02-26,Thursday,0,19,8,Ocasional,Latte Baunilha,16.0,Sanduíche Caprese,19.0,Delivery,Débito,35.0
2026-02-26,Thursday,0,12,110,Fim de Semana,Espresso Premium,9.5,Cookie Artesanal,9.0,Delivery,Pix,18.5
2026-02-26,Thursday,0,16,255,Trabalhador,Espresso Premium,9.5,Croissant Francês,13.0,Balcão,Débito,22.5
2026-02-26,Thursday,0,10,55,Fim de Semana,Chá Orgânico,12.0,Sanduíche Caprese,19.0,Delivery,Débito,31.0
2026-02-26,Thursday,0,13,284,Fim de Semana,Cold Brew Especial,17.0,Cookie Artesanal,9.0,Delivery,Crédito,26.0
2026-02-26,Thursday,0,7,211,Ocasional,Espresso Premium,9.5,Cookie Artesanal,9.0,Balcão,Pix,18.5
2026-02-26,Thursday,0,17,69,Trabalhador,Espresso Premium,9.5,Cookie Artesanal,9.0,Balcão,Pix,18.5
2026-02-26,Thursday,0,10,171,Trabalhador,Mocha Belga,18.0,Cookie Artesanal,9.0,Balcão,Crédito,27.0
2026-02-26,Thursday,0,10,137,Fim de Semana,Chá Orgânico,12.0,Cookie Artesanal,9.0,Balcão,Débito,21.0
2026-02-26,Thursday,0,9,152,Fim de Semana,Mocha Belga,18.0,Cookie Artesanal,9.0,Delivery,Débito,27.0
2026-02-26,Thursday,0,15,266,Fim de Semana,Espresso Premium,9.5,Cookie Artesanal,9.0,Delivery,Crédito,18.5
2026-02-26,Thursday,0,16,197,Ocasional,Chá Orgânico,12.0,Quiche de Alho Poró,18.0,Delivery,Débito,30.0
2026-02-26,Thursday,0,14,181,Fim de Semana,Latte Baunilha,16.0,Bolo Red Velvet,15.0,Balcão,Pix,31.0
2026-02-26,Thursday,0,14,296,Fim de Semana,Cold Brew Especial,17.0,Croissant Francês,13.0,Balcão,Débito,30.0
2026-02-26,Thursday,0,16,258,Fim de Semana,Mocha Belga,18.0,Bolo Red Velvet,15.0,Balcão,Pix,33.0
2026-02-26,Thursday,0,9,2,Trabalhador,Cold Brew Especial,17.0,Bolo Red Velvet,15.0,Balcão,Crédito,32.0
2026-02-26,Thursday,0,8,28,Ocasional,Espresso Premium,9.5,Cookie Artesanal,9.0,Balcão,Crédito,18.5
2026-02-26,Thursday,0,13,49,Trabalhador,Cappuccino Italiano,14.0,Torta de Limão Siciliano,16.0,Balcão,Pix,30.0
2026-02-26,Thursday,0,20,248,Ocasional,Mocha Belga,18.0,Croissant Francês,13.0,Delivery,Pix,31.0
2026-02-26,Thursday,0,12,241,Fim de Semana,Mocha Belga,18.0,Croissant Francês,13.0,Delivery,Débito,31.0
2026-02-26,Thursday,0,14,10,Trabalhador,Chá Orgânico,12.0,Cookie Artesanal,9.0,Delivery,Crédito,21.0
2026-02-26,Thursday,0,15,196,Ocasional,Mocha Belga,18.0,Cookie Artesanal,9.0,Delivery,Pix,27.0
2026-02-26,Thursday,0,19,44,Trabalhador,Cold Brew Especial,17.0,Croissant Francês,13.0,Delivery,Pix,30.0
2026-02-26,Thursday,0,10,161,Ocasional,Mocha Belga,18.0,Croissant Francês,13.0,Delivery,Débito,31.0
2026-02-26,Thursday,0,11,146,Ocasional,Latte Baunilha,16.0,Bolo Red Velvet,15.0,Delivery,Crédito,31.0
2026-02-26,Thursday,0,14,199,Ocasional,Cold Brew Especial,17.0,Quiche de Alho Poró,18.0,Delivery,Pix,35.0
2026-02-26,Thursday,0,12,132,Ocasional,Chá Orgânico,12.0,Bolo Red Velvet,15.0,Delivery,Pix,27.0
2026-02-26,Thursday,0,18,113,Fim de Semana,Latte Baunilha,16.0,Croissant Francês,13.0,Balcão,Pix,29.0
2026-02-26,Thursday,0,16,11,Fim de Semana,Latte Baunilha,16.0,Sanduíche Caprese,19.0,Delivery,Débito,35.0
2026-02-26,Thursday,0,14,105,Ocasional,Espresso Premium,9.5,Sanduíche Caprese,19.0,Balcão,Débito,28.5
2026-02-26,Thursday,0,11,3,Trabalhador,Latte Baunilha,16.0,Croissant Francês,13.0,Balcão,Débito,29.0
2026-02-26,Thursday,0,14,36,Ocasional,Mocha Belga,18.0,Croissant Francês,13.0,Balcão,Crédito,31.0
2026-02-26,Thursday,0,17,82,Trabalhador,Mocha Belga,18.0,Sanduíche Caprese,19.0,Balcão,Débito,37.0
2026-02-26,Thursday,0,7,234,Ocasional,Chá Orgânico,12.0,Torta de Limão Siciliano,16.0,Delivery,Débito,28.0
2026-02-26,Thursday,0,17,190,Ocasional,Latte Baunilha,16.0,Quiche de Alho Poró,18.0,Balcão,Débito,34.0
2026-02-26,Thursday,0,11,4,Trabalhador,Mocha Belga,18.0,Bolo Red Velvet,15.0,Balcão,Crédito,33.0
2026-02-26,Thursday,0,16,26,Fim de Semana,Cold Brew Especial,17.0,Croissant Francês,13.0,Balcão,Débito,30.0
2026-02-26,Thursday,0,19,38,Trabalhador,Espresso Premium,9.5,Croissant Francês,13.0,Delivery,Crédito,22.5
2026-02-26,Thursday,0,8,209,Trabalhador,Chá Orgânico,12.0,Torta de Limão Siciliano,16.0,Delivery,Pix,28.0
2026-02-26,Thursday,0,18,142,Ocasional,Cold Brew Especial,17.0,Bolo Red Velvet,15.0,Delivery,Crédito,32.0
2026-02-26,Thursday,0,13,297,Fim de Semana,Mocha Belga,18.0,Bolo Red Velvet,15.0,Delivery,Crédito,33.0
2026-02-26,Thursday,0,9,278,Ocasional,Cappuccino Italiano,14.0,Bolo Red Velvet,15.0,Balcão,Crédito,29.0
2026-02-26,Thursday,0,19,23,Trabalhador,Cold Brew Especial,17.0,Torta de Limão Siciliano,16.0,Delivery,Crédito,33.0
2026-02-26,Thursday,0,18,173,Fim de Semana,Chá Orgânico,12.0,Sanduíche Caprese,19.0,Balcão,Crédito,31.0
2026-02-26,Thursday,0,11,62,Ocasional,Mocha Belga,18.0,Croissant Francês,13.0,Delivery,Crédito,31.0
2026-02-26,Thursday,0,20,23,Trabalhador,Chá Orgânico,12.0,Torta de Limão Siciliano,16.0,Delivery,Débito,28.0
2026-02-26,Thursday,0,17,244,Trabalhador,Cappuccino Italiano,14.0,Sanduíche Caprese,19.0,Delivery,Pix,33.0
2026-02-26,Thursday,0,18,16,Ocasional,Latte Baunilha,16.0,Croissant Francês,13.0,Delivery,Crédito,29.0
2026-02-26,Thursday,0,15,55,Fim de Semana,Latte Baunilha,16.0,Quiche de Alho Poró,18.0,Delivery,Crédito,34.0
2026-02-26,Thursday,0,20,78,Fim de Semana,Espresso Premium,9.5,Torta de Limão Siciliano,16.0,Delivery,Débito,25.5
2026-02-27,Friday,0,12,83,Fim de Semana,Cold Brew Especial,17.0,Cookie Artesanal,9.0,Delivery,Pix,26.0
2026-02-27,Friday,0,9,267,Ocasional,Mocha Belga,18.0,Bolo Red Velvet,15.0,Balcão,Crédito,33.0
2026-02-27,Friday,0,7,115,Ocasional,Espresso Premium,9.5,Cookie Artesanal,9.0,Delivery,Pix,18.5
2026-02-27,Friday,0,12,285,Ocasional,Cold Brew Especial,17.0,Bolo Red Velvet,15.0,Delivery,Débito,32.0
2026-02-27,Friday,0,13,125,Ocasional,Chá Orgânico,12.0,Cookie Artesanal,9.0,Balcão,Crédito,21.0
2026-02-27,Friday,0,10,104,Fim de Semana,Mocha Belga,18.0,Croissant Francês,13.0,Delivery,Débito,31.0
2026-02-27,Friday,0,9,23,Fim de Semana,Latte Baunilha,16.0,Cookie Artesanal,9.0,Balcão,Débito,25.0
2026-02-27,Friday,0,10,28,Ocasional,Espresso Premium,9.5,Quiche de Alho Poró,18.0,Balcão,Débito,27.5
2026-02-27,Friday,0,18,249,Trabalhador,Latte Baunilha,16.0,Sanduíche Caprese,19.0,Delivery,Débito,35.0
2026-02-27,Friday,0,17,169,Fim de Semana,Cappuccino Italiano,14.0,Torta de Limão Siciliano,16.0,Delivery,Pix,30.0
2026-02-27,Friday,0,19,32,Fim de Semana,Latte Baunilha,16.0,Croissant Francês,13.0,Delivery,Pix,29.0
2026-02-27,Friday,0,10,165,Fim de Semana,Espresso Premium,9.5,Torta de Limão Siciliano,16.0,Balcão,Pix,25.5
2026-02-27,Friday,0,8,27,Ocasional,Mocha Belga,18.0,Torta de Limão Siciliano,16.0,Balcão,Pix,34.0
2026-02-27,Friday,0,17,111,Trabalhador,Cappuccino Italiano,14.0,Bolo Red Velvet,15.0,Balcão,Crédito,29.0
2026-02-27,Friday,0,14,230,Fim de Semana,Cappuccino Italiano,14.0,Quiche de Alho Poró,18.0,Delivery,Pix,32.0
2026-02-27,Friday,0,15,9,Trabalhador,Espresso Premium,9.5,Bolo Red Velvet,15.0,Balcão,Crédito,24.5
2026-02-27,Friday,0,14,193,Fim de Semana,Mocha Belga,18.0,Quiche de Alho Poró,18.0,Delivery,Crédito,36.0
2026-02-27,Friday,0,17,93,Trabalhador,Latte Baunilha,16.0,Croissant Francês,13.0,Balcão,Débito,29.0
2026-02-27,Friday,0,11,253,Ocasional,Cold Brew Especial,17.0,Bolo Red Velvet,15.0,Delivery,Crédito,32.0
2026-02-27,Friday,0,18,291,Trabalhador,Cold Brew Especial,17.0,Quiche de Alho Poró,18.0,Delivery,Débito,35.0
2026-02-27,Friday,0,11,122,Fim de Semana,Cappuccino Italiano,14.0,Croissant Francês,13.0,Delivery,Crédito,27.0
2026-02-27,Friday,0,17,14,Fim de Semana,Espresso Premium,9.5,Sanduíche Caprese,19.0,Delivery,Crédito,28.5
2026-02-27,Friday,0,10,239,Fim de Semana,Mocha Belga,18.0,Torta de Limão Siciliano,16.0,Balcão,Débito,34.0
2026-02-27,Friday,0,7,201,Ocasional,Cold Brew Especial,17.0,Quiche de Alho Poró,18.0,Delivery,Crédito,35.0
2026-02-27,Friday,0,8,114,Ocasional,Cappuccino Italiano,14.0,Cookie Artesanal,9.0,Delivery,Débito,23.0
2026-02-27,Friday,0,20,256,Fim de Semana,Cappuccino Italiano,14.0,Torta de Limão Siciliano,16.0,Delivery,Crédito,30.0
2026-02-27,Friday,0,17,26,Trabalhador,Cappuccino Italiano,14.0,Bolo Red Velvet,15.0,Delivery,Pix,29.0
2026-02-27,Friday,0,9,7,Ocasional,Latte Baunilha,16.0,Cookie Artesanal,9.0,Balcão,Pix,25.0
2026-02-27,Friday,0,11,214,Ocasional,Cold Brew Especial,17.0,Sanduíche Caprese,19.0,Delivery,Crédito,36.0
2026-02-27,Friday,0,8,33,Trabalhador,Cold Brew Especial,17.0,Quiche de Alho Poró,18.0,Balcão,Crédito,35.0
2026-02-27,Friday,0,16,287,Trabalhador,Cold Brew Especial,17.0,Bolo Red Velvet,15.0,Delivery,Pix,32.0
2026-02-27,Friday,0,18,11,Trabalhador,Chá Orgânico,12.0,Sanduíche Caprese,19.0,Delivery,Pix,31.0
2026-02-27,Friday,0,11,63,Ocasional,Cappuccino Italiano,14.0,Cookie Artesanal,9.0,Delivery,Pix,23.0
2026-02-27,Friday,0,8,188,Ocasional,Espresso Premium,9.5,Quiche de Alho Poró,18.0,Balcão,Pix,27.5
2026-02-27,Friday,0,11,223,Ocasional,Chá Orgânico,12.0,Quiche de Alho Poró,18.0,Balcão,Débito,30.0
2026-02-27,Friday,0,8,175,Trabalhador,Cold Brew Especial,17.0,Torta de Limão Siciliano,16.0,Delivery,Pix,33.0
2026-02-27,Friday,0,15,275,Fim de Semana,Latte Baunilha,16.0,Sanduíche Caprese,19.0,Delivery,Crédito,35.0
2026-02-27,Friday,0,18,107,Ocasional,Cold Brew Especial,17.0,Croissant Francês,13.0,Delivery,Pix,30.0
2026-02-27,Friday,0,15,54,Ocasional,Cold Brew Especial,17.0,Cookie Artesanal,9.0,Delivery,Débito,26.0
2026-02-27,Friday,0,17,261,Ocasional,Cold Brew Especial,17.0,Cookie Artesanal,9.0,Delivery,Débito,26.0
2026-02-27,Friday,0,19,243,Fim de Semana,Cold Brew Especial,17.0,Cookie Artesanal,9.0,Balcão,Crédito,26.0
2026-02-27,Friday,0,17,28,Fim de Semana,Latte Baunilha,16.0,Torta de Limão Siciliano,16.0,Delivery,Débito,32.0
2026-02-27,Friday,0,18,74,Fim de Semana,Chá Orgânico,12.0,Torta de Limão Siciliano,16.0,Balcão,Pix,28.0
2026-02-27,Friday,0,11,272,Ocasional,Cappuccino Italiano,14.0,Bolo Red Velvet,15.0,Balcão,Crédito,29.0
2026-02-27,Friday,0,13,266,Trabalhador,Cold Brew Especial,17.0,Croissant Francês,13.0,Delivery,Crédito,30.0
2026-02-27,Friday,0,17,20,Fim de Semana,Cappuccino Italiano,14.0,Croissant Francês,13.0,Delivery,Crédito,27.0
2026-02-27,Friday,0,13,29,Ocasional,Espresso Premium,9.5,Croissant Francês,13.0,Balcão,Crédito,22.5
2026-02-27,Friday,0,18,77,Ocasional,Espresso Premium,9.5,Croissant Francês,13.0,Delivery,Pix,22.5
2026-02-27,Friday,0,10,34,Trabalhador,Cold Brew Especial,17.0,Bolo Red Velvet,15.0,Balcão,Débito,32.0
2026-02-27,Friday,0,20,101,Trabalhador,Chá Orgânico,12.0,Croissant Francês,13.0,Balcão,Débito,25.0
2026-02-27,Friday,0,10,148,Fim de Semana,Espresso Premium,9.5,Croissant Francês,13.0,Delivery,Crédito,22.5
2026-02-27,Friday,0,19,220,Fim de Semana,Espresso Premium,9.5,Croissant Francês,13.0,Delivery,Débito,22.5
2026-02-27,Friday,0,9,39,Trabalhador,Espresso Premium,9.5,Sanduíche Caprese,19.0,Delivery,Crédito,28.5
2026-02-27,Friday,0,11,67,Trabalhador,Cold Brew Especial,17.0,Torta de Limão Siciliano,16.0,Delivery,Crédito,33.0
2026-02-27,Friday,0,20,182,Trabalhador,Mocha Belga,18.0,Torta de Limão Siciliano,16.0,Delivery,Pix,34.0
2026-02-27,Friday,0,8,275,Ocasional,Cappuccino Italiano,14.0,Cookie Artesanal,9.0,Delivery,Crédito,23.0
2026-02-27,Friday,0,10,248,Trabalhador,Chá Orgânico,12.0,Quiche de Alho Poró,18.0,Delivery,Crédito,30.0
2026-02-27,Friday,0,19,185,Ocasional,Espresso Premium,9.5,Cookie Artesanal,9.0,Balcão,Pix,18.5
2026-02-27,Friday,0,19,188,Fim de Semana,Espresso Premium,9.5,Sanduíche Caprese,19.0,Balcão,Crédito,28.5
2026-02-27,Friday,0,10,74,Fim de Semana,Cold Brew Especial,17.0,Quiche de Alho Poró,18.0,Delivery,Débito,35.0
2026-02-27,Friday,0,14,201,Ocasional,Cappuccino Italiano,14.0,Croissant Francês,13.0,Delivery,Débito,27.0
2026-02-27,Friday,0,14,243,Fim de Semana,Cappuccino Italiano,14.0,Sanduíche Caprese,19.0,Delivery,Pix,33.0
2026-02-27,Friday,0,14,194,Fim de Semana,Cappuccino Italiano,14.0,Croissant Francês,13.0,Delivery,Pix,27.0
2026-02-27,Friday,0,9,142,Ocasional,Chá Orgânico,12.0,Sanduíche Caprese,19.0,Delivery,Pix,31.0
2026-02-27,Friday,0,13,58,Fim de Semana,Cappuccino Italiano,14.0,Quiche de Alho Poró,18.0,Delivery,Débito,32.0
2026-02-27,Friday,0,16,272,Fim de Semana,Chá Orgânico,12.0,Cookie Artesanal,9.0,Balcão,Débito,21.0
2026-02-27,Friday,0,7,16,Fim de Semana,Cappuccino Italiano,14.0,Cookie Artesanal,9.0,Balcão,Débito,23.0
2026-02-27,Friday,0,11,193,Trabalhador,Chá Orgânico,12.0,Torta de Limão Siciliano,16.0,Balcão,Crédito,28.0
2026-02-27,Friday,0,14,136,Ocasional,Cold Brew Especial,17.0,Bolo Red Velvet,15.0,Delivery,Pix,32.0
2026-02-27,Friday,0,15,155,Trabalhador,Latte Baunilha,16.0,Cookie Artesanal,9.0,Delivery,Crédito,25.0
2026-02-27,Friday,0,17,182,Ocasional,Mocha Belga,18.0,Cookie Artesanal,9.0,Delivery,Crédito,27.0
2026-02-27,Friday,0,10,68,Trabalhador,Cappuccino Italiano,14.0,Bolo Red Velvet,15.0,Balcão,Débito,29.0
2026-02-27,Friday,0,10,262,Trabalhador,Mocha Belga,18.0,Quiche de Alho Poró,18.0,Delivery,Débito,36.0
2026-02-27,Friday,0,13,202,Fim de Semana,Chá Orgânico,12.0,Bolo Red Velvet,15.0,Balcão,Débito,27.0
2026-02-27,Friday,0,13,45,Ocasional,Chá Orgânico,12.0,Sanduíche Caprese,19.0,Balcão,Crédito,31.0
2026-02-27,Friday,0,13,28,Fim de Semana,Espresso Premium,9.5,Bolo Red Velvet,15.0,Balcão,Crédito,24.5
2026-02-27,Friday,0,9,37,Fim de Semana,Espresso Premium,9.5,Sanduíche Caprese,19.0,Balcão,Crédito,28.5
2026-02-27,Friday,0,12,212,Trabalhador,Latte Baunilha,16.0,Quiche de Alho Poró,18.0,Balcão,Débito,34.0
2026-02-27,Friday,0,20,209,Ocasional,Mocha Belga,18.0,Quiche de Alho Poró,18.0,Delivery,Débito,36.0
2026-02-27,Friday,0,10,234,Fim de Semana,Mocha Belga,18.0,Quiche de Alho Poró,18.0,Balcão,Débito,36.0
2026-02-28,Saturday,1,16,234,Ocasional,Latte Baunilha,16.0,Croissant Francês,13.0,Balcão,Crédito,29.0
2026-02-28,Saturday,1,9,94,Trabalhador,Latte Baunilha,16.0,Sanduíche Caprese,19.0,Balcão,Crédito,35.0
2026-02-28,Saturday,1,18,65,Fim de Semana,Espresso Premium,9.5,Bolo Red Velvet,15.0,Balcão,Crédito,24.5
2026-02-28,Saturday,1,8,211,Ocasional,Mocha Belga,18.0,Bolo Red Velvet,15.0,Balcão,Pix,33.0
2026-02-28,Saturday,1,7,174,Fim de Semana,Chá Orgânico,12.0,Torta de Limão Siciliano,16.0,Delivery,Crédito,28.0
2026-02-28,Saturday,1,13,143,Ocasional,Espresso Premium,9.5,Bolo Red Velvet,15.0,Delivery,Crédito,24.5
2026-02-28,Saturday,1,13,122,Fim de Semana,Chá Orgânico,12.0,Quiche de Alho Poró,18.0,Delivery,Débito,30.0
2026-02-28,Saturday,1,17,73,Ocasional,Espresso Premium,9.5,Sanduíche Caprese,19.0,Balcão,Débito,28.5
2026-02-28,Saturday,1,11,88,Trabalhador,Espresso Premium,9.5,Cookie Artesanal,9.0,Balcão,Crédito,18.5
2026-02-28,Saturday,1,16,8,Ocasional,Espresso Premium,9.5,Quiche de Alho Poró,18.0,Balcão,Débito,27.5
2026-02-28,Saturday,1,9,106,Trabalhador,Espresso Premium,9.5,Croissant Francês,13.0,Balcão,Débito,22.5
2026-02-28,Saturday,1,11,71,Ocasional,Latte Baunilha,16.0,Sanduíche Caprese,19.0,Delivery,Pix,35.0
2026-02-28,Saturday,1,9,16,Ocasional,Cold Brew Especial,17.0,Torta de Limão Siciliano,16.0,Balcão,Débito,33.0
2026-02-28,Saturday,1,20,1,Trabalhador,Chá Orgânico,12.0,Cookie Artesanal,9.0,Delivery,Crédito,21.0
2026-02-28,Saturday,1,9,83,Trabalhador,Mocha Belga,18.0,Torta de Limão Siciliano,16.0,Delivery,Débito,34.0
2026-02-28,Saturday,1,13,205,Trabalhador,Latte Baunilha,16.0,Quiche de Alho Poró,18.0,Delivery,Pix,34.0
2026-02-28,Saturday,1,16,219,Trabalhador,Chá Orgânico,12.0,Torta de Limão Siciliano,16.0,Delivery,Débito,28.0
2026-02-28,Saturday,1,19,292,Trabalhador,Cold Brew Especial,17.0,Torta de Limão Siciliano,16.0,Balcão,Débito,33.0
2026-02-28,Saturday,1,13,48,Fim de Semana,Chá Orgânico,12.0,Quiche de Alho Poró,18.0,Balcão,Pix,30.0
2026-02-28,Saturday,1,17,49,Ocasional,Cold Brew Especial,17.0,Quiche de Alho Poró,18.0,Delivery,Pix,35.0
2026-02-28,Saturday,1,7,272,Trabalhador,Latte Baunilha,16.0,Bolo Red Velvet,15.0,Delivery,Crédito,31.0
2026-02-28,Saturday,1,11,256,Ocasional,Cappuccino Italiano,14.0,Quiche de Alho Poró,18.0,Delivery,Débito,32.0
2026-02-28,Saturday,1,11,140,Ocasional,Cold Brew Especial,17.0,Croissant Francês,13.0,Delivery,Pix,30.0
2026-02-28,Saturday,1,8,18,Fim de Semana,Latte Baunilha,16.0,Cookie Artesanal,9.0,Balcão,Débito,25.0
2026-02-28,Saturday,1,12,116,Fim de Semana,Cappuccino Italiano,14.0,Croissant Francês,13.0,Balcão,Crédito,27.0
2026-02-28,Saturday,1,13,24,Ocasional,Mocha Belga,18.0,Croissant Francês,13.0,Delivery,Pix,31.0
2026-02-28,Saturday,1,17,209,Fim de Semana,Mocha Belga,18.0,Croissant Francês,13.0,Balcão,Pix,31.0
2026-02-28,Saturday,1,14,39,Fim de Semana,Chá Orgânico,12.0,Cookie Artesanal,9.0,Balcão,Débito,21.0
2026-02-28,Saturday,1,13,60,Ocasional,Cold Brew Especial,17.0,Torta de Limão Siciliano,16.0,Delivery,Pix,33.0
2026-02-28,Saturday,1,12,41,Fim de Semana,Cold Brew Especial,17.0,Quiche de Alho Poró,18.0,Delivery,Pix,35.0
2026-02-28,Saturday,1,10,193,Trabalhador,Cold Brew Especial,17.0,Quiche de Alho Poró,18.0,Balcão,Crédito,35.0
2026-02-28,Saturday,1,11,215,Trabalhador,Espresso Premium,9.5,Cookie Artesanal,9.0,Delivery,Crédito,18.5
2026-02-28,Saturday,1,14,227,Fim de Semana,Chá Orgânico,12.0,Cookie Artesanal,9.0,Balcão,Crédito,21.0
2026-02-28,Saturday,1,19,47,Trabalhador,Latte Baunilha,16.0,Croissant Francês,13.0,Delivery,Débito,29.0
2026-02-28,Saturday,1,18,35,Ocasional,Chá Orgânico,12.0,Sanduíche Caprese,19.0,Balcão,Débito,31.0
2026-02-28,Saturday,1,8,21,Trabalhador,Latte Baunilha,16.0,Sanduíche Caprese,19.0,Delivery,Crédito,35.0
2026-02-28,Saturday,1,18,296,Trabalhador,Mocha Belga,18.0,Quiche de Alho Poró,18.0,Delivery,Débito,36.0
2026-02-28,Saturday,1,18,196,Trabalhador,Cold Brew Especial,17.0,Croissant Francês,13.0,Delivery,Débito,30.0
2026-02-28,Saturday,1,7,118,Trabalhador,Latte Baunilha,16.0,Sanduíche Caprese,19.0,Balcão,Crédito,35.0
2026-02-28,Saturday,1,12,221,Ocasional,Cold Brew Especial,17.0,Croissant Francês,13.0,Delivery,Crédito,30.0
2026-02-28,Saturday,1,17,104,Ocasional,Cappuccino Italiano,14.0,Bolo Red Velvet,15.0,Delivery,Pix,29.0
2026-02-28,Saturday,1,15,196,Fim de Semana,Espresso Premium,9.5,Sanduíche Caprese,19.0,Balcão,Crédito,28.5
2026-02-28,Saturday,1,7,31,Fim de Semana,Chá Orgânico,12.0,Bolo Red Velvet,15.0,Balcão,Débito,27.0
2026-02-28,Saturday,1,17,182,Trabalhador,Chá Orgânico,12.0,Quiche de Alho Poró,18.0,Delivery,Pix,30.0
2026-02-28,Saturday,1,8,26,Fim de Semana,Chá Orgânico,12.0,Croissant Francês,13.0,Delivery,Crédito,25.0
2026-02-28,Saturday,1,15,147,Ocasional,Cappuccino Italiano,14.0,Croissant Francês,13.0,Delivery,Crédito,27.0
2026-02-28,Saturday,1,9,11,Fim de Semana,Chá Orgânico,12.0,Sanduíche Caprese,19.0,Balcão,Pix,31.0
2026-02-28,Saturday,1,8,295,Fim de Semana,Cappuccino Italiano,14.0,Bolo Red Velvet,15.0,Delivery,Pix,29.0
2026-02-28,Saturday,1,12,219,Trabalhador,Cold Brew Especial,17.0,Croissant Francês,13.0,Delivery,Débito,30.0
2026-02-28,Saturday,1,15,251,Trabalhador,Latte Baunilha,16.0,Bolo Red Velvet,15.0,Balcão,Débito,31.0
2026-02-28,Saturday,1,10,63,Fim de Semana,Chá Orgânico,12.0,Cookie Artesanal,9.0,Delivery,Crédito,21.0
2026-02-28,Saturday,1,16,20,Trabalhador,Cold Brew Especial,17.0,Sanduíche Caprese,19.0,Delivery,Crédito,36.0
2026-02-28,Saturday,1,19,285,Fim de Semana,Latte Baunilha,16.0,Torta de Limão Siciliano,16.0,Delivery,Crédito,32.0
2026-02-28,Saturday,1,20,247,Ocasional,Latte Baunilha,16.0,Bolo Red Velvet,15.0,Delivery,Pix,31.0
2026-02-28,Saturday,1,14,188,Ocasional,Mocha Belga,18.0,Cookie Artesanal,9.0,Balcão,Crédito,27.0
2026-02-28,Saturday,1,8,129,Fim de Semana,Latte Baunilha,16.0,Sanduíche Caprese,19.0,Delivery,Crédito,35.0
2026-02-28,Saturday,1,9,194,Ocasional,Mocha Belga,18.0,Bolo Red Velvet,15.0,Balcão,Débito,33.0
2026-02-28,Saturday,1,14,68,Fim de Semana,Latte Baunilha,16.0,Croissant Francês,13.0,Balcão,Débito,29.0
2026-02-28,Saturday,1,13,106,Fim de Semana,Cappuccino Italiano,14.0,Torta de Limão Siciliano,16.0,Balcão,Crédito,30.0
2026-02-28,Saturday,1,18,232,Trabalhador,Chá Orgânico,12.0,Quiche de Alho Poró,18.0,Balcão,Crédito,30.0
2026-02-28,Saturday,1,16,168,Trabalhador,Chá Orgânico,12.0,Bolo Red Velvet,15.0,Delivery,Pix,27.0
2026-02-28,Saturday,1,14,125,Fim de Semana,Espresso Premium,9.5,Cookie Artesanal,9.0,Delivery,Pix,18.5
2026-02-28,Saturday,1,7,207,Trabalhador,Chá Orgânico,12.0,Bolo Red Velvet,15.0,Balcão,Débito,27.0
2026-02-28,Saturday,1,15,236,Trabalhador,Chá Orgânico,12.0,Bolo Red Velvet,15.0,Delivery,Débito,27.0
2026-02-28,Saturday,1,11,230,Trabalhador,Mocha Belga,18.0,Sanduíche Caprese,19.0,Delivery,Pix,37.0
2026-02-28,Saturday,1,16,266,Trabalhador,Espresso Premium,9.5,Cookie Artesanal,9.0,Balcão,Débito,18.5
2026-02-28,Saturday,1,19,81,Fim de Semana,Cold Brew Especial,17.0,Croissant Francês,13.0,Balcão,Crédito,30.0
2026-02-28,Saturday,1,10,299,Ocasional,Cappuccino Italiano,14.0,Sanduíche Caprese,19.0,Delivery,Débito,33.0
2026-02-28,Saturday,1,19,217,Trabalhador,Cappuccino Italiano,14.0,Croissant Francês,13.0,Balcão,Pix,27.0
2026-02-28,Saturday,1,19,96,Trabalhador,Latte Baunilha,16.0,Croissant Francês,13.0,Delivery,Débito,29.0
2026-02-28,Saturday,1,20,122,Trabalhador,Mocha Belga,18.0,Cookie Artesanal,9.0,Delivery,Crédito,27.0
2026-02-28,Saturday,1,14,80,Ocasional,Mocha Belga,18.0,Torta de Limão Siciliano,16.0,Balcão,Débito,34.0
2026-02-28,Saturday,1,13,289,Trabalhador,Chá Orgânico,12.0,Sanduíche Caprese,19.0,Delivery,Crédito,31.0
2026-02-28,Saturday,1,7,260,Trabalhador,Cappuccino Italiano,14.0,Cookie Artesanal,9.0,Balcão,Pix,23.0
2026-02-28,Saturday,1,12,238,Fim de Semana,Cold Brew Especial,17.0,Croissant Francês,13.0,Balcão,Crédito,30.0
2026-02-28,Saturday,1,10,244,Ocasional,Chá Orgânico,12.0,Cookie Artesanal,9.0,Balcão,Pix,21.0
2026-02-28,Saturday,1,20,237,Trabalhador,Latte Baunilha,16.0,Cookie Artesanal,9.0,Balcão,Pix,25.0
2026-02-28,Saturday,1,20,296,Ocasional,Cold Brew Especial,17.0,Torta de Limão Siciliano,16.0,Delivery,Crédito,33.0
2026-02-28,Saturday,1,17,70,Fim de Semana,Mocha Belga,18.0,Quiche de Alho Poró,18.0,Delivery,Crédito,36.0
2026-02-28,Saturday,1,17,210,Trabalhador,Cold Brew Especial,17.0,Quiche de Alho Poró,18.0,Delivery,Débito,35.0
2026-02-28,Saturday,1,15,147,Trabalhador,Latte Baunilha,16.0,Cookie Artesanal,9.0,Balcão,Débito,25.0
2026-02-28,Saturday,1,20,292,Ocasional,Cappuccino Italiano,14.0,Croissant Francês,13.0,Delivery,Crédito,27.0
2026-02-28,Saturday,1,20,105,Ocasional,Cappuccino Italiano,14.0,Cookie Artesanal,9.0,Delivery,Débito,23.0
2026-02-28,Saturday,1,12,215,Trabalhador,Latte Baunilha,16.0,Quiche de Alho Poró,18.0,Balcão,Pix,34.0
2026-02-28,Saturday,1,13,179,Fim de Semana,Mocha Belga,18.0,Bolo Red Velvet,15.0,Balcão,Débito,33.0
2026-02-28,Saturday,1,8,105,Fim de Semana,Chá Orgânico,12.0,Croissant Francês,13.0,Balcão,Pix,25.0
2026-02-28,Saturday,1,17,176,Fim de Semana,Chá Orgânico,12.0,Sanduíche Caprese,19.0,Delivery,Pix,31.0
2026-02-28,Saturday,1,7,261,Ocasional,Mocha Belga,18.0,Torta de Limão Siciliano,16.0,Balcão,Crédito,34.0
2026-02-28,Saturday,1,8,239,Ocasional,Chá Orgânico,12.0,Cookie Artesanal,9.0,Balcão,Crédito,21.0
2026-03-01,Sunday,1,17,203,Ocasional,Mocha Belga,18.0,Croissant Francês,13.0,Delivery,Pix,31.0
2026-03-01,Sunday,1,9,53,Fim de Semana,Latte Baunilha,16.0,Bolo Red Velvet,15.0,Delivery,Pix,31.0
2026-03-01,Sunday,1,11,73,Ocasional,Espresso Premium,9.5,Quiche de Alho Poró,18.0,Delivery,Crédito,27.5
2026-03-01,Sunday,1,18,209,Ocasional,Mocha Belga,18.0,Bolo Red Velvet,15.0,Delivery,Débito,33.0
2026-03-01,Sunday,1,17,255,Ocasional,Latte Baunilha,16.0,Torta de Limão Siciliano,16.0,Balcão,Crédito,32.0
2026-03-01,Sunday,1,13,165,Fim de Semana,Latte Baunilha,16.0,Torta de Limão Siciliano,16.0,Balcão,Débito,32.0
2026-03-01,Sunday,1,10,231,Fim de Semana,Cappuccino Italiano,14.0,Croissant Francês,13.0,Balcão,Pix,27.0
2026-03-01,Sunday,1,20,187,Fim de Semana,Latte Baunilha,16.0,Quiche de Alho Poró,18.0,Delivery,Débito,34.0
2026-03-01,Sunday,1,13,59,Ocasional,Latte Baunilha,16.0,Cookie Artesanal,9.0,Balcão,Débito,25.0
2026-03-01,Sunday,1,19,150,Ocasional,Latte Baunilha,16.0,Bolo Red Velvet,15.0,Delivery,Pix,31.0
2026-03-01,Sunday,1,16,220,Ocasional,Mocha Belga,18.0,Sanduíche Caprese,19.0,Balcão,Crédito,37.0
2026-03-01,Sunday,1,7,242,Ocasional,Mocha Belga,18.0,Croissant Francês,13.0,Delivery,Crédito,31.0
2026-03-01,Sunday,1,11,236,Trabalhador,Espresso Premium,9.5,Quiche de Alho Poró,18.0,Delivery,Pix,27.5
2026-03-01,Sunday,1,12,49,Ocasional,Chá Orgânico,12.0,Cookie Artesanal,9.0,Delivery,Débito,21.0
2026-03-01,Sunday,1,17,117,Ocasional,Latte Baunilha,16.0,Quiche de Alho Poró,18.0,Balcão,Débito,34.0
2026-03-01,Sunday,1,11,263,Fim de Semana,Mocha Belga,18.0,Torta de Limão Siciliano,16.0,Balcão,Crédito,34.0
2026-03-01,Sunday,1,20,157,Ocasional,Cappuccino Italiano,14.0,Sanduíche Caprese,19.0,Delivery,Pix,33.0
2026-03-01,Sunday,1,7,117,Fim de Semana,Chá Orgânico,12.0,Quiche de Alho Poró,18.0,Delivery,Crédito,30.0
2026-03-01,Sunday,1,15,30,Fim de Semana,Mocha Belga,18.0,Sanduíche Caprese,19.0,Balcão,Pix,37.0
2026-03-01,Sunday,1,20,154,Trabalhador,Espresso Premium,9.5,Bolo Red Velvet,15.0,Balcão,Pix,24.5
2026-03-01,Sunday,1,13,162,Ocasional,Chá Orgânico,12.0,Torta de Limão Siciliano,16.0,Delivery,Pix,28.0
2026-03-01,Sunday,1,12,81,Ocasional,Cappuccino Italiano,14.0,Croissant Francês,13.0,Delivery,Crédito,27.0
2026-03-01,Sunday,1,18,221,Fim de Semana,Cold Brew Especial,17.0,Sanduíche Caprese,19.0,Balcão,Pix,36.0
2026-03-01,Sunday,1,9,270,Ocasional,Cappuccino Italiano,14.0,Torta de Limão Siciliano,16.0,Balcão,Pix,30.0
2026-03-01,Sunday,1,9,80,Trabalhador,Latte Baunilha,16.0,Croissant Francês,13.0,Balcão,Pix,29.0
2026-03-01,Sunday,1,20,233,Fim de Semana,Cappuccino Italiano,14.0,Cookie Artesanal,9.0,Balcão,Débito,23.0
2026-03-01,Sunday,1,19,16,Trabalhador,Chá Orgânico,12.0,Torta de Limão Siciliano,16.0,Balcão,Débito,28.0
2026-03-01,Sunday,1,9,156,Ocasional,Latte Baunilha,16.0,Croissant Francês,13.0,Delivery,Débito,29.0
2026-03-01,Sunday,1,15,215,Ocasional,Cappuccino Italiano,14.0,Cookie Artesanal,9.0,Balcão,Pix,23.0
2026-03-01,Sunday,1,9,279,Trabalhador,Latte Baunilha,16.0,Cookie Artesanal,9.0,Balcão,Débito,25.0
2026-03-01,Sunday,1,11,236,Trabalhador,Cappuccino Italiano,14.0,Cookie Artesanal,9.0,Balcão,Débito,23.0
2026-03-01,Sunday,1,19,125,Trabalhador,Espresso Premium,9.5,Torta de Limão Siciliano,16.0,Delivery,Crédito,25.5
2026-03-01,Sunday,1,10,256,Fim de Semana,Espresso Premium,9.5,Quiche de Alho Poró,18.0,Delivery,Crédito,27.5
2026-03-01,Sunday,1,9,122,Fim de Semana,Espresso Premium,9.5,Quiche de Alho Poró,18.0,Balcão,Débito,27.5
2026-03-01,Sunday,1,11,287,Ocasional,Latte Baunilha,16.0,Bolo Red Velvet,15.0,Balcão,Débito,31.0
2026-03-01,Sunday,1,9,96,Ocasional,Latte Baunilha,16.0,Sanduíche Caprese,19.0,Delivery,Crédito,35.0
2026-03-01,Sunday,1,17,283,Fim de Semana,Chá Orgânico,12.0,Cookie Artesanal,9.0,Balcão,Débito,21.0
2026-03-01,Sunday,1,20,22,Fim de Semana,Espresso Premium,9.5,Bolo Red Velvet,15.0,Balcão,Débito,24.5
2026-03-01,Sunday,1,7,41,Trabalhador,Latte Baunilha,16.0,Bolo Red Velvet,15.0,Delivery,Débito,31.0
2026-03-01,Sunday,1,9,49,Trabalhador,Espresso Premium,9.5,Sanduíche Caprese,19.0,Delivery,Crédito,28.5
2026-03-01,Sunday,1,15,230,Trabalhador,Mocha Belga,18.0,Torta de Limão Siciliano,16.0,Delivery,Débito,34.0
2026-03-01,Sunday,1,11,213,Fim de Semana,Cappuccino Italiano,14.0,Quiche de Alho Poró,18.0,Balcão,Crédito,32.0
2026-03-01,Sunday,1,20,23,Ocasional,Chá Orgânico,12.0,Bolo Red Velvet,15.0,Balcão,Crédito,27.0
2026-03-01,Sunday,1,11,170,Trabalhador,Mocha Belga,18.0,Quiche de Alho Poró,18.0,Balcão,Pix,36.0
2026-03-01,Sunday,1,17,98,Ocasional,Cold Brew Especial,17.0,Torta de Limão Siciliano,16.0,Delivery,Débito,33.0
2026-03-01,Sunday,1,9,88,Trabalhador,Cappuccino Italiano,14.0,Torta de Limão Siciliano,16.0,Delivery,Débito,30.0
2026-03-01,Sunday,1,16,54,Trabalhador,Latte Baunilha,16.0,Croissant Francês,13.0,Delivery,Pix,29.0
2026-03-01,Sunday,1,17,164,Fim de Semana,Cold Brew Especial,17.0,Quiche de Alho Poró,18.0,Delivery,Pix,35.0
2026-03-01,Sunday,1,20,99,Ocasional,Chá Orgânico,12.0,Sanduíche Caprese,19.0,Balcão,Débito,31.0
2026-03-01,Sunday,1,12,25,Fim de Semana,Cold Brew Especial,17.0,Sanduíche Caprese,19.0,Delivery,Débito,36.0
2026-03-01,Sunday,1,18,30,Ocasional,Cold Brew Especial,17.0,Torta de Limão Siciliano,16.0,Delivery,Débito,33.0
2026-03-01,Sunday,1,16,276,Ocasional,Latte Baunilha,16.0,Sanduíche Caprese,19.0,Balcão,Crédito,35.0
2026-03-01,Sunday,1,10,77,Fim de Semana,Mocha Belga,18.0,Sanduíche Caprese,19.0,Delivery,Pix,37.0
2026-03-01,Sunday,1,13,140,Fim de Semana,Chá Orgânico,12.0,Sanduíche Caprese,19.0,Balcão,Crédito,31.0
2026-03-01,Sunday,1,17,197,Fim de Semana,Mocha Belga,18.0,Torta de Limão Siciliano,16.0,Balcão,Crédito,34.0
2026-03-01,Sunday,1,12,204,Ocasional,Cappuccino Italiano,14.0,Torta de Limão Siciliano,16.0,Delivery,Pix,30.0
2026-03-01,Sunday,1,9,200,Trabalhador,Latte Baunilha,16.0,Sanduíche Caprese,19.0,Balcão,Crédito,35.0
2026-03-01,Sunday,1,15,117,Fim de Semana,Mocha Belga,18.0,Torta de Limão Siciliano,16.0,Balcão,Débito,34.0
2026-03-01,Sunday,1,9,55,Trabalhador,Cold Brew Especial,17.0,Torta de Limão Siciliano,16.0,Balcão,Débito,33.0
2026-03-01,Sunday,1,16,35,Trabalhador,Cold Brew Especial,17.0,Bolo Red Velvet,15.0,Balcão,Pix,32.0
2026-03-01,Sunday,1,20,67,Ocasional,Espresso Premium,9.5,Cookie Artesanal,9.0,Delivery,Débito,18.5
2026-03-01,Sunday,1,14,129,Fim de Semana,Mocha Belga,18.0,Croissant Francês,13.0,Balcão,Pix,31.0
2026-03-01,Sunday,1,9,14,Ocasional,Chá Orgânico,12.0,Sanduíche Caprese,19.0,Delivery,Crédito,31.0
2026-03-01,Sunday,1,15,21,Trabalhador,Cold Brew Especial,17.0,Torta de Limão Siciliano,16.0,Delivery,Débito,33.0
2026-03-01,Sunday,1,11,235,Fim de Semana,Mocha Belga,18.0,Torta de Limão Siciliano,16.0,Delivery,Pix,34.0
2026-03-01,Sunday,1,18,130,Fim de Semana,Mocha Belga,18.0,Torta de Limão Siciliano,16.0,Balcão,Débito,34.0
2026-03-01,Sunday,1,19,207,Ocasional,Cappuccino Italiano,14.0,Croissant Francês,13.0,Delivery,Pix,27.0
2026-03-01,Sunday,1,12,154,Ocasional,Latte Baunilha,16.0,Cookie Artesanal,9.0,Delivery,Pix,25.0
2026-03-01,Sunday,1,13,122,Trabalhador,Cold Brew Especial,17.0,Cookie Artesanal,9.0,Delivery,Crédito,26.0
2026-03-01,Sunday,1,10,5,Fim de Semana,Cappuccino Italiano,14.0,Croissant Francês,13.0,Delivery,Pix,27.0
2026-03-01,Sunday,1,11,73,Ocasional,Chá Orgânico,12.0,Cookie Artesanal,9.0,Balcão,Débito,21.0
2026-03-01,Sunday,1,20,159,Fim de Semana,Espresso Premium,9.5,Cookie Artesanal,9.0,Balcão,Pix,18.5
2026-03-01,Sunday,1,7,132,Fim de Semana,Cold Brew Especial,17.0,Torta de Limão Siciliano,16.0,Balcão,Crédito,33.0
2026-03-01,Sunday,1,17,167,Ocasional,Latte Baunilha,16.0,Croissant Francês,13.0,Balcão,Crédito,29.0
2026-03-01,Sunday,1,8,278,Ocasional,Chá Orgânico,12.0,Cookie Artesanal,9.0,Balcão,Pix,21.0
2026-03-01,Sunday,1,16,211,Fim de Semana,Espresso Premium,9.5,Quiche de Alho Poró,18.0,Balcão,Crédito,27.5
2026-03-01,Sunday,1,18,216,Fim de Semana,Espresso Premium,9.5,Cookie Artesanal,9.0,Delivery,Pix,18.5
2026-03-01,Sunday,1,16,130,Ocasional,Latte Baunilha,16.0,Quiche de Alho Poró,18.0,Balcão,Crédito,34.0
2026-03-02,Monday,0,7,99,Fim de Semana,Mocha Belga,18.0,Sanduíche Caprese,19.0,Balcão,Débito,37.0
2026-03-02,Monday,0,8,275,Fim de Semana,Cappuccino Italiano,14.0,Sanduíche Caprese,19.0,Delivery,Débito,33.0
2026-03-02,Monday,0,16,60,Ocasional,Espresso Premium,9.5,Bolo Red Velvet,15.0,Balcão,Pix,24.5
2026-03-02,Monday,0,12,147,Trabalhador,Chá Orgânico,12.0,Cookie Artesanal,9.0,Balcão,Débito,21.0
2026-03-02,Monday,0,7,207,Ocasional,Chá Orgânico,12.0,Croissant Francês,13.0,Delivery,Crédito,25.0
2026-03-02,Monday,0,13,56,Trabalhador,Latte Baunilha,16.0,Sanduíche Caprese,19.0,Delivery,Pix,35.0
2026-03-02,Monday,0,16,142,Ocasional,Mocha Belga,18.0,Cookie Artesanal,9.0,Balcão,Débito,27.0
2026-03-02,Monday,0,11,88,Trabalhador,Mocha Belga,18.0,Bolo Red Velvet,15.0,Delivery,Pix,33.0
2026-03-02,Monday,0,13,133,Fim de Semana,Chá Orgânico,12.0,Quiche de Alho Poró,18.0,Balcão,Pix,30.0
2026-03-02,Monday,0,7,151,Ocasional,Cappuccino Italiano,14.0,Quiche de Alho Poró,18.0,Balcão,Débito,32.0
2026-03-02,Monday,0,12,29,Trabalhador,Espresso Premium,9.5,Quiche de Alho Poró,18.0,Delivery,Débito,27.5
2026-03-02,Monday,0,18,124,Fim de Semana,Cold Brew Especial,17.0,Sanduíche Caprese,19.0,Delivery,Débito,36.0
2026-03-02,Monday,0,14,134,Ocasional,Chá Orgânico,12.0,Cookie Artesanal,9.0,Delivery,Crédito,21.0
2026-03-02,Monday,0,18,160,Fim de Semana,Latte Baunilha,16.0,Sanduíche Caprese,19.0,Balcão,Crédito,35.0
2026-03-02,Monday,0,16,94,Ocasional,Cold Brew Especial,17.0,Cookie Artesanal,9.0,Balcão,Débito,26.0
2026-03-02,Monday,0,14,120,Fim de Semana,Latte Baunilha,16.0,Bolo Red Velvet,15.0,Delivery,Pix,31.0
2026-03-02,Monday,0,10,181,Ocasional,Espresso Premium,9.5,Cookie Artesanal,9.0,Balcão,Débito,18.5
2026-03-02,Monday,0,12,193,Ocasional,Chá Orgânico,12.0,Torta de Limão Siciliano,16.0,Balcão,Débito,28.0
2026-03-02,Monday,0,15,102,Trabalhador,Cold Brew Especial,17.0,Quiche de Alho Poró,18.0,Balcão,Pix,35.0
2026-03-02,Monday,0,10,103,Ocasional,Chá Orgânico,12.0,Croissant Francês,13.0,Delivery,Pix,25.0
2026-03-02,Monday,0,11,78,Ocasional,Cappuccino Italiano,14.0,Bolo Red Velvet,15.0,Delivery,Pix,29.0
2026-03-02,Monday,0,20,206,Ocasional,Cappuccino Italiano,14.0,Quiche de Alho Poró,18.0,Delivery,Débito,32.0
2026-03-02,Monday,0,20,184,Trabalhador,Mocha Belga,18.0,Torta de Limão Siciliano,16.0,Balcão,Crédito,34.0
2026-03-02,Monday,0,18,289,Ocasional,Latte Baunilha,16.0,Quiche de Alho Poró,18.0,Balcão,Crédito,34.0
2026-03-02,Monday,0,20,105,Ocasional,Cold Brew Especial,17.0,Quiche de Alho Poró,18.0,Delivery,Débito,35.0
2026-03-02,Monday,0,16,240,Fim de Semana,Cold Brew Especial,17.0,Quiche de Alho Poró,18.0,Delivery,Pix,35.0
2026-03-02,Monday,0,12,262,Ocasional,Espresso Premium,9.5,Croissant Francês,13.0,Balcão,Pix,22.5
2026-03-02,Monday,0,16,157,Ocasional,Latte Baunilha,16.0,Croissant Francês,13.0,Balcão,Pix,29.0
2026-03-02,Monday,0,11,95,Ocasional,Cold Brew Especial,17.0,Torta de Limão Siciliano,16.0,Delivery,Débito,33.0
2026-03-02,Monday,0,7,241,Fim de Semana,Chá Orgânico,12.0,Quiche de Alho Poró,18.0,Delivery,Pix,30.0
2026-03-02,Monday,0,12,124,Trabalhador,Latte Baunilha,16.0,Torta de Limão Siciliano,16.0,Delivery,Pix,32.0
2026-03-02,Monday,0,16,154,Ocasional,Chá Orgânico,12.0,Torta de Limão Siciliano,16.0,Delivery,Débito,28.0
2026-03-02,Monday,0,13,40,Trabalhador,Chá Orgânico,12.0,Bolo Red Velvet,15.0,Balcão,Pix,27.0
2026-03-02,Monday,0,18,163,Ocasional,Cappuccino Italiano,14.0,Sanduíche Caprese,19.0,Balcão,Crédito,33.0
2026-03-02,Monday,0,14,300,Fim de Semana,Cappuccino Italiano,14.0,Torta de Limão Siciliano,16.0,Balcão,Pix,30.0
2026-03-02,Monday,0,16,37,Trabalhador,Latte Baunilha,16.0,Cookie Artesanal,9.0,Delivery,Pix,25.0
2026-03-02,Monday,0,8,209,Fim de Semana,Cappuccino Italiano,14.0,Torta de Limão Siciliano,16.0,Balcão,Débito,30.0
2026-03-02,Monday,0,20,88,Ocasional,Cappuccino Italiano,14.0,Croissant Francês,13.0,Delivery,Crédito,27.0
2026-03-02,Monday,0,10,296,Fim de Semana,Chá Orgânico,12.0,Sanduíche Caprese,19.0,Delivery,Crédito,31.0
2026-03-02,Monday,0,8,85,Trabalhador,Cappuccino Italiano,14.0,Bolo Red Velvet,15.0,Delivery,Crédito,29.0
2026-03-02,Monday,0,10,21,Ocasional,Cold Brew Especial,17.0,Torta de Limão Siciliano,16.0,Delivery,Crédito,33.0
2026-03-02,Monday,0,17,28,Trabalhador,Espresso Premium,9.5,Cookie Artesanal,9.0,Balcão,Débito,18.5
2026-03-02,Monday,0,12,224,Trabalhador,Cappuccino Italiano,14.0,Cookie Artesanal,9.0,Delivery,Pix,23.0
2026-03-02,Monday,0,14,103,Trabalhador,Espresso Premium,9.5,Sanduíche Caprese,19.0,Delivery,Débito,28.5
2026-03-02,Monday,0,14,55,Trabalhador,Chá Orgânico,12.0,Quiche de Alho Poró,18.0,Delivery,Pix,30.0
2026-03-02,Monday,0,17,78,Ocasional,Latte Baunilha,16.0,Torta de Limão Siciliano,16.0,Balcão,Crédito,32.0
2026-03-02,Monday,0,14,148,Ocasional,Cold Brew Especial,17.0,Croissant Francês,13.0,Balcão,Pix,30.0
2026-03-02,Monday,0,16,127,Ocasional,Mocha Belga,18.0,Croissant Francês,13.0,Delivery,Débito,31.0
2026-03-02,Monday,0,17,196,Trabalhador,Mocha Belga,18.0,Torta de Limão Siciliano,16.0,Delivery,Crédito,34.0
2026-03-02,Monday,0,7,2,Ocasional,Cappuccino Italiano,14.0,Bolo Red Velvet,15.0,Delivery,Crédito,29.0
2026-03-02,Monday,0,16,114,Ocasional,Cold Brew Especial,17.0,Quiche de Alho Poró,18.0,Delivery,Pix,35.0
2026-03-02,Monday,0,11,81,Trabalhador,Cold Brew Especial,17.0,Sanduíche Caprese,19.0,Delivery,Crédito,36.0
2026-03-02,Monday,0,15,190,Fim de Semana,Cappuccino Italiano,14.0,Quiche de Alho Poró,18.0,Balcão,Crédito,32.0
2026-03-02,Monday,0,16,20,Ocasional,Cold Brew Especial,17.0,Cookie Artesanal,9.0,Balcão,Débito,26.0
2026-03-02,Monday,0,14,83,Ocasional,Chá Orgânico,12.0,Torta de Limão Siciliano,16.0,Delivery,Crédito,28.0
2026-03-02,Monday,0,8,228,Ocasional,Cold Brew Especial,17.0,Sanduíche Caprese,19.0,Delivery,Crédito,36.0
2026-03-02,Monday,0,18,260,Trabalhador,Chá Orgânico,12.0,Croissant Francês,13.0,Delivery,Débito,25.0
2026-03-02,Monday,0,14,101,Fim de Semana,Latte Baunilha,16.0,Croissant Francês,13.0,Delivery,Pix,29.0
2026-03-02,Monday,0,8,71,Trabalhador,Cappuccino Italiano,14.0,Cookie Artesanal,9.0,Delivery,Débito,23.0
2026-03-02,Monday,0,16,96,Fim de Semana,Latte Baunilha,16.0,Croissant Francês,13.0,Delivery,Débito,29.0
2026-03-02,Monday,0,16,182,Fim de Semana,Espresso Premium,9.5,Bolo Red Velvet,15.0,Delivery,Crédito,24.5
2026-03-02,Monday,0,14,35,Fim de Semana,Cappuccino Italiano,14.0,Croissant Francês,13.0,Delivery,Débito,27.0
2026-03-02,Monday,0,10,193,Trabalhador,Cold Brew Especial,17.0,Bolo Red Velvet,15.0,Delivery,Pix,32.0
2026-03-02,Monday,0,15,190,Ocasional,Chá Orgânico,12.0,Sanduíche Caprese,19.0,Delivery,Pix,31.0
2026-03-02,Monday,0,14,134,Ocasional,Cold Brew Especial,17.0,Cookie Artesanal,9.0,Delivery,Crédito,26.0
2026-03-02,Monday,0,12,142,Ocasional,Latte Baunilha,16.0,Bolo Red Velvet,15.0,Balcão,Débito,31.0
2026-03-02,Monday,0,20,234,Fim de Semana,Espresso Premium,9.5,Quiche de Alho Poró,18.0,Delivery,Débito,27.5
2026-03-02,Monday,0,7,139,Ocasional,Espresso Premium,9.5,Quiche de Alho Poró,18.0,Balcão,Débito,27.5
2026-03-02,Monday,0,16,289,Ocasional,Latte Baunilha,16.0,Croissant Francês,13.0,Balcão,Débito,29.0
2026-03-02,Monday,0,15,151,Trabalhador,Mocha Belga,18.0,Bolo Red Velvet,15.0,Delivery,Débito,33.0
2026-03-02,Monday,0,8,78,Ocasional,Chá Orgânico,12.0,Croissant Francês,13.0,Balcão,Crédito,25.0
2026-03-02,Monday,0,8,275,Fim de Semana,Latte Baunilha,16.0,Torta de Limão Siciliano,16.0,Delivery,Pix,32.0
2026-03-02,Monday,0,17,188,Fim de Semana,Latte Baunilha,16.0,Torta de Limão Siciliano,16.0,Delivery,Débito,32.0
2026-03-02,Monday,0,14,254,Fim de Semana,Cold Brew Especial,17.0,Cookie Artesanal,9.0,Delivery,Crédito,26.0
2026-03-02,Monday,0,16,53,Ocasional,Cold Brew Especial,17.0,Cookie Artesanal,9.0,Balcão,Débito,26.0
2026-03-03,Tuesday,0,11,3,Ocasional,Espresso Premium,9.5,Sanduíche Caprese,19.0,Balcão,Débito,28.5
2026-03-03,Tuesday,0,12,103,Fim de Semana,Cappuccino Italiano,14.0,Quiche de Alho Poró,18.0,Balcão,Débito,32.0
2026-03-03,Tuesday,0,7,88,Fim de Semana,Latte Baunilha,16.0,Torta de Limão Siciliano,16.0,Balcão,Débito,32.0
2026-03-03,Tuesday,0,20,187,Ocasional,Mocha Belga,18.0,Bolo Red Velvet,15.0,Delivery,Débito,33.0
2026-03-03,Tuesday,0,8,68,Fim de Semana,Espresso Premium,9.5,Torta de Limão Siciliano,16.0,Delivery,Pix,25.5
2026-03-03,Tuesday,0,9,156,Fim de Semana,Cold Brew Especial,17.0,Sanduíche Caprese,19.0,Balcão,Débito,36.0
2026-03-03,Tuesday,0,9,92,Ocasional,Chá Orgânico,12.0,Croissant Francês,13.0,Balcão,Débito,25.0
2026-03-03,Tuesday,0,16,210,Trabalhador,Cappuccino Italiano,14.0,Bolo Red Velvet,15.0,Delivery,Crédito,29.0
2026-03-03,Tuesday,0,20,135,Ocasional,Chá Orgânico,12.0,Croissant Francês,13.0,Balcão,Débito,25.0
2026-03-03,Tuesday,0,12,168,Ocasional,Mocha Belga,18.0,Quiche de Alho Poró,18.0,Delivery,Crédito,36.0
2026-03-03,Tuesday,0,10,69,Trabalhador,Mocha Belga,18.0,Croissant Francês,13.0,Balcão,Débito,31.0
2026-03-03,Tuesday,0,15,258,Trabalhador,Latte Baunilha,16.0,Torta de Limão Siciliano,16.0,Delivery,Pix,32.0
2026-03-03,Tuesday,0,19,219,Ocasional,Cappuccino Italiano,14.0,Cookie Artesanal,9.0,Balcão,Pix,23.0
2026-03-03,Tuesday,0,15,285,Fim de Semana,Cold Brew Especial,17.0,Quiche de Alho Poró,18.0,Delivery,Débito,35.0
2026-03-03,Tuesday,0,20,146,Fim de Semana,Chá Orgânico,12.0,Torta de Limão Siciliano,16.0,Balcão,Débito,28.0
2026-03-03,Tuesday,0,17,245,Fim de Semana,Mocha Belga,18.0,Bolo Red Velvet,15.0,Delivery,Pix,33.0
2026-03-03,Tuesday,0,19,68,Ocasional,Cold Brew Especial,17.0,Quiche de Alho Poró,18.0,Delivery,Pix,35.0
2026-03-03,Tuesday,0,13,87,Ocasional,Chá Orgânico,12.0,Croissant Francês,13.0,Balcão,Crédito,25.0
2026-03-03,Tuesday,0,10,208,Ocasional,Latte Baunilha,16.0,Quiche de Alho Poró,18.0,Delivery,Débito,34.0
2026-03-03,Tuesday,0,20,149,Trabalhador,Chá Orgânico,12.0,Croissant Francês,13.0,Balcão,Pix,25.0
2026-03-03,Tuesday,0,19,292,Ocasional,Cappuccino Italiano,14.0,Bolo Red Velvet,15.0,Balcão,Pix,29.0
2026-03-03,Tuesday,0,20,198,Trabalhador,Chá Orgânico,12.0,Quiche de Alho Poró,18.0,Balcão,Crédito,30.0
2026-03-03,Tuesday,0,11,7,Ocasional,Cappuccino Italiano,14.0,Quiche de Alho Poró,18.0,Delivery,Débito,32.0
2026-03-03,Tuesday,0,10,99,Ocasional,Chá Orgânico,12.0,Croissant Francês,13.0,Balcão,Pix,25.0
2026-03-03,Tuesday,0,20,172,Trabalhador,Cappuccino Italiano,14.0,Sanduíche Caprese,19.0,Delivery,Crédito,33.0
2026-03-03,Tuesday,0,9,96,Ocasional,Cold Brew Especial,17.0,Quiche de Alho Poró,18.0,Balcão,Débito,35.0
2026-03-03,Tuesday,0,8,136,Fim de Semana,Cappuccino Italiano,14.0,Quiche de Alho Poró,18.0,Delivery,Crédito,32.0
2026-03-03,Tuesday,0,15,139,Trabalhador,Cold Brew Especial,17.0,Sanduíche Caprese,19.0,Delivery,Crédito,36.0
2026-03-03,Tuesday,0,19,96,Ocasional,Mocha Belga,18.0,Bolo Red Velvet,15.0,Balcão,Crédito,33.0
2026-03-03,Tuesday,0,17,20,Ocasional,Cappuccino Italiano,14.0,Croissant Francês,13.0,Balcão,Crédito,27.0
2026-03-03,Tuesday,0,15,34,Trabalhador,Cold Brew Especial,17.0,Bolo Red Velvet,15.0,Delivery,Débito,32.0
2026-03-03,Tuesday,0,10,68,Trabalhador,Chá Orgânico,12.0,Croissant Francês,13.0,Delivery,Pix,25.0
2026-03-03,Tuesday,0,8,6,Ocasional,Cold Brew Especial,17.0,Bolo Red Velvet,15.0,Delivery,Crédito,32.0
2026-03-03,Tuesday,0,10,165,Trabalhador,Latte Baunilha,16.0,Croissant Francês,13.0,Balcão,Crédito,29.0
2026-03-03,Tuesday,0,17,68,Fim de Semana,Mocha Belga,18.0,Cookie Artesanal,9.0,Delivery,Crédito,27.0
2026-03-03,Tuesday,0,9,147,Trabalhador,Mocha Belga,18.0,Quiche de Alho Poró,18.0,Balcão,Pix,36.0
2026-03-03,Tuesday,0,14,251,Trabalhador,Mocha Belga,18.0,Torta de Limão Siciliano,16.0,Balcão,Débito,34.0
2026-03-03,Tuesday,0,10,201,Ocasional,Espresso Premium,9.5,Sanduíche Caprese,19.0,Balcão,Pix,28.5
2026-03-03,Tuesday,0,8,224,Trabalhador,Espresso Premium,9.5,Sanduíche Caprese,19.0,Balcão,Crédito,28.5
2026-03-03,Tuesday,0,8,93,Ocasional,Latte Baunilha,16.0,Cookie Artesanal,9.0,Balcão,Pix,25.0
2026-03-03,Tuesday,0,15,222,Fim de Semana,Cappuccino Italiano,14.0,Croissant Francês,13.0,Delivery,Crédito,27.0
2026-03-03,Tuesday,0,13,73,Fim de Semana,Espresso Premium,9.5,Cookie Artesanal,9.0,Balcão,Débito,18.5
2026-03-03,Tuesday,0,8,1,Trabalhador,Chá Orgânico,12.0,Torta de Limão Siciliano,16.0,Balcão,Crédito,28.0
2026-03-03,Tuesday,0,8,99,Trabalhador,Cappuccino Italiano,14.0,Croissant Francês,13.0,Delivery,Pix,27.0
2026-03-03,Tuesday,0,8,20,Trabalhador,Mocha Belga,18.0,Sanduíche Caprese,19.0,Delivery,Pix,37.0
2026-03-03,Tuesday,0,10,142,Trabalhador,Cappuccino Italiano,14.0,Quiche de Alho Poró,18.0,Balcão,Débito,32.0
2026-03-03,Tuesday,0,8,212,Fim de Semana,Mocha Belga,18.0,Bolo Red Velvet,15.0,Balcão,Débito,33.0
2026-03-03,Tuesday,0,8,146,Trabalhador,Latte Baunilha,16.0,Cookie Artesanal,9.0,Delivery,Débito,25.0
2026-03-03,Tuesday,0,18,82,Ocasional,Espresso Premium,9.5,Cookie Artesanal,9.0,Delivery,Crédito,18.5
2026-03-03,Tuesday,0,11,24,Trabalhador,Mocha Belga,18.0,Cookie Artesanal,9.0,Balcão,Pix,27.0
2026-03-03,Tuesday,0,14,40,Fim de Semana,Cold Brew Especial,17.0,Sanduíche Caprese,19.0,Delivery,Débito,36.0
2026-03-03,Tuesday,0,16,168,Trabalhador,Cappuccino Italiano,14.0,Torta de Limão Siciliano,16.0,Balcão,Débito,30.0
2026-03-03,Tuesday,0,16,47,Trabalhador,Cold Brew Especial,17.0,Torta de Limão Siciliano,16.0,Balcão,Débito,33.0
2026-03-03,Tuesday,0,18,221,Trabalhador,Espresso Premium,9.5,Quiche de Alho Poró,18.0,Balcão,Pix,27.5
2026-03-03,Tuesday,0,7,262,Trabalhador,Chá Orgânico,12.0,Quiche de Alho Poró,18.0,Delivery,Pix,30.0
2026-03-03,Tuesday,0,13,197,Fim de Semana,Espresso Premium,9.5,Sanduíche Caprese,19.0,Delivery,Crédito,28.5
2026-03-03,Tuesday,0,19,111,Trabalhador,Espresso Premium,9.5,Sanduíche Caprese,19.0,Balcão,Débito,28.5
2026-03-03,Tuesday,0,19,276,Ocasional,Mocha Belga,18.0,Quiche de Alho Poró,18.0,Delivery,Pix,36.0
2026-03-03,Tuesday,0,17,197,Ocasional,Latte Baunilha,16.0,Quiche de Alho Poró,18.0,Delivery,Pix,34.0
2026-03-03,Tuesday,0,15,55,Ocasional,Espresso Premium,9.5,Torta de Limão Siciliano,16.0,Delivery,Pix,25.5
2026-03-03,Tuesday,0,12,34,Trabalhador,Chá Orgânico,12.0,Sanduíche Caprese,19.0,Delivery,Crédito,31.0
2026-03-03,Tuesday,0,20,173,Fim de Semana,Latte Baunilha,16.0,Cookie Artesanal,9.0,Delivery,Pix,25.0
2026-03-03,Tuesday,0,20,43,Ocasional,Espresso Premium,9.5,Quiche de Alho Poró,18.0,Balcão,Pix,27.5
2026-03-03,Tuesday,0,7,269,Ocasional,Chá Orgânico,12.0,Torta de Limão Siciliano,16.0,Delivery,Débito,28.0
2026-03-03,Tuesday,0,10,296,Ocasional,Chá Orgânico,12.0,Bolo Red Velvet,15.0,Delivery,Crédito,27.0
2026-03-03,Tuesday,0,20,36,Trabalhador,Espresso Premium,9.5,Bolo Red Velvet,15.0,Delivery,Crédito,24.5
2026-03-03,Tuesday,0,14,75,Trabalhador,Mocha Belga,18.0,Cookie Artesanal,9.0,Balcão,Crédito,27.0
2026-03-03,Tuesday,0,17,58,Trabalhador,Mocha Belga,18.0,Sanduíche Caprese,19.0,Balcão,Débito,37.0
2026-03-03,Tuesday,0,10,104,Trabalhador,Latte Baunilha,16.0,Croissant Francês,13.0,Delivery,Débito,29.0
2026-03-03,Tuesday,0,7,218,Ocasional,Cold Brew Especial,17.0,Bolo Red Velvet,15.0,Balcão,Crédito,32.0
2026-03-03,Tuesday,0,11,236,Fim de Semana,Cappuccino Italiano,14.0,Bolo Red Velvet,15.0,Delivery,Crédito,29.0
2026-03-03,Tuesday,0,15,161,Fim de Semana,Cappuccino Italiano,14.0,Bolo Red Velvet,15.0,Balcão,Débito,29.0
2026-03-03,Tuesday,0,17,190,Ocasional,Cold Brew Especial,17.0,Bolo Red Velvet,15.0,Delivery,Pix,32.0
2026-03-03,Tuesday,0,18,218,Ocasional,Espresso Premium,9.5,Quiche de Alho Poró,18.0,Balcão,Crédito,27.5
2026-03-03,Tuesday,0,19,119,Trabalhador,Espresso Premium,9.5,Torta de Limão Siciliano,16.0,Balcão,Pix,25.5
2026-03-03,Tuesday,0,15,273,Trabalhador,Mocha Belga,18.0,Torta de Limão Siciliano,16.0,Delivery,Crédito,34.0
2026-03-03,Tuesday,0,8,36,Fim de Semana,Chá Orgânico,12.0,Cookie Artesanal,9.0,Balcão,Pix,21.0
2026-03-03,Tuesday,0,13,167,Trabalhador,Cappuccino Italiano,14.0,Bolo Red Velvet,15.0,Delivery,Crédito,29.0
2026-03-03,Tuesday,0,9,214,Fim de Semana,Latte Baunilha,16.0,Croissant Francês,13.0,Balcão,Crédito,29.0
2026-03-03,Tuesday,0,13,141,Trabalhador,Cappuccino Italiano,14.0,Bolo Red Velvet,15.0,Balcão,Crédito,29.0
2026-03-03,Tuesday,0,12,94,Ocasional,Latte Baunilha,16.0,Torta de Limão Siciliano,16.0,Delivery,Débito,32.0
2026-03-03,Tuesday,0,16,74,Ocasional,Cappuccino Italiano,14.0,Bolo Red Velvet,15.0,Delivery,Pix,29.0
2026-03-03,Tuesday,0,15,107,Ocasional,Chá Orgânico,12.0,Quiche de Alho Poró,18.0,Delivery,Crédito,30.0
2026-03-03,Tuesday,0,8,217,Ocasional,Mocha Belga,18.0,Torta de Limão Siciliano,16.0,Delivery,Pix,34.0
2026-03-03,Tuesday,0,11,6,Ocasional,Espresso Premium,9.5,Cookie Artesanal,9.0,Balcão,Crédito,18.5
2026-03-03,Tuesday,0,11,68,Fim de Semana,Espresso Premium,9.5,Croissant Francês,13.0,Balcão,Débito,22.5
2026-03-03,Tuesday,0,10,220,Trabalhador,Latte Baunilha,16.0,Sanduíche Caprese,19.0,Balcão,Pix,35.0
2026-03-04,Wednesday,0,14,34,Ocasional,Latte Baunilha,16.0,Quiche de Alho Poró,18.0,Balcão,Crédito,34.0
2026-03-04,Wednesday,0,16,227,Ocasional,Espresso Premium,9.5,Croissant Francês,13.0,Balcão,Pix,22.5
2026-03-04,Wednesday,0,17,254,Fim de Semana,Latte Baunilha,16.0,Sanduíche Caprese,19.0,Balcão,Débito,35.0
2026-03-04,Wednesday,0,11,295,Ocasional,Cold Brew Especial,17.0,Cookie Artesanal,9.0,Balcão,Pix,26.0
2026-03-04,Wednesday,0,8,277,Ocasional,Chá Orgânico,12.0,Croissant Francês,13.0,Balcão,Crédito,25.0
2026-03-04,Wednesday,0,10,147,Ocasional,Espresso Premium,9.5,Bolo Red Velvet,15.0,Balcão,Débito,24.5
2026-03-04,Wednesday,0,10,196,Ocasional,Cold Brew Especial,17.0,Sanduíche Caprese,19.0,Balcão,Crédito,36.0
2026-03-04,Wednesday,0,8,124,Ocasional,Chá Orgânico,12.0,Bolo Red Velvet,15.0,Delivery,Débito,27.0
2026-03-04,Wednesday,0,14,120,Fim de Semana,Chá Orgânico,12.0,Croissant Francês,13.0,Balcão,Pix,25.0
2026-03-04,Wednesday,0,18,109,Fim de Semana,Chá Orgânico,12.0,Quiche de Alho Poró,18.0,Balcão,Crédito,30.0
2026-03-04,Wednesday,0,13,54,Fim de Semana,Chá Orgânico,12.0,Quiche de Alho Poró,18.0,Balcão,Crédito,30.0
2026-03-04,Wednesday,0,9,24,Fim de Semana,Espresso Premium,9.5,Bolo Red Velvet,15.0,Balcão,Pix,24.5
2026-03-04,Wednesday,0,14,137,Fim de Semana,Chá Orgânico,12.0,Torta de Limão Siciliano,16.0,Delivery,Pix,28.0
2026-03-04,Wednesday,0,19,174,Ocasional,Cold Brew Especial,17.0,Torta de Limão Siciliano,16.0,Delivery,Pix,33.0
2026-03-04,Wednesday,0,19,189,Trabalhador,Mocha Belga,18.0,Quiche de Alho Poró,18.0,Delivery,Crédito,36.0
2026-03-04,Wednesday,0,9,156,Fim de Semana,Espresso Premium,9.5,Sanduíche Caprese,19.0,Balcão,Crédito,28.5
2026-03-04,Wednesday,0,17,151,Fim de Semana,Cold Brew Especial,17.0,Croissant Francês,13.0,Balcão,Pix,30.0
2026-03-04,Wednesday,0,18,85,Fim de Semana,Latte Baunilha,16.0,Quiche de Alho Poró,18.0,Balcão,Débito,34.0
2026-03-04,Wednesday,0,20,142,Trabalhador,Latte Baunilha,16.0,Bolo Red Velvet,15.0,Delivery,Débito,31.0
2026-03-04,Wednesday,0,20,243,Trabalhador,Cappuccino Italiano,14.0,Quiche de Alho Poró,18.0,Balcão,Crédito,32.0
2026-03-04,Wednesday,0,8,73,Ocasional,Mocha Belga,18.0,Sanduíche Caprese,19.0,Delivery,Débito,37.0
2026-03-04,Wednesday,0,9,12,Trabalhador,Cappuccino Italiano,14.0,Quiche de Alho Poró,18.0,Balcão,Crédito,32.0
2026-03-04,Wednesday,0,8,74,Trabalhador,Espresso Premium,9.5,Sanduíche Caprese,19.0,Delivery,Débito,28.5
2026-03-04,Wednesday,0,10,187,Fim de Semana,Cold Brew Especial,17.0,Croissant Francês,13.0,Balcão,Pix,30.0
2026-03-04,Wednesday,0,19,73,Ocasional,Cappuccino Italiano,14.0,Torta de Limão Siciliano,16.0,Balcão,Crédito,30.0
2026-03-04,Wednesday,0,19,210,Trabalhador,Espresso Premium,9.5,Cookie Artesanal,9.0,Balcão,Débito,18.5
2026-03-04,Wednesday,0,15,276,Trabalhador,Cold Brew Especial,17.0,Croissant Francês,13.0,Delivery,Débito,30.0
2026-03-04,Wednesday,0,15,151,Trabalhador,Espresso Premium,9.5,Croissant Francês,13.0,Delivery,Crédito,22.5
2026-03-04,Wednesday,0,9,257,Fim de Semana,Cold Brew Especial,17.0,Bolo Red Velvet,15.0,Balcão,Pix,32.0
2026-03-04,Wednesday,0,8,169,Ocasional,Chá Orgânico,12.0,Croissant Francês,13.0,Delivery,Débito,25.0
2026-03-04,Wednesday,0,7,69,Ocasional,Mocha Belga,18.0,Bolo Red Velvet,15.0,Delivery,Crédito,33.0
2026-03-04,Wednesday,0,9,298,Ocasional,Espresso Premium,9.5,Croissant Francês,13.0,Balcão,Pix,22.5
2026-03-04,Wednesday,0,9,41,Ocasional,Chá Orgânico,12.0,Cookie Artesanal,9.0,Delivery,Crédito,21.0
2026-03-04,Wednesday,0,9,137,Ocasional,Chá Orgânico,12.0,Bolo Red Velvet,15.0,Balcão,Débito,27.0
2026-03-04,Wednesday,0,13,118,Trabalhador,Cold Brew Especial,17.0,Torta de Limão Siciliano,16.0,Delivery,Débito,33.0
2026-03-04,Wednesday,0,9,280,Fim de Semana,Cold Brew Especial,17.0,Torta de Limão Siciliano,16.0,Delivery,Débito,33.0
2026-03-04,Wednesday,0,17,198,Fim de Semana,Mocha Belga,18.0,Sanduíche Caprese,19.0,Balcão,Pix,37.0
2026-03-04,Wednesday,0,18,69,Ocasional,Cold Brew Especial,17.0,Sanduíche Caprese,19.0,Balcão,Crédito,36.0
2026-03-04,Wednesday,0,12,5,Fim de Semana,Chá Orgânico,12.0,Quiche de Alho Poró,18.0,Delivery,Pix,30.0
2026-03-04,Wednesday,0,20,212,Ocasional,Espresso Premium,9.5,Cookie Artesanal,9.0,Balcão,Crédito,18.5
2026-03-04,Wednesday,0,12,127,Trabalhador,Mocha Belga,18.0,Torta de Limão Siciliano,16.0,Balcão,Débito,34.0
2026-03-04,Wednesday,0,16,260,Fim de Semana,Cold Brew Especial,17.0,Cookie Artesanal,9.0,Balcão,Débito,26.0
2026-03-04,Wednesday,0,12,47,Trabalhador,Chá Orgânico,12.0,Cookie Artesanal,9.0,Balcão,Débito,21.0
2026-03-04,Wednesday,0,13,235,Ocasional,Cappuccino Italiano,14.0,Sanduíche Caprese,19.0,Balcão,Crédito,33.0
2026-03-04,Wednesday,0,15,249,Ocasional,Cappuccino Italiano,14.0,Sanduíche Caprese,19.0,Balcão,Crédito,33.0
2026-03-04,Wednesday,0,12,160,Trabalhador,Chá Orgânico,12.0,Croissant Francês,13.0,Balcão,Débito,25.0
2026-03-04,Wednesday,0,20,217,Ocasional,Mocha Belga,18.0,Cookie Artesanal,9.0,Delivery,Crédito,27.0
2026-03-04,Wednesday,0,17,198,Trabalhador,Espresso Premium,9.5,Croissant Francês,13.0,Delivery,Pix,22.5
2026-03-04,Wednesday,0,10,178,Ocasional,Cold Brew Especial,17.0,Sanduíche Caprese,19.0,Balcão,Pix,36.0
2026-03-04,Wednesday,0,8,86,Trabalhador,Espresso Premium,9.5,Croissant Francês,13.0,Balcão,Crédito,22.5
2026-03-04,Wednesday,0,9,230,Trabalhador,Mocha Belga,18.0,Torta de Limão Siciliano,16.0,Delivery,Débito,34.0
2026-03-04,Wednesday,0,17,51,Fim de Semana,Cold Brew Especial,17.0,Bolo Red Velvet,15.0,Delivery,Pix,32.0
2026-03-04,Wednesday,0,7,263,Ocasional,Cappuccino Italiano,14.0,Torta de Limão Siciliano,16.0,Delivery,Pix,30.0
2026-03-04,Wednesday,0,10,264,Trabalhador,Latte Baunilha,16.0,Sanduíche Caprese,19.0,Balcão,Débito,35.0
2026-03-04,Wednesday,0,11,208,Fim de Semana,Latte Baunilha,16.0,Quiche de Alho Poró,18.0,Balcão,Crédito,34.0
2026-03-04,Wednesday,0,8,160,Trabalhador,Espresso Premium,9.5,Croissant Francês,13.0,Delivery,Débito,22.5
2026-03-04,Wednesday,0,16,118,Ocasional,Cappuccino Italiano,14.0,Sanduíche Caprese,19.0,Delivery,Débito,33.0
2026-03-04,Wednesday,0,11,103,Trabalhador,Latte Baunilha,16.0,Sanduíche Caprese,19.0,Delivery,Débito,35.0
2026-03-04,Wednesday,0,13,8,Ocasional,Cappuccino Italiano,14.0,Torta de Limão Siciliano,16.0,Balcão,Crédito,30.0
2026-03-04,Wednesday,0,11,130,Trabalhador,Mocha Belga,18.0,Quiche de Alho Poró,18.0,Delivery,Pix,36.0
2026-03-04,Wednesday,0,11,140,Ocasional,Chá Orgânico,12.0,Torta de Limão Siciliano,16.0,Delivery,Crédito,28.0
2026-03-04,Wednesday,0,17,25,Trabalhador,Cappuccino Italiano,14.0,Bolo Red Velvet,15.0,Balcão,Crédito,29.0
2026-03-04,Wednesday,0,19,103,Fim de Semana,Cold Brew Especial,17.0,Torta de Limão Siciliano,16.0,Delivery,Pix,33.0
2026-03-04,Wednesday,0,18,220,Trabalhador,Cappuccino Italiano,14.0,Quiche de Alho Poró,18.0,Balcão,Pix,32.0
2026-03-04,Wednesday,0,16,125,Fim de Semana,Latte Baunilha,16.0,Sanduíche Caprese,19.0,Balcão,Crédito,35.0
2026-03-04,Wednesday,0,12,80,Ocasional,Espresso Premium,9.5,Bolo Red Velvet,15.0,Delivery,Débito,24.5
2026-03-04,Wednesday,0,15,213,Fim de Semana,Chá Orgânico,12.0,Bolo Red Velvet,15.0,Delivery,Débito,27.0
2026-03-04,Wednesday,0,18,26,Trabalhador,Latte Baunilha,16.0,Bolo Red Velvet,15.0,Balcão,Pix,31.0
2026-03-04,Wednesday,0,18,250,Trabalhador,Cappuccino Italiano,14.0,Sanduíche Caprese,19.0,Delivery,Pix,33.0
2026-03-04,Wednesday,0,13,63,Trabalhador,Mocha Belga,18.0,Croissant Francês,13.0,Balcão,Crédito,31.0
2026-03-04,Wednesday,0,7,234,Ocasional,Mocha Belga,18.0,Sanduíche Caprese,19.0,Balcão,Pix,37.0
2026-03-04,Wednesday,0,13,136,Ocasional,Mocha Belga,18.0,Croissant Francês,13.0,Balcão,Crédito,31.0
2026-03-04,Wednesday,0,10,247,Ocasional,Chá Orgânico,12.0,Torta de Limão Siciliano,16.0,Delivery,Débito,28.0
2026-03-04,Wednesday,0,10,19,Fim de Semana,Latte Baunilha,16.0,Sanduíche Caprese,19.0,Delivery,Débito,35.0
2026-03-04,Wednesday,0,11,131,Fim de Semana,Latte Baunilha,16.0,Bolo Red Velvet,15.0,Delivery,Débito,31.0
2026-03-05,Thursday,0,11,274,Trabalhador,Mocha Belga,18.0,Croissant Francês,13.0,Balcão,Pix,31.0
2026-03-05,Thursday,0,14,151,Ocasional,Latte Baunilha,16.0,Croissant Francês,13.0,Delivery,Pix,29.0
2026-03-05,Thursday,0,13,139,Trabalhador,Latte Baunilha,16.0,Croissant Francês,13.0,Balcão,Crédito,29.0
2026-03-05,Thursday,0,18,99,Trabalhador,Cold Brew Especial,17.0,Torta de Limão Siciliano,16.0,Delivery,Crédito,33.0
2026-03-05,Thursday,0,13,293,Fim de Semana,Espresso Premium,9.5,Torta de Limão Siciliano,16.0,Delivery,Pix,25.5
2026-03-05,Thursday,0,12,126,Ocasional,Cappuccino Italiano,14.0,Quiche de Alho Poró,18.0,Delivery,Crédito,32.0
2026-03-05,Thursday,0,16,131,Fim de Semana,Latte Baunilha,16.0,Sanduíche Caprese,19.0,Balcão,Pix,35.0
2026-03-05,Thursday,0,16,45,Trabalhador,Espresso Premium,9.5,Sanduíche Caprese,19.0,Balcão,Débito,28.5
2026-03-05,Thursday,0,12,202,Fim de Semana,Latte Baunilha,16.0,Croissant Francês,13.0,Balcão,Débito,29.0
2026-03-05,Thursday,0,9,84,Trabalhador,Cold Brew Especial,17.0,Torta de Limão Siciliano,16.0,Balcão,Débito,33.0
2026-03-05,Thursday,0,15,281,Trabalhador,Cold Brew Especial,17.0,Cookie Artesanal,9.0,Delivery,Crédito,26.0
2026-03-05,Thursday,0,20,181,Fim de Semana,Mocha Belga,18.0,Sanduíche Caprese,19.0,Balcão,Pix,37.0
2026-03-05,Thursday,0,7,186,Fim de Semana,Chá Orgânico,12.0,Cookie Artesanal,9.0,Delivery,Crédito,21.0
2026-03-05,Thursday,0,13,65,Ocasional,Cold Brew Especial,17.0,Bolo Red Velvet,15.0,Delivery,Débito,32.0
2026-03-05,Thursday,0,20,127,Ocasional,Cold Brew Especial,17.0,Quiche de Alho Poró,18.0,Balcão,Débito,35.0
2026-03-05,Thursday,0,9,150,Fim de Semana,Espresso Premium,9.5,Sanduíche Caprese,19.0,Delivery,Crédito,28.5
2026-03-05,Thursday,0,9,140,Ocasional,Chá Orgânico,12.0,Sanduíche Caprese,19.0,Balcão,Pix,31.0
2026-03-05,Thursday,0,8,33,Ocasional,Latte Baunilha,16.0,Croissant Francês,13.0,Balcão,Crédito,29.0
2026-03-05,Thursday,0,7,121,Ocasional,Espresso Premium,9.5,Sanduíche Caprese,19.0,Delivery,Débito,28.5
2026-03-05,Thursday,0,18,69,Ocasional,Latte Baunilha,16.0,Bolo Red Velvet,15.0,Delivery,Débito,31.0
2026-03-05,Thursday,0,13,190,Trabalhador,Cold Brew Especial,17.0,Quiche de Alho Poró,18.0,Balcão,Débito,35.0
2026-03-05,Thursday,0,11,294,Fim de Semana,Chá Orgânico,12.0,Quiche de Alho Poró,18.0,Balcão,Pix,30.0
2026-03-05,Thursday,0,19,34,Ocasional,Cold Brew Especial,17.0,Torta de Limão Siciliano,16.0,Balcão,Pix,33.0
2026-03-05,Thursday,0,16,132,Ocasional,Latte Baunilha,16.0,Torta de Limão Siciliano,16.0,Delivery,Crédito,32.0
2026-03-05,Thursday,0,16,166,Trabalhador,Latte Baunilha,16.0,Cookie Artesanal,9.0,Delivery,Crédito,25.0
2026-03-05,Thursday,0,17,163,Ocasional,Cold Brew Especial,17.0,Cookie Artesanal,9.0,Delivery,Pix,26.0
2026-03-05,Thursday,0,18,153,Ocasional,Espresso Premium,9.5,Cookie Artesanal,9.0,Balcão,Pix,18.5
2026-03-05,Thursday,0,19,255,Ocasional,Chá Orgânico,12.0,Bolo Red Velvet,15.0,Balcão,Débito,27.0
2026-03-05,Thursday,0,14,116,Trabalhador,Cold Brew Especial,17.0,Sanduíche Caprese,19.0,Delivery,Crédito,36.0
2026-03-05,Thursday,0,8,20,Ocasional,Cappuccino Italiano,14.0,Torta de Limão Siciliano,16.0,Balcão,Crédito,30.0
2026-03-05,Thursday,0,9,27,Trabalhador,Chá Orgânico,12.0,Cookie Artesanal,9.0,Balcão,Débito,21.0
2026-03-05,Thursday,0,10,257,Ocasional,Chá Orgânico,12.0,Croissant Francês,13.0,Delivery,Crédito,25.0
2026-03-05,Thursday,0,15,75,Trabalhador,Chá Orgânico,12.0,Torta de Limão Siciliano,16.0,Balcão,Débito,28.0
2026-03-05,Thursday,0,7,160,Fim de Semana,Chá Orgânico,12.0,Quiche de Alho Poró,18.0,Balcão,Crédito,30.0
2026-03-05,Thursday,0,8,243,Trabalhador,Cappuccino Italiano,14.0,Quiche de Alho Poró,18.0,Balcão,Débito,32.0
2026-03-05,Thursday,0,7,214,Fim de Semana,Cold Brew Especial,17.0,Croissant Francês,13.0,Balcão,Débito,30.0
2026-03-05,Thursday,0,12,99,Trabalhador,Cappuccino Italiano,14.0,Torta de Limão Siciliano,16.0,Delivery,Crédito,30.0
2026-03-05,Thursday,0,10,81,Trabalhador,Mocha Belga,18.0,Cookie Artesanal,9.0,Balcão,Pix,27.0
2026-03-05,Thursday,0,12,103,Trabalhador,Cold Brew Especial,17.0,Torta de Limão Siciliano,16.0,Balcão,Pix,33.0
2026-03-05,Thursday,0,10,226,Trabalhador,Cappuccino Italiano,14.0,Sanduíche Caprese,19.0,Balcão,Crédito,33.0
2026-03-05,Thursday,0,14,39,Trabalhador,Latte Baunilha,16.0,Torta de Limão Siciliano,16.0,Delivery,Débito,32.0
2026-03-05,Thursday,0,17,169,Fim de Semana,Mocha Belga,18.0,Bolo Red Velvet,15.0,Delivery,Pix,33.0
2026-03-05,Thursday,0,11,50,Ocasional,Latte Baunilha,16.0,Bolo Red Velvet,15.0,Delivery,Débito,31.0
2026-03-05,Thursday,0,12,176,Trabalhador,Cold Brew Especial,17.0,Sanduíche Caprese,19.0,Balcão,Crédito,36.0
2026-03-05,Thursday,0,15,254,Fim de Semana,Latte Baunilha,16.0,Torta de Limão Siciliano,16.0,Balcão,Pix,32.0
2026-03-05,Thursday,0,17,10,Trabalhador,Mocha Belga,18.0,Croissant Francês,13.0,Delivery,Crédito,31.0
2026-03-05,Thursday,0,19,12,Fim de Semana,Chá Orgânico,12.0,Sanduíche Caprese,19.0,Delivery,Pix,31.0
2026-03-05,Thursday,0,17,191,Fim de Semana,Latte Baunilha,16.0,Bolo Red Velvet,15.0,Balcão,Débito,31.0
2026-03-05,Thursday,0,7,48,Trabalhador,Cappuccino Italiano,14.0,Torta de Limão Siciliano,16.0,Delivery,Pix,30.0
2026-03-05,Thursday,0,10,172,Ocasional,Chá Orgânico,12.0,Cookie Artesanal,9.0,Balcão,Débito,21.0
2026-03-05,Thursday,0,15,230,Ocasional,Chá Orgânico,12.0,Torta de Limão Siciliano,16.0,Balcão,Débito,28.0
2026-03-05,Thursday,0,8,10,Ocasional,Espresso Premium,9.5,Bolo Red Velvet,15.0,Balcão,Débito,24.5
2026-03-05,Thursday,0,16,108,Trabalhador,Latte Baunilha,16.0,Cookie Artesanal,9.0,Balcão,Pix,25.0
2026-03-05,Thursday,0,15,113,Fim de Semana,Mocha Belga,18.0,Quiche de Alho Poró,18.0,Balcão,Pix,36.0
2026-03-05,Thursday,0,20,137,Trabalhador,Latte Baunilha,16.0,Bolo Red Velvet,15.0,Delivery,Pix,31.0
2026-03-05,Thursday,0,20,236,Ocasional,Mocha Belga,18.0,Quiche de Alho Poró,18.0,Balcão,Pix,36.0
2026-03-05,Thursday,0,11,105,Fim de Semana,Cold Brew Especial,17.0,Croissant Francês,13.0,Delivery,Crédito,30.0
2026-03-05,Thursday,0,17,63,Ocasional,Cold Brew Especial,17.0,Croissant Francês,13.0,Balcão,Pix,30.0
2026-03-05,Thursday,0,9,234,Trabalhador,Cold Brew Especial,17.0,Croissant Francês,13.0,Balcão,Crédito,30.0
2026-03-05,Thursday,0,20,105,Fim de Semana,Cold Brew Especial,17.0,Cookie Artesanal,9.0,Balcão,Pix,26.0
2026-03-05,Thursday,0,8,276,Fim de Semana,Chá Orgânico,12.0,Cookie Artesanal,9.0,Balcão,Pix,21.0
2026-03-05,Thursday,0,20,193,Trabalhador,Chá Orgânico,12.0,Bolo Red Velvet,15.0,Balcão,Crédito,27.0
2026-03-05,Thursday,0,15,22,Fim de Semana,Chá Orgânico,12.0,Croissant Francês,13.0,Balcão,Crédito,25.0
2026-03-05,Thursday,0,14,164,Trabalhador,Espresso Premium,9.5,Sanduíche Caprese,19.0,Delivery,Crédito,28.5
2026-03-05,Thursday,0,19,137,Fim de Semana,Mocha Belga,18.0,Quiche de Alho Poró,18.0,Balcão,Crédito,36.0
2026-03-05,Thursday,0,16,260,Fim de Semana,Espresso Premium,9.5,Croissant Francês,13.0,Delivery,Crédito,22.5
2026-03-05,Thursday,0,11,168,Trabalhador,Espresso Premium,9.5,Bolo Red Velvet,15.0,Delivery,Débito,24.5
2026-03-05,Thursday,0,19,191,Fim de Semana,Mocha Belga,18.0,Bolo Red Velvet,15.0,Balcão,Pix,33.0
2026-03-05,Thursday,0,9,293,Ocasional,Latte Baunilha,16.0,Torta de Limão Siciliano,16.0,Balcão,Débito,32.0
2026-03-05,Thursday,0,16,115,Ocasional,Cold Brew Especial,17.0,Sanduíche Caprese,19.0,Balcão,Pix,36.0
2026-03-05,Thursday,0,8,45,Trabalhador,Espresso Premium,9.5,Sanduíche Caprese,19.0,Delivery,Pix,28.5
2026-03-05,Thursday,0,13,283,Ocasional,Espresso Premium,9.5,Sanduíche Caprese,19.0,Delivery,Crédito,28.5
2026-03-05,Thursday,0,10,32,Fim de Semana,Latte Baunilha,16.0,Cookie Artesanal,9.0,Delivery,Débito,25.0
2026-03-06,Friday,0,10,228,Trabalhador,Cappuccino Italiano,14.0,Bolo Red Velvet,15.0,Delivery,Débito,29.0
2026-03-06,Friday,0,9,297,Trabalhador,Mocha Belga,18.0,Torta de Limão Siciliano,16.0,Delivery,Débito,34.0
2026-03-06,Friday,0,20,182,Ocasional,Cappuccino Italiano,14.0,Bolo Red Velvet,15.0,Delivery,Pix,29.0
2026-03-06,Friday,0,12,55,Trabalhador,Espresso Premium,9.5,Quiche de Alho Poró,18.0,Balcão,Débito,27.5
2026-03-06,Friday,0,13,103,Trabalhador,Latte Baunilha,16.0,Bolo Red Velvet,15.0,Balcão,Débito,31.0
2026-03-06,Friday,0,19,2,Fim de Semana,Chá Orgânico,12.0,Sanduíche Caprese,19.0,Delivery,Débito,31.0
2026-03-06,Friday,0,7,243,Trabalhador,Latte Baunilha,16.0,Croissant Francês,13.0,Delivery,Pix,29.0
2026-03-06,Friday,0,9,262,Trabalhador,Chá Orgânico,12.0,Sanduíche Caprese,19.0,Delivery,Débito,31.0
2026-03-06,Friday,0,12,239,Trabalhador,Cold Brew Especial,17.0,Torta de Limão Siciliano,16.0,Balcão,Débito,33.0
2026-03-06,Friday,0,18,98,Fim de Semana,Latte Baunilha,16.0,Sanduíche Caprese,19.0,Delivery,Pix,35.0
2026-03-06,Friday,0,8,290,Fim de Semana,Mocha Belga,18.0,Bolo Red Velvet,15.0,Delivery,Crédito,33.0
2026-03-06,Friday,0,9,66,Fim de Semana,Cold Brew Especial,17.0,Croissant Francês,13.0,Balcão,Crédito,30.0
2026-03-06,Friday,0,10,49,Trabalhador,Latte Baunilha,16.0,Cookie Artesanal,9.0,Delivery,Crédito,25.0
2026-03-06,Friday,0,18,217,Ocasional,Espresso Premium,9.5,Croissant Francês,13.0,Delivery,Crédito,22.5
2026-03-06,Friday,0,15,53,Fim de Semana,Cappuccino Italiano,14.0,Croissant Francês,13.0,Balcão,Débito,27.0
2026-03-06,Friday,0,7,61,Trabalhador,Espresso Premium,9.5,Torta de Limão Siciliano,16.0,Delivery,Débito,25.5
2026-03-06,Friday,0,17,58,Fim de Semana,Mocha Belga,18.0,Quiche de Alho Poró,18.0,Balcão,Crédito,36.0
2026-03-06,Friday,0,14,28,Ocasional,Espresso Premium,9.5,Cookie Artesanal,9.0,Delivery,Pix,18.5
2026-03-06,Friday,0,14,199,Ocasional,Espresso Premium,9.5,Cookie Artesanal,9.0,Balcão,Pix,18.5
2026-03-06,Friday,0,19,196,Trabalhador,Chá Orgânico,12.0,Cookie Artesanal,9.0,Balcão,Débito,21.0
2026-03-06,Friday,0,19,266,Ocasional,Espresso Premium,9.5,Bolo Red Velvet,15.0,Delivery,Crédito,24.5
2026-03-06,Friday,0,10,10,Fim de Semana,Latte Baunilha,16.0,Croissant Francês,13.0,Balcão,Crédito,29.0
2026-03-06,Friday,0,19,51,Ocasional,Mocha Belga,18.0,Bolo Red Velvet,15.0,Delivery,Débito,33.0
2026-03-06,Friday,0,12,178,Fim de Semana,Cappuccino Italiano,14.0,Sanduíche Caprese,19.0,Balcão,Crédito,33.0
2026-03-06,Friday,0,15,244,Ocasional,Espresso Premium,9.5,Cookie Artesanal,9.0,Delivery,Débito,18.5
2026-03-06,Friday,0,16,86,Trabalhador,Cold Brew Especial,17.0,Sanduíche Caprese,19.0,Delivery,Crédito,36.0
2026-03-06,Friday,0,19,58,Trabalhador,Mocha Belga,18.0,Sanduíche Caprese,19.0,Balcão,Pix,37.0
2026-03-06,Friday,0,7,17,Trabalhador,Espresso Premium,9.5,Cookie Artesanal,9.0,Balcão,Crédito,18.5
2026-03-06,Friday,0,16,9,Ocasional,Cold Brew Especial,17.0,Croissant Francês,13.0,Balcão,Débito,30.0
2026-03-06,Friday,0,13,292,Ocasional,Mocha Belga,18.0,Croissant Francês,13.0,Balcão,Débito,31.0
2026-03-06,Friday,0,16,195,Ocasional,Cappuccino Italiano,14.0,Sanduíche Caprese,19.0,Balcão,Débito,33.0
2026-03-06,Friday,0,7,289,Fim de Semana,Latte Baunilha,16.0,Quiche de Alho Poró,18.0,Delivery,Crédito,34.0
2026-03-06,Friday,0,7,259,Fim de Semana,Cappuccino Italiano,14.0,Sanduíche Caprese,19.0,Balcão,Crédito,33.0
2026-03-06,Friday,0,15,177,Trabalhador,Latte Baunilha,16.0,Bolo Red Velvet,15.0,Delivery,Pix,31.0
2026-03-06,Friday,0,12,46,Trabalhador,Latte Baunilha,16.0,Torta de Limão Siciliano,16.0,Delivery,Débito,32.0
2026-03-06,Friday,0,12,206,Fim de Semana,Latte Baunilha,16.0,Quiche de Alho Poró,18.0,Delivery,Débito,34.0
2026-03-06,Friday,0,13,35,Ocasional,Latte Baunilha,16.0,Cookie Artesanal,9.0,Delivery,Crédito,25.0
2026-03-06,Friday,0,12,21,Fim de Semana,Espresso Premium,9.5,Bolo Red Velvet,15.0,Balcão,Débito,24.5
2026-03-06,Friday,0,18,141,Trabalhador,Cappuccino Italiano,14.0,Croissant Francês,13.0,Balcão,Crédito,27.0
2026-03-06,Friday,0,19,220,Ocasional,Cold Brew Especial,17.0,Cookie Artesanal,9.0,Delivery,Pix,26.0
2026-03-06,Friday,0,10,189,Trabalhador,Cold Brew Especial,17.0,Cookie Artesanal,9.0,Balcão,Crédito,26.0
2026-03-06,Friday,0,13,123,Ocasional,Chá Orgânico,12.0,Cookie Artesanal,9.0,Balcão,Pix,21.0
2026-03-06,Friday,0,11,6,Fim de Semana,Mocha Belga,18.0,Croissant Francês,13.0,Delivery,Pix,31.0
2026-03-06,Friday,0,10,28,Trabalhador,Latte Baunilha,16.0,Sanduíche Caprese,19.0,Delivery,Débito,35.0
2026-03-06,Friday,0,7,260,Trabalhador,Chá Orgânico,12.0,Sanduíche Caprese,19.0,Balcão,Débito,31.0
2026-03-06,Friday,0,17,267,Ocasional,Cold Brew Especial,17.0,Sanduíche Caprese,19.0,Delivery,Débito,36.0
2026-03-06,Friday,0,13,217,Trabalhador,Mocha Belga,18.0,Sanduíche Caprese,19.0,Balcão,Crédito,37.0
2026-03-06,Friday,0,17,257,Fim de Semana,Latte Baunilha,16.0,Cookie Artesanal,9.0,Delivery,Débito,25.0
2026-03-06,Friday,0,12,117,Ocasional,Cappuccino Italiano,14.0,Sanduíche Caprese,19.0,Delivery,Débito,33.0
2026-03-06,Friday,0,19,140,Ocasional,Cold Brew Especial,17.0,Bolo Red Velvet,15.0,Balcão,Crédito,32.0
2026-03-06,Friday,0,16,230,Fim de Semana,Cappuccino Italiano,14.0,Croissant Francês,13.0,Delivery,Crédito,27.0
2026-03-06,Friday,0,7,258,Ocasional,Chá Orgânico,12.0,Bolo Red Velvet,15.0,Delivery,Crédito,27.0
2026-03-06,Friday,0,19,281,Ocasional,Cappuccino Italiano,14.0,Bolo Red Velvet,15.0,Balcão,Débito,29.0
2026-03-06,Friday,0,10,224,Fim de Semana,Chá Orgânico,12.0,Quiche de Alho Poró,18.0,Delivery,Crédito,30.0
2026-03-06,Friday,0,10,47,Trabalhador,Latte Baunilha,16.0,Cookie Artesanal,9.0,Delivery,Débito,25.0
2026-03-06,Friday,0,18,281,Trabalhador,Espresso Premium,9.5,Cookie Artesanal,9.0,Delivery,Crédito,18.5
2026-03-06,Friday,0,20,157,Fim de Semana,Espresso Premium,9.5,Quiche de Alho Poró,18.0,Delivery,Pix,27.5
2026-03-06,Friday,0,16,9,Trabalhador,Espresso Premium,9.5,Sanduíche Caprese,19.0,Balcão,Pix,28.5
2026-03-06,Friday,0,14,266,Ocasional,Chá Orgânico,12.0,Cookie Artesanal,9.0,Balcão,Débito,21.0
2026-03-06,Friday,0,9,63,Ocasional,Chá Orgânico,12.0,Sanduíche Caprese,19.0,Delivery,Crédito,31.0
2026-03-06,Friday,0,11,220,Fim de Semana,Chá Orgânico,12.0,Croissant Francês,13.0,Balcão,Débito,25.0
2026-03-06,Friday,0,15,286,Fim de Semana,Latte Baunilha,16.0,Quiche de Alho Poró,18.0,Balcão,Débito,34.0
2026-03-06,Friday,0,11,170,Ocasional,Latte Baunilha,16.0,Cookie Artesanal,9.0,Balcão,Pix,25.0
2026-03-06,Friday,0,17,261,Trabalhador,Cappuccino Italiano,14.0,Bolo Red Velvet,15.0,Balcão,Pix,29.0
2026-03-06,Friday,0,7,50,Trabalhador,Cappuccino Italiano,14.0,Croissant Francês,13.0,Balcão,Pix,27.0
2026-03-06,Friday,0,15,38,Trabalhador,Chá Orgânico,12.0,Cookie Artesanal,9.0,Delivery,Débito,21.0
2026-03-06,Friday,0,14,74,Ocasional,Latte Baunilha,16.0,Cookie Artesanal,9.0,Balcão,Crédito,25.0
2026-03-06,Friday,0,11,38,Trabalhador,Espresso Premium,9.5,Sanduíche Caprese,19.0,Delivery,Débito,28.5
2026-03-06,Friday,0,17,167,Fim de Semana,Chá Orgânico,12.0,Bolo Red Velvet,15.0,Delivery,Débito,27.0
2026-03-06,Friday,0,12,97,Ocasional,Cappuccino Italiano,14.0,Cookie Artesanal,9.0,Balcão,Débito,23.0
2026-03-06,Friday,0,17,207,Ocasional,Espresso Premium,9.5,Torta de Limão Siciliano,16.0,Balcão,Crédito,25.5
2026-03-06,Friday,0,17,176,Fim de Semana,Mocha Belga,18.0,Cookie Artesanal,9.0,Delivery,Crédito,27.0
2026-03-06,Friday,0,19,116,Fim de Semana,Chá Orgânico,12.0,Quiche de Alho Poró,18.0,Balcão,Débito,30.0
2026-03-06,Friday,0,19,223,Ocasional,Latte Baunilha,16.0,Cookie Artesanal,9.0,Balcão,Crédito,25.0
2026-03-06,Friday,0,15,80,Fim de Semana,Mocha Belga,18.0,Bolo Red Velvet,15.0,Delivery,Pix,33.0
2026-03-06,Friday,0,12,284,Trabalhador,Chá Orgânico,12.0,Bolo Red Velvet,15.0,Balcão,Débito,27.0
2026-03-06,Friday,0,14,244,Ocasional,Chá Orgânico,12.0,Croissant Francês,13.0,Balcão,Crédito,25.0
2026-03-06,Friday,0,14,226,Fim de Semana,Latte Baunilha,16.0,Cookie Artesanal,9.0,Balcão,Pix,25.0
2026-03-06,Friday,0,13,269,Trabalhador,Mocha Belga,18.0,Quiche de Alho Poró,18.0,Delivery,Débito,36.0
2026-03-06,Friday,0,20,112,Fim de Semana,Mocha Belga,18.0,Quiche de Alho Poró,18.0,Balcão,Crédito,36.0
2026-03-07,Saturday,1,9,220,Ocasional,Chá Orgânico,12.0,Cookie Artesanal,9.0,Delivery,Crédito,21.0
2026-03-07,Saturday,1,15,247,Trabalhador,Cappuccino Italiano,14.0,Croissant Francês,13.0,Delivery,Crédito,27.0
2026-03-07,Saturday,1,11,204,Fim de Semana,Chá Orgânico,12.0,Cookie Artesanal,9.0,Delivery,Crédito,21.0
2026-03-07,Saturday,1,9,35,Trabalhador,Chá Orgânico,12.0,Quiche de Alho Poró,18.0,Balcão,Crédito,30.0
2026-03-07,Saturday,1,9,99,Ocasional,Latte Baunilha,16.0,Croissant Francês,13.0,Balcão,Débito,29.0
2026-03-07,Saturday,1,19,97,Trabalhador,Cold Brew Especial,17.0,Cookie Artesanal,9.0,Delivery,Pix,26.0
2026-03-07,Saturday,1,16,199,Trabalhador,Cold Brew Especial,17.0,Torta de Limão Siciliano,16.0,Balcão,Crédito,33.0
2026-03-07,Saturday,1,14,137,Trabalhador,Mocha Belga,18.0,Croissant Francês,13.0,Balcão,Crédito,31.0
2026-03-07,Saturday,1,12,268,Ocasional,Cold Brew Especial,17.0,Quiche de Alho Poró,18.0,Balcão,Débito,35.0
2026-03-07,Saturday,1,12,85,Fim de Semana,Latte Baunilha,16.0,Bolo Red Velvet,15.0,Balcão,Crédito,31.0
2026-03-07,Saturday,1,8,288,Fim de Semana,Latte Baunilha,16.0,Quiche de Alho Poró,18.0,Delivery,Pix,34.0
2026-03-07,Saturday,1,20,101,Trabalhador,Latte Baunilha,16.0,Torta de Limão Siciliano,16.0,Delivery,Débito,32.0
2026-03-07,Saturday,1,15,103,Ocasional,Mocha Belga,18.0,Sanduíche Caprese,19.0,Balcão,Débito,37.0
2026-03-07,Saturday,1,16,256,Trabalhador,Mocha Belga,18.0,Sanduíche Caprese,19.0,Balcão,Crédito,37.0
2026-03-07,Saturday,1,20,61,Trabalhador,Cold Brew Especial,17.0,Sanduíche Caprese,19.0,Balcão,Pix,36.0
2026-03-07,Saturday,1,20,170,Fim de Semana,Espresso Premium,9.5,Bolo Red Velvet,15.0,Balcão,Pix,24.5
2026-03-07,Saturday,1,17,244,Trabalhador,Latte Baunilha,16.0,Bolo Red Velvet,15.0,Balcão,Débito,31.0
2026-03-07,Saturday,1,8,188,Ocasional,Cold Brew Especial,17.0,Sanduíche Caprese,19.0,Balcão,Débito,36.0
2026-03-07,Saturday,1,16,287,Ocasional,Espresso Premium,9.5,Torta de Limão Siciliano,16.0,Delivery,Pix,25.5
2026-03-07,Saturday,1,15,199,Trabalhador,Cold Brew Especial,17.0,Torta de Limão Siciliano,16.0,Balcão,Crédito,33.0
2026-03-07,Saturday,1,11,243,Trabalhador,Cold Brew Especial,17.0,Bolo Red Velvet,15.0,Delivery,Débito,32.0
2026-03-07,Saturday,1,15,198,Fim de Semana,Chá Orgânico,12.0,Quiche de Alho Poró,18.0,Balcão,Débito,30.0
2026-03-07,Saturday,1,19,222,Ocasional,Chá Orgânico,12.0,Croissant Francês,13.0,Delivery,Crédito,25.0
2026-03-07,Saturday,1,13,108,Fim de Semana,Cold Brew Especial,17.0,Quiche de Alho Poró,18.0,Delivery,Débito,35.0
2026-03-07,Saturday,1,10,115,Ocasional,Cold Brew Especial,17.0,Sanduíche Caprese,19.0,Delivery,Débito,36.0
2026-03-07,Saturday,1,8,22,Fim de Semana,Mocha Belga,18.0,Cookie Artesanal,9.0,Balcão,Débito,27.0
2026-03-07,Saturday,1,11,154,Trabalhador,Chá Orgânico,12.0,Croissant Francês,13.0,Balcão,Pix,25.0
2026-03-07,Saturday,1,10,6,Ocasional,Cappuccino Italiano,14.0,Bolo Red Velvet,15.0,Balcão,Débito,29.0
2026-03-07,Saturday,1,9,299,Fim de Semana,Espresso Premium,9.5,Sanduíche Caprese,19.0,Delivery,Crédito,28.5
2026-03-07,Saturday,1,9,155,Fim de Semana,Cappuccino Italiano,14.0,Quiche de Alho Poró,18.0,Delivery,Crédito,32.0
2026-03-07,Saturday,1,16,203,Trabalhador,Mocha Belga,18.0,Bolo Red Velvet,15.0,Balcão,Crédito,33.0
2026-03-07,Saturday,1,10,203,Trabalhador,Chá Orgânico,12.0,Torta de Limão Siciliano,16.0,Delivery,Crédito,28.0
2026-03-07,Saturday,1,12,226,Trabalhador,Cold Brew Especial,17.0,Cookie Artesanal,9.0,Delivery,Crédito,26.0
2026-03-07,Saturday,1,19,32,Fim de Semana,Mocha Belga,18.0,Quiche de Alho Poró,18.0,Balcão,Pix,36.0
2026-03-07,Saturday,1,11,38,Trabalhador,Cold Brew Especial,17.0,Bolo Red Velvet,15.0,Balcão,Pix,32.0
2026-03-07,Saturday,1,13,18,Fim de Semana,Cappuccino Italiano,14.0,Sanduíche Caprese,19.0,Balcão,Débito,33.0
2026-03-07,Saturday,1,13,88,Fim de Semana,Chá Orgânico,12.0,Croissant Francês,13.0,Balcão,Crédito,25.0
2026-03-07,Saturday,1,15,37,Fim de Semana,Cold Brew Especial,17.0,Sanduíche Caprese,19.0,Delivery,Pix,36.0
2026-03-07,Saturday,1,16,120,Trabalhador,Espresso Premium,9.5,Croissant Francês,13.0,Balcão,Pix,22.5
2026-03-07,Saturday,1,11,74,Fim de Semana,Cappuccino Italiano,14.0,Bolo Red Velvet,15.0,Balcão,Crédito,29.0
2026-03-07,Saturday,1,18,129,Ocasional,Cappuccino Italiano,14.0,Torta de Limão Siciliano,16.0,Balcão,Crédito,30.0
2026-03-07,Saturday,1,13,69,Fim de Semana,Latte Baunilha,16.0,Quiche de Alho Poró,18.0,Balcão,Débito,34.0
2026-03-07,Saturday,1,12,201,Ocasional,Latte Baunilha,16.0,Croissant Francês,13.0,Balcão,Pix,29.0
2026-03-07,Saturday,1,7,157,Trabalhador,Espresso Premium,9.5,Sanduíche Caprese,19.0,Delivery,Crédito,28.5
2026-03-07,Saturday,1,11,229,Trabalhador,Chá Orgânico,12.0,Sanduíche Caprese,19.0,Balcão,Débito,31.0
2026-03-07,Saturday,1,20,279,Trabalhador,Cappuccino Italiano,14.0,Bolo Red Velvet,15.0,Delivery,Crédito,29.0
2026-03-07,Saturday,1,8,28,Trabalhador,Cappuccino Italiano,14.0,Quiche de Alho Poró,18.0,Balcão,Crédito,32.0
2026-03-07,Saturday,1,7,260,Ocasional,Chá Orgânico,12.0,Bolo Red Velvet,15.0,Delivery,Débito,27.0
2026-03-07,Saturday,1,8,149,Trabalhador,Latte Baunilha,16.0,Croissant Francês,13.0,Delivery,Crédito,29.0
2026-03-07,Saturday,1,15,258,Ocasional,Espresso Premium,9.5,Sanduíche Caprese,19.0,Delivery,Débito,28.5
2026-03-07,Saturday,1,11,107,Ocasional,Chá Orgânico,12.0,Quiche de Alho Poró,18.0,Delivery,Débito,30.0
2026-03-07,Saturday,1,11,197,Trabalhador,Latte Baunilha,16.0,Quiche de Alho Poró,18.0,Delivery,Débito,34.0
2026-03-07,Saturday,1,13,223,Ocasional,Espresso Premium,9.5,Bolo Red Velvet,15.0,Delivery,Débito,24.5
2026-03-07,Saturday,1,7,128,Trabalhador,Latte Baunilha,16.0,Croissant Francês,13.0,Balcão,Crédito,29.0
2026-03-07,Saturday,1,15,219,Fim de Semana,Cappuccino Italiano,14.0,Bolo Red Velvet,15.0,Balcão,Crédito,29.0
2026-03-07,Saturday,1,9,34,Fim de Semana,Latte Baunilha,16.0,Croissant Francês,13.0,Delivery,Crédito,29.0
2026-03-07,Saturday,1,7,33,Trabalhador,Espresso Premium,9.5,Sanduíche Caprese,19.0,Balcão,Débito,28.5
2026-03-07,Saturday,1,18,247,Ocasional,Latte Baunilha,16.0,Quiche de Alho Poró,18.0,Delivery,Débito,34.0
2026-03-07,Saturday,1,14,88,Trabalhador,Chá Orgânico,12.0,Torta de Limão Siciliano,16.0,Balcão,Crédito,28.0
2026-03-07,Saturday,1,11,78,Trabalhador,Espresso Premium,9.5,Bolo Red Velvet,15.0,Balcão,Pix,24.5
2026-03-07,Saturday,1,16,55,Ocasional,Chá Orgânico,12.0,Croissant Francês,13.0,Delivery,Débito,25.0
2026-03-07,Saturday,1,16,17,Ocasional,Cappuccino Italiano,14.0,Quiche de Alho Poró,18.0,Balcão,Débito,32.0
2026-03-07,Saturday,1,16,184,Trabalhador,Chá Orgânico,12.0,Sanduíche Caprese,19.0,Balcão,Crédito,31.0
2026-03-07,Saturday,1,7,24,Trabalhador,Mocha Belga,18.0,Sanduíche Caprese,19.0,Delivery,Pix,37.0
2026-03-07,Saturday,1,13,48,Trabalhador,Chá Orgânico,12.0,Bolo Red Velvet,15.0,Balcão,Pix,27.0
2026-03-07,Saturday,1,8,24,Trabalhador,Latte Baunilha,16.0,Quiche de Alho Poró,18.0,Delivery,Crédito,34.0
2026-03-07,Saturday,1,15,90,Trabalhador,Espresso Premium,9.5,Quiche de Alho Poró,18.0,Delivery,Crédito,27.5
2026-03-07,Saturday,1,16,30,Ocasional,Latte Baunilha,16.0,Sanduíche Caprese,19.0,Delivery,Débito,35.0
2026-03-07,Saturday,1,10,51,Fim de Semana,Chá Orgânico,12.0,Sanduíche Caprese,19.0,Delivery,Crédito,31.0
2026-03-07,Saturday,1,10,153,Fim de Semana,Chá Orgânico,12.0,Bolo Red Velvet,15.0,Balcão,Crédito,27.0
2026-03-08,Sunday,1,13,249,Fim de Semana,Chá Orgânico,12.0,Quiche de Alho Poró,18.0,Delivery,Pix,30.0
2026-03-08,Sunday,1,15,123,Fim de Semana,Latte Baunilha,16.0,Bolo Red Velvet,15.0,Delivery,Pix,31.0
2026-03-08,Sunday,1,7,43,Trabalhador,Mocha Belga,18.0,Torta de Limão Siciliano,16.0,Delivery,Crédito,34.0
2026-03-08,Sunday,1,16,55,Ocasional,Espresso Premium,9.5,Torta de Limão Siciliano,16.0,Balcão,Crédito,25.5
2026-03-08,Sunday,1,12,253,Trabalhador,Mocha Belga,18.0,Torta de Limão Siciliano,16.0,Delivery,Débito,34.0
2026-03-08,Sunday,1,15,192,Ocasional,Espresso Premium,9.5,Cookie Artesanal,9.0,Balcão,Crédito,18.5
2026-03-08,Sunday,1,19,58,Fim de Semana,Cold Brew Especial,17.0,Cookie Artesanal,9.0,Balcão,Pix,26.0
2026-03-08,Sunday,1,9,11,Fim de Semana,Cold Brew Especial,17.0,Quiche de Alho Poró,18.0,Balcão,Pix,35.0
2026-03-08,Sunday,1,19,254,Fim de Semana,Chá Orgânico,12.0,Sanduíche Caprese,19.0,Balcão,Débito,31.0
2026-03-08,Sunday,1,15,115,Trabalhador,Cold Brew Especial,17.0,Quiche de Alho Poró,18.0,Balcão,Crédito,35.0
2026-03-08,Sunday,1,14,130,Ocasional,Cold Brew Especial,17.0,Quiche de Alho Poró,18.0,Balcão,Pix,35.0
2026-03-08,Sunday,1,9,290,Ocasional,Chá Orgânico,12.0,Bolo Red Velvet,15.0,Delivery,Pix,27.0
2026-03-08,Sunday,1,7,122,Ocasional,Chá Orgânico,12.0,Croissant Francês,13.0,Balcão,Crédito,25.0
2026-03-08,Sunday,1,15,160,Ocasional,Espresso Premium,9.5,Croissant Francês,13.0,Balcão,Crédito,22.5
2026-03-08,Sunday,1,9,212,Trabalhador,Cappuccino Italiano,14.0,Sanduíche Caprese,19.0,Balcão,Pix,33.0
2026-03-08,Sunday,1,17,19,Fim de Semana,Cold Brew Especial,17.0,Torta de Limão Siciliano,16.0,Balcão,Débito,33.0
2026-03-08,Sunday,1,12,126,Ocasional,Chá Orgânico,12.0,Torta de Limão Siciliano,16.0,Delivery,Crédito,28.0
2026-03-08,Sunday,1,7,110,Fim de Semana,Cold Brew Especial,17.0,Croissant Francês,13.0,Balcão,Crédito,30.0
2026-03-08,Sunday,1,19,11,Ocasional,Latte Baunilha,16.0,Cookie Artesanal,9.0,Delivery,Débito,25.0
2026-03-08,Sunday,1,11,184,Fim de Semana,Espresso Premium,9.5,Bolo Red Velvet,15.0,Delivery,Crédito,24.5
2026-03-08,Sunday,1,17,27,Ocasional,Latte Baunilha,16.0,Cookie Artesanal,9.0,Delivery,Pix,25.0
2026-03-08,Sunday,1,7,89,Trabalhador,Cold Brew Especial,17.0,Torta de Limão Siciliano,16.0,Balcão,Pix,33.0
2026-03-08,Sunday,1,12,39,Trabalhador,Espresso Premium,9.5,Sanduíche Caprese,19.0,Delivery,Crédito,28.5
2026-03-08,Sunday,1,18,155,Ocasional,Latte Baunilha,16.0,Cookie Artesanal,9.0,Delivery,Pix,25.0
2026-03-08,Sunday,1,15,299,Fim de Semana,Espresso Premium,9.5,Torta de Limão Siciliano,16.0,Delivery,Pix,25.5
2026-03-08,Sunday,1,8,39,Trabalhador,Chá Orgânico,12.0,Quiche de Alho Poró,18.0,Delivery,Pix,30.0
2026-03-08,Sunday,1,20,281,Trabalhador,Latte Baunilha,16.0,Croissant Francês,13.0,Balcão,Pix,29.0
2026-03-08,Sunday,1,8,98,Trabalhador,Chá Orgânico,12.0,Quiche de Alho Poró,18.0,Delivery,Pix,30.0
2026-03-08,Sunday,1,20,174,Fim de Semana,Cold Brew Especial,17.0,Croissant Francês,13.0,Delivery,Pix,30.0
2026-03-08,Sunday,1,10,262,Ocasional,Espresso Premium,9.5,Torta de Limão Siciliano,16.0,Balcão,Crédito,25.5
2026-03-08,Sunday,1,13,120,Trabalhador,Latte Baunilha,16.0,Quiche de Alho Poró,18.0,Balcão,Pix,34.0
2026-03-08,Sunday,1,20,46,Fim de Semana,Cold Brew Especial,17.0,Croissant Francês,13.0,Delivery,Débito,30.0
2026-03-08,Sunday,1,18,203,Ocasional,Espresso Premium,9.5,Quiche de Alho Poró,18.0,Delivery,Crédito,27.5
2026-03-08,Sunday,1,13,43,Ocasional,Espresso Premium,9.5,Bolo Red Velvet,15.0,Balcão,Crédito,24.5
2026-03-08,Sunday,1,10,158,Fim de Semana,Chá Orgânico,12.0,Bolo Red Velvet,15.0,Delivery,Débito,27.0
2026-03-08,Sunday,1,10,132,Fim de Semana,Mocha Belga,18.0,Torta de Limão Siciliano,16.0,Delivery,Débito,34.0
2026-03-08,Sunday,1,18,254,Ocasional,Chá Orgânico,12.0,Croissant Francês,13.0,Delivery,Pix,25.0
2026-03-08,Sunday,1,9,196,Fim de Semana,Mocha Belga,18.0,Croissant Francês,13.0,Delivery,Crédito,31.0
2026-03-08,Sunday,1,13,102,Fim de Semana,Cold Brew Especial,17.0,Bolo Red Velvet,15.0,Delivery,Débito,32.0
2026-03-08,Sunday,1,16,198,Trabalhador,Mocha Belga,18.0,Quiche de Alho Poró,18.0,Balcão,Pix,36.0
2026-03-08,Sunday,1,12,96,Trabalhador,Cold Brew Especial,17.0,Sanduíche Caprese,19.0,Balcão,Pix,36.0
2026-03-08,Sunday,1,14,120,Trabalhador,Cappuccino Italiano,14.0,Sanduíche Caprese,19.0,Delivery,Débito,33.0
2026-03-08,Sunday,1,13,24,Ocasional,Espresso Premium,9.5,Croissant Francês,13.0,Delivery,Pix,22.5
2026-03-08,Sunday,1,7,241,Fim de Semana,Cappuccino Italiano,14.0,Bolo Red Velvet,15.0,Balcão,Pix,29.0
2026-03-08,Sunday,1,16,122,Fim de Semana,Chá Orgânico,12.0,Sanduíche Caprese,19.0,Balcão,Pix,31.0
2026-03-08,Sunday,1,13,154,Trabalhador,Chá Orgânico,12.0,Quiche de Alho Poró,18.0,Balcão,Crédito,30.0
2026-03-08,Sunday,1,8,127,Ocasional,Cold Brew Especial,17.0,Cookie Artesanal,9.0,Delivery,Pix,26.0
2026-03-08,Sunday,1,19,70,Trabalhador,Cappuccino Italiano,14.0,Quiche de Alho Poró,18.0,Balcão,Débito,32.0
2026-03-08,Sunday,1,12,193,Fim de Semana,Latte Baunilha,16.0,Cookie Artesanal,9.0,Balcão,Débito,25.0
2026-03-08,Sunday,1,15,300,Trabalhador,Latte Baunilha,16.0,Croissant Francês,13.0,Delivery,Pix,29.0
2026-03-08,Sunday,1,10,157,Ocasional,Latte Baunilha,16.0,Quiche de Alho Poró,18.0,Balcão,Débito,34.0
2026-03-08,Sunday,1,12,175,Fim de Semana,Cappuccino Italiano,14.0,Sanduíche Caprese,19.0,Balcão,Débito,33.0
2026-03-08,Sunday,1,12,33,Trabalhador,Cold Brew Especial,17.0,Cookie Artesanal,9.0,Delivery,Débito,26.0
2026-03-08,Sunday,1,9,228,Ocasional,Cold Brew Especial,17.0,Croissant Francês,13.0,Balcão,Pix,30.0
2026-03-08,Sunday,1,17,67,Fim de Semana,Espresso Premium,9.5,Torta de Limão Siciliano,16.0,Delivery,Pix,25.5
2026-03-08,Sunday,1,17,227,Ocasional,Cappuccino Italiano,14.0,Quiche de Alho Poró,18.0,Delivery,Crédito,32.0
2026-03-08,Sunday,1,20,162,Ocasional,Chá Orgânico,12.0,Quiche de Alho Poró,18.0,Delivery,Crédito,30.0
2026-03-08,Sunday,1,13,235,Trabalhador,Latte Baunilha,16.0,Sanduíche Caprese,19.0,Delivery,Crédito,35.0
2026-03-08,Sunday,1,18,117,Fim de Semana,Cappuccino Italiano,14.0,Bolo Red Velvet,15.0,Balcão,Crédito,29.0
2026-03-08,Sunday,1,16,283,Fim de Semana,Latte Baunilha,16.0,Cookie Artesanal,9.0,Delivery,Crédito,25.0
2026-03-08,Sunday,1,19,154,Fim de Semana,Cold Brew Especial,17.0,Croissant Francês,13.0,Balcão,Pix,30.0
2026-03-08,Sunday,1,13,89,Trabalhador,Espresso Premium,9.5,Quiche de Alho Poró,18.0,Balcão,Débito,27.5
2026-03-08,Sunday,1,8,267,Trabalhador,Mocha Belga,18.0,Torta de Limão Siciliano,16.0,Delivery,Crédito,34.0
2026-03-08,Sunday,1,19,234,Ocasional,Cold Brew Especial,17.0,Torta de Limão Siciliano,16.0,Balcão,Pix,33.0
2026-03-08,Sunday,1,14,135,Trabalhador,Chá Orgânico,12.0,Bolo Red Velvet,15.0,Delivery,Crédito,27.0
2026-03-08,Sunday,1,18,61,Ocasional,Cappuccino Italiano,14.0,Quiche de Alho Poró,18.0,Delivery,Débito,32.0
2026-03-08,Sunday,1,12,17,Ocasional,Cold Brew Especial,17.0,Cookie Artesanal,9.0,Delivery,Crédito,26.0
2026-03-08,Sunday,1,7,222,Ocasional,Cold Brew Especial,17.0,Bolo Red Velvet,15.0,Delivery,Pix,32.0
2026-03-08,Sunday,1,12,228,Trabalhador,Latte Baunilha,16.0,Sanduíche Caprese,19.0,Balcão,Pix,35.0
2026-03-08,Sunday,1,15,132,Fim de Semana,Cold Brew Especial,17.0,Cookie Artesanal,9.0,Delivery,Débito,26.0
2026-03-08,Sunday,1,11,207,Trabalhador,Chá Orgânico,12.0,Torta de Limão Siciliano,16.0,Delivery,Crédito,28.0
2026-03-08,Sunday,1,7,97,Ocasional,Espresso Premium,9.5,Sanduíche Caprese,19.0,Balcão,Pix,28.5
2026-03-09,Monday,0,18,186,Trabalhador,Chá Orgânico,12.0,Croissant Francês,13.0,Delivery,Débito,25.0
2026-03-09,Monday,0,20,100,Fim de Semana,Cappuccino Italiano,14.0,Quiche de Alho Poró,18.0,Delivery,Pix,32.0
2026-03-09,Monday,0,12,81,Trabalhador,Mocha Belga,18.0,Quiche de Alho Poró,18.0,Balcão,Pix,36.0
2026-03-09,Monday,0,13,67,Fim de Semana,Espresso Premium,9.5,Croissant Francês,13.0,Balcão,Pix,22.5
2026-03-09,Monday,0,13,122,Fim de Semana,Cappuccino Italiano,14.0,Croissant Francês,13.0,Balcão,Crédito,27.0
2026-03-09,Monday,0,8,131,Ocasional,Chá Orgânico,12.0,Quiche de Alho Poró,18.0,Delivery,Crédito,30.0
2026-03-09,Monday,0,14,89,Ocasional,Mocha Belga,18.0,Sanduíche Caprese,19.0,Delivery,Débito,37.0
2026-03-09,Monday,0,9,103,Fim de Semana,Cold Brew Especial,17.0,Torta de Limão Siciliano,16.0,Delivery,Crédito,33.0
2026-03-09,Monday,0,17,220,Trabalhador,Latte Baunilha,16.0,Sanduíche Caprese,19.0,Balcão,Pix,35.0
2026-03-09,Monday,0,7,96,Trabalhador,Cold Brew Especial,17.0,Bolo Red Velvet,15.0,Delivery,Crédito,32.0
2026-03-09,Monday,0,8,238,Fim de Semana,Espresso Premium,9.5,Cookie Artesanal,9.0,Balcão,Crédito,18.5
2026-03-09,Monday,0,7,219,Fim de Semana,Chá Orgânico,12.0,Torta de Limão Siciliano,16.0,Balcão,Pix,28.0
2026-03-09,Monday,0,12,113,Trabalhador,Cappuccino Italiano,14.0,Sanduíche Caprese,19.0,Balcão,Crédito,33.0
2026-03-09,Monday,0,13,202,Ocasional,Cold Brew Especial,17.0,Sanduíche Caprese,19.0,Delivery,Débito,36.0
2026-03-09,Monday,0,10,259,Ocasional,Chá Orgânico,12.0,Bolo Red Velvet,15.0,Balcão,Débito,27.0
2026-03-09,Monday,0,18,44,Trabalhador,Mocha Belga,18.0,Quiche de Alho Poró,18.0,Balcão,Débito,36.0
2026-03-09,Monday,0,11,158,Trabalhador,Cold Brew Especial,17.0,Cookie Artesanal,9.0,Delivery,Pix,26.0
2026-03-09,Monday,0,19,210,Fim de Semana,Latte Baunilha,16.0,Cookie Artesanal,9.0,Delivery,Crédito,25.0
2026-03-09,Monday,0,13,295,Trabalhador,Cold Brew Especial,17.0,Bolo Red Velvet,15.0,Delivery,Crédito,32.0
2026-03-09,Monday,0,9,36,Fim de Semana,Mocha Belga,18.0,Croissant Francês,13.0,Balcão,Pix,31.0
2026-03-09,Monday,0,20,99,Fim de Semana,Espresso Premium,9.5,Quiche de Alho Poró,18.0,Balcão,Pix,27.5
2026-03-09,Monday,0,13,21,Ocasional,Chá Orgânico,12.0,Sanduíche Caprese,19.0,Delivery,Crédito,31.0
2026-03-09,Monday,0,10,196,Fim de Semana,Mocha Belga,18.0,Croissant Francês,13.0,Delivery,Crédito,31.0
2026-03-09,Monday,0,18,31,Ocasional,Cold Brew Especial,17.0,Torta de Limão Siciliano,16.0,Balcão,Débito,33.0
2026-03-09,Monday,0,19,196,Trabalhador,Cappuccino Italiano,14.0,Bolo Red Velvet,15.0,Delivery,Pix,29.0
2026-03-09,Monday,0,10,176,Ocasional,Mocha Belga,18.0,Croissant Francês,13.0,Balcão,Crédito,31.0
2026-03-09,Monday,0,9,173,Trabalhador,Latte Baunilha,16.0,Croissant Francês,13.0,Balcão,Pix,29.0
2026-03-09,Monday,0,19,244,Ocasional,Cold Brew Especial,17.0,Torta de Limão Siciliano,16.0,Balcão,Crédito,33.0
2026-03-09,Monday,0,9,159,Fim de Semana,Chá Orgânico,12.0,Bolo Red Velvet,15.0,Balcão,Pix,27.0
2026-03-09,Monday,0,9,37,Ocasional,Latte Baunilha,16.0,Quiche de Alho Poró,18.0,Delivery,Crédito,34.0
2026-03-09,Monday,0,8,193,Trabalhador,Mocha Belga,18.0,Quiche de Alho Poró,18.0,Delivery,Crédito,36.0
2026-03-09,Monday,0,19,101,Ocasional,Cold Brew Especial,17.0,Torta de Limão Siciliano,16.0,Balcão,Pix,33.0
2026-03-09,Monday,0,7,266,Trabalhador,Cappuccino Italiano,14.0,Croissant Francês,13.0,Balcão,Pix,27.0
2026-03-09,Monday,0,11,100,Ocasional,Mocha Belga,18.0,Sanduíche Caprese,19.0,Delivery,Crédito,37.0
2026-03-09,Monday,0,7,60,Fim de Semana,Mocha Belga,18.0,Sanduíche Caprese,19.0,Delivery,Débito,37.0
2026-03-09,Monday,0,12,107,Fim de Semana,Chá Orgânico,12.0,Torta de Limão Siciliano,16.0,Delivery,Crédito,28.0
2026-03-09,Monday,0,14,267,Fim de Semana,Espresso Premium,9.5,Torta de Limão Siciliano,16.0,Delivery,Pix,25.5
2026-03-09,Monday,0,14,180,Ocasional,Mocha Belga,18.0,Bolo Red Velvet,15.0,Delivery,Pix,33.0
2026-03-09,Monday,0,13,124,Trabalhador,Cold Brew Especial,17.0,Cookie Artesanal,9.0,Balcão,Débito,26.0
2026-03-09,Monday,0,8,123,Ocasional,Cappuccino Italiano,14.0,Croissant Francês,13.0,Balcão,Crédito,27.0
2026-03-09,Monday,0,16,127,Ocasional,Cappuccino Italiano,14.0,Cookie Artesanal,9.0,Balcão,Crédito,23.0
2026-03-09,Monday,0,15,283,Ocasional,Cappuccino Italiano,14.0,Quiche de Alho Poró,18.0,Balcão,Débito,32.0
2026-03-09,Monday,0,18,102,Trabalhador,Cold Brew Especial,17.0,Croissant Francês,13.0,Balcão,Pix,30.0
2026-03-09,Monday,0,7,134,Trabalhador,Latte Baunilha,16.0,Sanduíche Caprese,19.0,Delivery,Pix,35.0
2026-03-09,Monday,0,18,27,Fim de Semana,Espresso Premium,9.5,Bolo Red Velvet,15.0,Balcão,Pix,24.5
2026-03-09,Monday,0,16,9,Ocasional,Chá Orgânico,12.0,Cookie Artesanal,9.0,Delivery,Débito,21.0
2026-03-09,Monday,0,18,221,Ocasional,Chá Orgânico,12.0,Quiche de Alho Poró,18.0,Delivery,Pix,30.0
2026-03-09,Monday,0,19,207,Fim de Semana,Latte Baunilha,16.0,Bolo Red Velvet,15.0,Balcão,Crédito,31.0
2026-03-09,Monday,0,11,98,Trabalhador,Espresso Premium,9.5,Torta de Limão Siciliano,16.0,Balcão,Crédito,25.5
2026-03-09,Monday,0,12,291,Ocasional,Chá Orgânico,12.0,Sanduíche Caprese,19.0,Delivery,Crédito,31.0
2026-03-09,Monday,0,11,135,Fim de Semana,Latte Baunilha,16.0,Bolo Red Velvet,15.0,Balcão,Débito,31.0
2026-03-09,Monday,0,9,230,Ocasional,Cappuccino Italiano,14.0,Croissant Francês,13.0,Balcão,Débito,27.0
2026-03-09,Monday,0,13,52,Ocasional,Mocha Belga,18.0,Cookie Artesanal,9.0,Delivery,Débito,27.0
2026-03-09,Monday,0,18,190,Ocasional,Espresso Premium,9.5,Torta de Limão Siciliano,16.0,Delivery,Pix,25.5
2026-03-09,Monday,0,19,38,Trabalhador,Cappuccino Italiano,14.0,Bolo Red Velvet,15.0,Delivery,Pix,29.0
2026-03-09,Monday,0,8,81,Trabalhador,Mocha Belga,18.0,Quiche de Alho Poró,18.0,Delivery,Pix,36.0
2026-03-09,Monday,0,14,106,Trabalhador,Chá Orgânico,12.0,Croissant Francês,13.0,Balcão,Crédito,25.0
2026-03-09,Monday,0,18,105,Fim de Semana,Espresso Premium,9.5,Torta de Limão Siciliano,16.0,Delivery,Crédito,25.5
2026-03-09,Monday,0,20,5,Trabalhador,Chá Orgânico,12.0,Cookie Artesanal,9.0,Balcão,Débito,21.0
2026-03-09,Monday,0,7,89,Ocasional,Cold Brew Especial,17.0,Bolo Red Velvet,15.0,Delivery,Pix,32.0
2026-03-09,Monday,0,12,31,Trabalhador,Latte Baunilha,16.0,Sanduíche Caprese,19.0,Balcão,Débito,35.0
2026-03-09,Monday,0,17,77,Fim de Semana,Latte Baunilha,16.0,Cookie Artesanal,9.0,Delivery,Crédito,25.0
2026-03-09,Monday,0,10,18,Trabalhador,Cappuccino Italiano,14.0,Quiche de Alho Poró,18.0,Delivery,Débito,32.0
2026-03-09,Monday,0,19,30,Trabalhador,Cappuccino Italiano,14.0,Cookie Artesanal,9.0,Delivery,Crédito,23.0
2026-03-09,Monday,0,18,282,Ocasional,Latte Baunilha,16.0,Bolo Red Velvet,15.0,Delivery,Pix,31.0
2026-03-09,Monday,0,14,54,Fim de Semana,Chá Orgânico,12.0,Sanduíche Caprese,19.0,Balcão,Débito,31.0
2026-03-09,Monday,0,10,223,Fim de Semana,Cold Brew Especial,17.0,Cookie Artesanal,9.0,Delivery,Débito,26.0
2026-03-09,Monday,0,8,47,Trabalhador,Latte Baunilha,16.0,Quiche de Alho Poró,18.0,Balcão,Crédito,34.0
2026-03-09,Monday,0,14,268,Trabalhador,Mocha Belga,18.0,Bolo Red Velvet,15.0,Delivery,Crédito,33.0
2026-03-09,Monday,0,18,52,Ocasional,Cappuccino Italiano,14.0,Croissant Francês,13.0,Delivery,Pix,27.0
2026-03-09,Monday,0,11,115,Trabalhador,Espresso Premium,9.5,Torta de Limão Siciliano,16.0,Delivery,Débito,25.5
2026-03-09,Monday,0,13,10,Ocasional,Mocha Belga,18.0,Croissant Francês,13.0,Delivery,Pix,31.0
2026-03-09,Monday,0,13,186,Fim de Semana,Mocha Belga,18.0,Quiche de Alho Poró,18.0,Balcão,Débito,36.0
2026-03-09,Monday,0,7,199,Fim de Semana,Cold Brew Especial,17.0,Cookie Artesanal,9.0,Balcão,Débito,26.0
2026-03-09,Monday,0,16,212,Trabalhador,Mocha Belga,18.0,Cookie Artesanal,9.0,Balcão,Pix,27.0
2026-03-09,Monday,0,9,100,Ocasional,Cappuccino Italiano,14.0,Torta de Limão Siciliano,16.0,Balcão,Débito,30.0
2026-03-10,Tuesday,0,12,66,Trabalhador,Latte Baunilha,16.0,Croissant Francês,13.0,Balcão,Crédito,29.0
2026-03-10,Tuesday,0,19,279,Ocasional,Mocha Belga,18.0,Croissant Francês,13.0,Balcão,Crédito,31.0
2026-03-10,Tuesday,0,15,74,Fim de Semana,Cappuccino Italiano,14.0,Sanduíche Caprese,19.0,Balcão,Crédito,33.0
2026-03-10,Tuesday,0,17,10,Trabalhador,Espresso Premium,9.5,Quiche de Alho Poró,18.0,Delivery,Débito,27.5
2026-03-10,Tuesday,0,9,114,Fim de Semana,Latte Baunilha,16.0,Bolo Red Velvet,15.0,Balcão,Débito,31.0
2026-03-10,Tuesday,0,7,41,Trabalhador,Cold Brew Especial,17.0,Quiche de Alho Poró,18.0,Balcão,Pix,35.0
2026-03-10,Tuesday,0,10,177,Ocasional,Chá Orgânico,12.0,Torta de Limão Siciliano,16.0,Delivery,Pix,28.0
2026-03-10,Tuesday,0,13,80,Ocasional,Chá Orgânico,12.0,Sanduíche Caprese,19.0,Balcão,Débito,31.0
2026-03-10,Tuesday,0,10,210,Fim de Semana,Cold Brew Especial,17.0,Quiche de Alho Poró,18.0,Delivery,Pix,35.0
2026-03-10,Tuesday,0,7,139,Fim de Semana,Chá Orgânico,12.0,Torta de Limão Siciliano,16.0,Balcão,Crédito,28.0
2026-03-10,Tuesday,0,12,213,Trabalhador,Espresso Premium,9.5,Torta de Limão Siciliano,16.0,Balcão,Pix,25.5
2026-03-10,Tuesday,0,14,39,Fim de Semana,Latte Baunilha,16.0,Cookie Artesanal,9.0,Balcão,Débito,25.0
2026-03-10,Tuesday,0,15,63,Fim de Semana,Latte Baunilha,16.0,Torta de Limão Siciliano,16.0,Balcão,Crédito,32.0
2026-03-10,Tuesday,0,20,270,Fim de Semana,Mocha Belga,18.0,Torta de Limão Siciliano,16.0,Balcão,Crédito,34.0
2026-03-10,Tuesday,0,17,258,Fim de Semana,Cappuccino Italiano,14.0,Croissant Francês,13.0,Balcão,Pix,27.0
2026-03-10,Tuesday,0,18,51,Fim de Semana,Cappuccino Italiano,14.0,Croissant Francês,13.0,Balcão,Pix,27.0
2026-03-10,Tuesday,0,16,255,Fim de Semana,Mocha Belga,18.0,Torta de Limão Siciliano,16.0,Balcão,Pix,34.0
2026-03-10,Tuesday,0,14,286,Ocasional,Mocha Belga,18.0,Torta de Limão Siciliano,16.0,Delivery,Débito,34.0
2026-03-10,Tuesday,0,13,90,Fim de Semana,Espresso Premium,9.5,Torta de Limão Siciliano,16.0,Delivery,Débito,25.5
2026-03-10,Tuesday,0,18,222,Ocasional,Chá Orgânico,12.0,Quiche de Alho Poró,18.0,Delivery,Crédito,30.0
2026-03-10,Tuesday,0,7,202,Fim de Semana,Chá Orgânico,12.0,Croissant Francês,13.0,Delivery,Débito,25.0
2026-03-10,Tuesday,0,16,243,Ocasional,Mocha Belga,18.0,Bolo Red Velvet,15.0,Delivery,Pix,33.0
2026-03-10,Tuesday,0,7,3,Fim de Semana,Cold Brew Especial,17.0,Bolo Red Velvet,15.0,Delivery,Débito,32.0
2026-03-10,Tuesday,0,13,216,Fim de Semana,Chá Orgânico,12.0,Torta de Limão Siciliano,16.0,Delivery,Crédito,28.0
2026-03-10,Tuesday,0,19,261,Ocasional,Mocha Belga,18.0,Torta de Limão Siciliano,16.0,Balcão,Crédito,34.0
2026-03-10,Tuesday,0,17,63,Trabalhador,Cappuccino Italiano,14.0,Quiche de Alho Poró,18.0,Balcão,Débito,32.0
2026-03-10,Tuesday,0,7,137,Ocasional,Cappuccino Italiano,14.0,Bolo Red Velvet,15.0,Balcão,Crédito,29.0
2026-03-10,Tuesday,0,13,183,Ocasional,Cappuccino Italiano,14.0,Croissant Francês,13.0,Balcão,Crédito,27.0
2026-03-10,Tuesday,0,20,58,Ocasional,Cold Brew Especial,17.0,Cookie Artesanal,9.0,Delivery,Crédito,26.0
2026-03-10,Tuesday,0,11,231,Trabalhador,Mocha Belga,18.0,Sanduíche Caprese,19.0,Delivery,Pix,37.0
2026-03-10,Tuesday,0,11,290,Fim de Semana,Espresso Premium,9.5,Croissant Francês,13.0,Balcão,Pix,22.5
2026-03-10,Tuesday,0,16,121,Ocasional,Chá Orgânico,12.0,Cookie Artesanal,9.0,Balcão,Crédito,21.0
2026-03-10,Tuesday,0,13,41,Fim de Semana,Chá Orgânico,12.0,Cookie Artesanal,9.0,Delivery,Débito,21.0
2026-03-10,Tuesday,0,11,101,Trabalhador,Chá Orgânico,12.0,Sanduíche Caprese,19.0,Balcão,Crédito,31.0
2026-03-10,Tuesday,0,19,125,Trabalhador,Mocha Belga,18.0,Torta de Limão Siciliano,16.0,Balcão,Débito,34.0
2026-03-10,Tuesday,0,19,271,Trabalhador,Latte Baunilha,16.0,Quiche de Alho Poró,18.0,Balcão,Crédito,34.0
2026-03-10,Tuesday,0,9,104,Fim de Semana,Cold Brew Especial,17.0,Torta de Limão Siciliano,16.0,Balcão,Débito,33.0
2026-03-10,Tuesday,0,19,212,Ocasional,Chá Orgânico,12.0,Torta de Limão Siciliano,16.0,Delivery,Pix,28.0
2026-03-10,Tuesday,0,7,100,Trabalhador,Chá Orgânico,12.0,Sanduíche Caprese,19.0,Balcão,Débito,31.0
2026-03-10,Tuesday,0,13,104,Trabalhador,Mocha Belga,18.0,Cookie Artesanal,9.0,Delivery,Pix,27.0
2026-03-10,Tuesday,0,18,56,Trabalhador,Cold Brew Especial,17.0,Sanduíche Caprese,19.0,Balcão,Pix,36.0
2026-03-10,Tuesday,0,14,273,Fim de Semana,Mocha Belga,18.0,Cookie Artesanal,9.0,Delivery,Débito,27.0
2026-03-10,Tuesday,0,9,245,Trabalhador,Latte Baunilha,16.0,Bolo Red Velvet,15.0,Delivery,Pix,31.0
2026-03-10,Tuesday,0,19,75,Fim de Semana,Espresso Premium,9.5,Bolo Red Velvet,15.0,Delivery,Crédito,24.5
2026-03-10,Tuesday,0,18,6,Trabalhador,Chá Orgânico,12.0,Sanduíche Caprese,19.0,Balcão,Pix,31.0
2026-03-10,Tuesday,0,8,230,Trabalhador,Chá Orgânico,12.0,Croissant Francês,13.0,Delivery,Débito,25.0
2026-03-10,Tuesday,0,8,231,Ocasional,Latte Baunilha,16.0,Quiche de Alho Poró,18.0,Balcão,Crédito,34.0
2026-03-10,Tuesday,0,20,216,Ocasional,Mocha Belga,18.0,Sanduíche Caprese,19.0,Balcão,Crédito,37.0
2026-03-10,Tuesday,0,8,205,Trabalhador,Latte Baunilha,16.0,Quiche de Alho Poró,18.0,Balcão,Pix,34.0
2026-03-10,Tuesday,0,11,247,Ocasional,Mocha Belga,18.0,Croissant Francês,13.0,Delivery,Débito,31.0
2026-03-10,Tuesday,0,16,172,Fim de Semana,Mocha Belga,18.0,Bolo Red Velvet,15.0,Balcão,Pix,33.0
2026-03-10,Tuesday,0,9,265,Ocasional,Latte Baunilha,16.0,Cookie Artesanal,9.0,Delivery,Débito,25.0
2026-03-10,Tuesday,0,9,220,Fim de Semana,Latte Baunilha,16.0,Cookie Artesanal,9.0,Delivery,Crédito,25.0
2026-03-10,Tuesday,0,10,3,Ocasional,Latte Baunilha,16.0,Croissant Francês,13.0,Balcão,Crédito,29.0
2026-03-10,Tuesday,0,13,169,Fim de Semana,Chá Orgânico,12.0,Bolo Red Velvet,15.0,Balcão,Crédito,27.0
2026-03-10,Tuesday,0,8,41,Trabalhador,Mocha Belga,18.0,Cookie Artesanal,9.0,Balcão,Débito,27.0
2026-03-10,Tuesday,0,9,33,Ocasional,Cold Brew Especial,17.0,Croissant Francês,13.0,Delivery,Crédito,30.0
2026-03-10,Tuesday,0,20,149,Trabalhador,Cold Brew Especial,17.0,Croissant Francês,13.0,Balcão,Débito,30.0
2026-03-10,Tuesday,0,13,113,Trabalhador,Cappuccino Italiano,14.0,Croissant Francês,13.0,Delivery,Crédito,27.0
2026-03-10,Tuesday,0,10,183,Trabalhador,Cold Brew Especial,17.0,Quiche de Alho Poró,18.0,Balcão,Pix,35.0
2026-03-10,Tuesday,0,13,101,Ocasional,Mocha Belga,18.0,Torta de Limão Siciliano,16.0,Balcão,Débito,34.0
2026-03-10,Tuesday,0,15,281,Ocasional,Chá Orgânico,12.0,Quiche de Alho Poró,18.0,Delivery,Débito,30.0
2026-03-10,Tuesday,0,17,226,Fim de Semana,Espresso Premium,9.5,Bolo Red Velvet,15.0,Delivery,Débito,24.5
2026-03-10,Tuesday,0,14,136,Trabalhador,Espresso Premium,9.5,Sanduíche Caprese,19.0,Balcão,Pix,28.5
2026-03-10,Tuesday,0,11,112,Trabalhador,Latte Baunilha,16.0,Cookie Artesanal,9.0,Balcão,Pix,25.0
2026-03-10,Tuesday,0,14,25,Ocasional,Espresso Premium,9.5,Bolo Red Velvet,15.0,Balcão,Débito,24.5
2026-03-10,Tuesday,0,20,240,Fim de Semana,Cold Brew Especial,17.0,Quiche de Alho Poró,18.0,Balcão,Débito,35.0
2026-03-10,Tuesday,0,10,21,Fim de Semana,Cold Brew Especial,17.0,Croissant Francês,13.0,Delivery,Pix,30.0
2026-03-10,Tuesday,0,19,277,Fim de Semana,Espresso Premium,9.5,Torta de Limão Siciliano,16.0,Balcão,Crédito,25.5
2026-03-10,Tuesday,0,11,85,Ocasional,Cold Brew Especial,17.0,Croissant Francês,13.0,Delivery,Crédito,30.0
2026-03-10,Tuesday,0,20,128,Trabalhador,Mocha Belga,18.0,Croissant Francês,13.0,Delivery,Crédito,31.0
2026-03-10,Tuesday,0,15,253,Ocasional,Cappuccino Italiano,14.0,Quiche de Alho Poró,18.0,Delivery,Crédito,32.0
2026-03-10,Tuesday,0,20,61,Fim de Semana,Chá Orgânico,12.0,Sanduíche Caprese,19.0,Balcão,Pix,31.0
2026-03-10,Tuesday,0,7,48,Fim de Semana,Cappuccino Italiano,14.0,Sanduíche Caprese,19.0,Balcão,Pix,33.0
2026-03-11,Wednesday,0,19,114,Trabalhador,Cold Brew Especial,17.0,Torta de Limão Siciliano,16.0,Delivery,Crédito,33.0
2026-03-11,Wednesday,0,9,11,Trabalhador,Espresso Premium,9.5,Bolo Red Velvet,15.0,Balcão,Pix,24.5
2026-03-11,Wednesday,0,7,93,Fim de Semana,Cappuccino Italiano,14.0,Cookie Artesanal,9.0,Delivery,Crédito,23.0
2026-03-11,Wednesday,0,16,163,Ocasional,Mocha Belga,18.0,Croissant Francês,13.0,Balcão,Débito,31.0
2026-03-11,Wednesday,0,7,81,Fim de Semana,Chá Orgânico,12.0,Torta de Limão Siciliano,16.0,Balcão,Crédito,28.0
2026-03-11,Wednesday,0,8,67,Ocasional,Cappuccino Italiano,14.0,Quiche de Alho Poró,18.0,Balcão,Crédito,32.0
2026-03-11,Wednesday,0,19,183,Ocasional,Chá Orgânico,12.0,Sanduíche Caprese,19.0,Delivery,Crédito,31.0
2026-03-11,Wednesday,0,12,249,Ocasional,Mocha Belga,18.0,Torta de Limão Siciliano,16.0,Balcão,Pix,34.0
2026-03-11,Wednesday,0,20,299,Trabalhador,Mocha Belga,18.0,Bolo Red Velvet,15.0,Balcão,Crédito,33.0
2026-03-11,Wednesday,0,16,121,Fim de Semana,Cold Brew Especial,17.0,Sanduíche Caprese,19.0,Balcão,Pix,36.0
2026-03-11,Wednesday,0,17,204,Fim de Semana,Cappuccino Italiano,14.0,Cookie Artesanal,9.0,Delivery,Pix,23.0
2026-03-11,Wednesday,0,12,286,Trabalhador,Chá Orgânico,12.0,Bolo Red Velvet,15.0,Delivery,Crédito,27.0
2026-03-11,Wednesday,0,10,242,Trabalhador,Mocha Belga,18.0,Quiche de Alho Poró,18.0,Delivery,Crédito,36.0
2026-03-11,Wednesday,0,20,211,Ocasional,Cappuccino Italiano,14.0,Torta de Limão Siciliano,16.0,Balcão,Pix,30.0
2026-03-11,Wednesday,0,15,34,Ocasional,Cappuccino Italiano,14.0,Bolo Red Velvet,15.0,Delivery,Pix,29.0
2026-03-11,Wednesday,0,13,207,Fim de Semana,Cappuccino Italiano,14.0,Croissant Francês,13.0,Balcão,Débito,27.0
2026-03-11,Wednesday,0,8,149,Ocasional,Cappuccino Italiano,14.0,Bolo Red Velvet,15.0,Balcão,Crédito,29.0
2026-03-11,Wednesday,0,15,273,Fim de Semana,Mocha Belga,18.0,Sanduíche Caprese,19.0,Balcão,Débito,37.0
2026-03-11,Wednesday,0,14,210,Trabalhador,Cold Brew Especial,17.0,Bolo Red Velvet,15.0,Delivery,Débito,32.0
2026-03-11,Wednesday,0,13,200,Ocasional,Latte Baunilha,16.0,Torta de Limão Siciliano,16.0,Delivery,Crédito,32.0
2026-03-11,Wednesday,0,20,68,Fim de Semana,Latte Baunilha,16.0,Cookie Artesanal,9.0,Delivery,Débito,25.0
2026-03-11,Wednesday,0,9,209,Fim de Semana,Cold Brew Especial,17.0,Bolo Red Velvet,15.0,Balcão,Crédito,32.0
2026-03-11,Wednesday,0,10,18,Fim de Semana,Chá Orgânico,12.0,Cookie Artesanal,9.0,Delivery,Pix,21.0
2026-03-11,Wednesday,0,19,241,Ocasional,Mocha Belga,18.0,Croissant Francês,13.0,Delivery,Crédito,31.0
2026-03-11,Wednesday,0,16,47,Ocasional,Mocha Belga,18.0,Torta de Limão Siciliano,16.0,Balcão,Débito,34.0
2026-03-11,Wednesday,0,18,163,Ocasional,Cold Brew Especial,17.0,Croissant Francês,13.0,Delivery,Pix,30.0
2026-03-11,Wednesday,0,19,258,Trabalhador,Cold Brew Especial,17.0,Sanduíche Caprese,19.0,Delivery,Débito,36.0
2026-03-11,Wednesday,0,9,31,Fim de Semana,Cold Brew Especial,17.0,Bolo Red Velvet,15.0,Balcão,Débito,32.0
2026-03-11,Wednesday,0,17,89,Ocasional,Latte Baunilha,16.0,Sanduíche Caprese,19.0,Delivery,Débito,35.0
2026-03-11,Wednesday,0,18,10,Ocasional,Espresso Premium,9.5,Bolo Red Velvet,15.0,Delivery,Crédito,24.5
2026-03-11,Wednesday,0,18,288,Fim de Semana,Cold Brew Especial,17.0,Torta de Limão Siciliano,16.0,Balcão,Crédito,33.0
2026-03-11,Wednesday,0,10,114,Ocasional,Chá Orgânico,12.0,Bolo Red Velvet,15.0,Delivery,Crédito,27.0
2026-03-11,Wednesday,0,13,242,Trabalhador,Cappuccino Italiano,14.0,Bolo Red Velvet,15.0,Balcão,Crédito,29.0
2026-03-11,Wednesday,0,12,98,Trabalhador,Mocha Belga,18.0,Sanduíche Caprese,19.0,Balcão,Débito,37.0
2026-03-11,Wednesday,0,8,80,Ocasional,Espresso Premium,9.5,Croissant Francês,13.0,Delivery,Crédito,22.5
2026-03-11,Wednesday,0,18,287,Ocasional,Cold Brew Especial,17.0,Torta de Limão Siciliano,16.0,Balcão,Crédito,33.0
2026-03-11,Wednesday,0,14,125,Ocasional,Espresso Premium,9.5,Croissant Francês,13.0,Balcão,Débito,22.5
2026-03-11,Wednesday,0,17,164,Trabalhador,Mocha Belga,18.0,Bolo Red Velvet,15.0,Balcão,Pix,33.0
2026-03-11,Wednesday,0,9,233,Trabalhador,Cold Brew Especial,17.0,Croissant Francês,13.0,Balcão,Crédito,30.0
2026-03-11,Wednesday,0,8,29,Ocasional,Chá Orgânico,12.0,Torta de Limão Siciliano,16.0,Delivery,Crédito,28.0
2026-03-11,Wednesday,0,12,144,Trabalhador,Cold Brew Especial,17.0,Cookie Artesanal,9.0,Balcão,Crédito,26.0
2026-03-11,Wednesday,0,10,32,Ocasional,Cappuccino Italiano,14.0,Bolo Red Velvet,15.0,Balcão,Crédito,29.0
2026-03-11,Wednesday,0,13,160,Fim de Semana,Latte Baunilha,16.0,Sanduíche Caprese,19.0,Balcão,Débito,35.0
2026-03-11,Wednesday,0,17,205,Fim de Semana,Espresso Premium,9.5,Croissant Francês,13.0,Balcão,Crédito,22.5
2026-03-11,Wednesday,0,16,68,Trabalhador,Espresso Premium,9.5,Bolo Red Velvet,15.0,Delivery,Débito,24.5
2026-03-11,Wednesday,0,11,170,Ocasional,Latte Baunilha,16.0,Quiche de Alho Poró,18.0,Delivery,Débito,34.0
2026-03-11,Wednesday,0,15,194,Trabalhador,Mocha Belga,18.0,Torta de Limão Siciliano,16.0,Balcão,Pix,34.0
2026-03-11,Wednesday,0,17,57,Fim de Semana,Mocha Belga,18.0,Bolo Red Velvet,15.0,Delivery,Débito,33.0
2026-03-11,Wednesday,0,18,46,Fim de Semana,Espresso Premium,9.5,Bolo Red Velvet,15.0,Delivery,Crédito,24.5
2026-03-11,Wednesday,0,8,288,Fim de Semana,Mocha Belga,18.0,Bolo Red Velvet,15.0,Balcão,Crédito,33.0
2026-03-11,Wednesday,0,8,197,Ocasional,Latte Baunilha,16.0,Torta de Limão Siciliano,16.0,Delivery,Débito,32.0
2026-03-11,Wednesday,0,19,125,Trabalhador,Mocha Belga,18.0,Bolo Red Velvet,15.0,Delivery,Crédito,33.0
2026-03-11,Wednesday,0,10,130,Fim de Semana,Cold Brew Especial,17.0,Bolo Red Velvet,15.0,Balcão,Crédito,32.0
2026-03-11,Wednesday,0,12,159,Ocasional,Mocha Belga,18.0,Croissant Francês,13.0,Balcão,Pix,31.0
2026-03-11,Wednesday,0,9,46,Trabalhador,Mocha Belga,18.0,Quiche de Alho Poró,18.0,Balcão,Débito,36.0
2026-03-11,Wednesday,0,7,163,Fim de Semana,Cold Brew Especial,17.0,Croissant Francês,13.0,Balcão,Débito,30.0
2026-03-11,Wednesday,0,17,208,Trabalhador,Cappuccino Italiano,14.0,Croissant Francês,13.0,Balcão,Pix,27.0
2026-03-11,Wednesday,0,20,53,Fim de Semana,Mocha Belga,18.0,Torta de Limão Siciliano,16.0,Delivery,Débito,34.0
2026-03-11,Wednesday,0,18,155,Fim de Semana,Cold Brew Especial,17.0,Quiche de Alho Poró,18.0,Delivery,Crédito,35.0
2026-03-11,Wednesday,0,16,79,Ocasional,Chá Orgânico,12.0,Cookie Artesanal,9.0,Balcão,Pix,21.0
2026-03-11,Wednesday,0,20,41,Fim de Semana,Cold Brew Especial,17.0,Croissant Francês,13.0,Balcão,Débito,30.0
2026-03-11,Wednesday,0,12,2,Fim de Semana,Chá Orgânico,12.0,Torta de Limão Siciliano,16.0,Delivery,Débito,28.0
2026-03-11,Wednesday,0,18,123,Ocasional,Chá Orgânico,12.0,Cookie Artesanal,9.0,Balcão,Crédito,21.0
2026-03-11,Wednesday,0,17,213,Fim de Semana,Cappuccino Italiano,14.0,Cookie Artesanal,9.0,Delivery,Pix,23.0
2026-03-11,Wednesday,0,19,206,Fim de Semana,Espresso Premium,9.5,Quiche de Alho Poró,18.0,Balcão,Pix,27.5
2026-03-11,Wednesday,0,12,46,Fim de Semana,Cappuccino Italiano,14.0,Torta de Limão Siciliano,16.0,Balcão,Débito,30.0
2026-03-11,Wednesday,0,13,161,Ocasional,Mocha Belga,18.0,Quiche de Alho Poró,18.0,Delivery,Crédito,36.0
2026-03-11,Wednesday,0,8,107,Trabalhador,Latte Baunilha,16.0,Cookie Artesanal,9.0,Delivery,Crédito,25.0
2026-03-11,Wednesday,0,11,243,Fim de Semana,Latte Baunilha,16.0,Sanduíche Caprese,19.0,Balcão,Débito,35.0
2026-03-11,Wednesday,0,18,267,Ocasional,Chá Orgânico,12.0,Cookie Artesanal,9.0,Balcão,Débito,21.0
2026-03-11,Wednesday,0,17,177,Ocasional,Chá Orgânico,12.0,Croissant Francês,13.0,Balcão,Crédito,25.0
2026-03-11,Wednesday,0,15,208,Trabalhador,Cappuccino Italiano,14.0,Bolo Red Velvet,15.0,Balcão,Débito,29.0
2026-03-11,Wednesday,0,17,191,Ocasional,Mocha Belga,18.0,Torta de Limão Siciliano,16.0,Delivery,Pix,34.0
2026-03-11,Wednesday,0,11,149,Trabalhador,Mocha Belga,18.0,Quiche de Alho Poró,18.0,Balcão,Pix,36.0
2026-03-11,Wednesday,0,9,267,Fim de Semana,Chá Orgânico,12.0,Bolo Red Velvet,15.0,Balcão,Débito,27.0
2026-03-11,Wednesday,0,14,259,Ocasional,Cappuccino Italiano,14.0,Cookie Artesanal,9.0,Balcão,Pix,23.0
2026-03-11,Wednesday,0,10,14,Trabalhador,Mocha Belga,18.0,Bolo Red Velvet,15.0,Balcão,Débito,33.0
2026-03-11,Wednesday,0,17,225,Fim de Semana,Espresso Premium,9.5,Bolo Red Velvet,15.0,Delivery,Pix,24.5
2026-03-11,Wednesday,0,7,222,Trabalhador,Cold Brew Especial,17.0,Croissant Francês,13.0,Delivery,Débito,30.0
2026-03-11,Wednesday,0,12,206,Ocasional,Chá Orgânico,12.0,Sanduíche Caprese,19.0,Delivery,Crédito,31.0
2026-03-11,Wednesday,0,11,178,Ocasional,Cold Brew Especial,17.0,Croissant Francês,13.0,Delivery,Débito,30.0
2026-03-11,Wednesday,0,12,245,Fim de Semana,Latte Baunilha,16.0,Quiche de Alho Poró,18.0,Delivery,Pix,34.0
2026-03-11,Wednesday,0,10,136,Ocasional,Espresso Premium,9.5,Croissant Francês,13.0,Balcão,Pix,22.5
2026-03-11,Wednesday,0,8,95,Ocasional,Cappuccino Italiano,14.0,Croissant Francês,13.0,Balcão,Crédito,27.0
2026-03-11,Wednesday,0,11,141,Fim de Semana,Cold Brew Especial,17.0,Quiche de Alho Poró,18.0,Balcão,Pix,35.0
2026-03-11,Wednesday,0,11,214,Ocasional,Mocha Belga,18.0,Croissant Francês,13.0,Balcão,Pix,31.0
2026-03-11,Wednesday,0,7,197,Fim de Semana,Espresso Premium,9.5,Cookie Artesanal,9.0,Delivery,Débito,18.5
2026-03-11,Wednesday,0,15,229,Ocasional,Espresso Premium,9.5,Quiche de Alho Poró,18.0,Delivery,Débito,27.5
2026-03-11,Wednesday,0,8,87,Trabalhador,Espresso Premium,9.5,Croissant Francês,13.0,Balcão,Crédito,22.5
2026-03-11,Wednesday,0,18,118,Fim de Semana,Cappuccino Italiano,14.0,Bolo Red Velvet,15.0,Balcão,Pix,29.0
2026-03-12,Thursday,0,18,83,Fim de Semana,Espresso Premium,9.5,Torta de Limão Siciliano,16.0,Delivery,Débito,25.5
2026-03-12,Thursday,0,19,244,Fim de Semana,Cappuccino Italiano,14.0,Bolo Red Velvet,15.0,Delivery,Pix,29.0
2026-03-12,Thursday,0,15,57,Trabalhador,Chá Orgânico,12.0,Bolo Red Velvet,15.0,Delivery,Crédito,27.0
2026-03-12,Thursday,0,7,94,Fim de Semana,Cappuccino Italiano,14.0,Quiche de Alho Poró,18.0,Delivery,Débito,32.0
2026-03-12,Thursday,0,13,227,Trabalhador,Espresso Premium,9.5,Croissant Francês,13.0,Delivery,Crédito,22.5
2026-03-12,Thursday,0,9,59,Trabalhador,Latte Baunilha,16.0,Croissant Francês,13.0,Balcão,Débito,29.0
2026-03-12,Thursday,0,20,243,Fim de Semana,Latte Baunilha,16.0,Torta de Limão Siciliano,16.0,Delivery,Crédito,32.0
2026-03-12,Thursday,0,14,167,Fim de Semana,Chá Orgânico,12.0,Torta de Limão Siciliano,16.0,Delivery,Crédito,28.0
2026-03-12,Thursday,0,10,147,Ocasional,Mocha Belga,18.0,Bolo Red Velvet,15.0,Delivery,Pix,33.0
2026-03-12,Thursday,0,19,243,Fim de Semana,Mocha Belga,18.0,Bolo Red Velvet,15.0,Balcão,Débito,33.0
2026-03-12,Thursday,0,20,116,Trabalhador,Chá Orgânico,12.0,Quiche de Alho Poró,18.0,Delivery,Crédito,30.0
2026-03-12,Thursday,0,16,113,Trabalhador,Chá Orgânico,12.0,Sanduíche Caprese,19.0,Delivery,Pix,31.0
2026-03-12,Thursday,0,14,65,Ocasional,Latte Baunilha,16.0,Bolo Red Velvet,15.0,Delivery,Débito,31.0
2026-03-12,Thursday,0,10,128,Ocasional,Latte Baunilha,16.0,Croissant Francês,13.0,Balcão,Pix,29.0
2026-03-12,Thursday,0,15,285,Trabalhador,Cold Brew Especial,17.0,Torta de Limão Siciliano,16.0,Balcão,Pix,33.0
2026-03-12,Thursday,0,7,213,Trabalhador,Latte Baunilha,16.0,Quiche de Alho Poró,18.0,Balcão,Débito,34.0
2026-03-12,Thursday,0,12,102,Ocasional,Chá Orgânico,12.0,Bolo Red Velvet,15.0,Delivery,Crédito,27.0
2026-03-12,Thursday,0,17,26,Ocasional,Cold Brew Especial,17.0,Croissant Francês,13.0,Delivery,Crédito,30.0
2026-03-12,Thursday,0,11,297,Ocasional,Cold Brew Especial,17.0,Torta de Limão Siciliano,16.0,Delivery,Débito,33.0
2026-03-12,Thursday,0,7,255,Fim de Semana,Latte Baunilha,16.0,Sanduíche Caprese,19.0,Balcão,Débito,35.0
2026-03-12,Thursday,0,7,160,Trabalhador,Cold Brew Especial,17.0,Cookie Artesanal,9.0,Balcão,Pix,26.0
2026-03-12,Thursday,0,17,273,Ocasional,Mocha Belga,18.0,Torta de Limão Siciliano,16.0,Delivery,Pix,34.0
2026-03-12,Thursday,0,16,145,Fim de Semana,Cold Brew Especial,17.0,Croissant Francês,13.0,Balcão,Pix,30.0
2026-03-12,Thursday,0,11,223,Ocasional,Mocha Belga,18.0,Quiche de Alho Poró,18.0,Balcão,Débito,36.0
2026-03-12,Thursday,0,7,132,Trabalhador,Latte Baunilha,16.0,Cookie Artesanal,9.0,Delivery,Pix,25.0
2026-03-12,Thursday,0,17,282,Trabalhador,Cold Brew Especial,17.0,Croissant Francês,13.0,Delivery,Débito,30.0
2026-03-12,Thursday,0,14,260,Fim de Semana,Mocha Belga,18.0,Cookie Artesanal,9.0,Balcão,Crédito,27.0
2026-03-12,Thursday,0,8,120,Trabalhador,Mocha Belga,18.0,Torta de Limão Siciliano,16.0,Delivery,Crédito,34.0
2026-03-12,Thursday,0,11,287,Fim de Semana,Espresso Premium,9.5,Sanduíche Caprese,19.0,Delivery,Débito,28.5
2026-03-12,Thursday,0,13,296,Fim de Semana,Cold Brew Especial,17.0,Torta de Limão Siciliano,16.0,Balcão,Débito,33.0
2026-03-12,Thursday,0,10,290,Ocasional,Latte Baunilha,16.0,Quiche de Alho Poró,18.0,Delivery,Crédito,34.0
2026-03-12,Thursday,0,8,96,Fim de Semana,Latte Baunilha,16.0,Torta de Limão Siciliano,16.0,Delivery,Pix,32.0
2026-03-12,Thursday,0,14,182,Fim de Semana,Chá Orgânico,12.0,Torta de Limão Siciliano,16.0,Balcão,Pix,28.0
2026-03-12,Thursday,0,14,270,Ocasional,Latte Baunilha,16.0,Quiche de Alho Poró,18.0,Balcão,Crédito,34.0
2026-03-12,Thursday,0,12,118,Fim de Semana,Mocha Belga,18.0,Bolo Red Velvet,15.0,Balcão,Pix,33.0
2026-03-12,Thursday,0,12,61,Fim de Semana,Mocha Belga,18.0,Croissant Francês,13.0,Balcão,Crédito,31.0
2026-03-12,Thursday,0,18,41,Trabalhador,Cold Brew Especial,17.0,Cookie Artesanal,9.0,Delivery,Crédito,26.0
2026-03-12,Thursday,0,16,177,Ocasional,Chá Orgânico,12.0,Sanduíche Caprese,19.0,Delivery,Pix,31.0
2026-03-12,Thursday,0,9,122,Fim de Semana,Chá Orgânico,12.0,Torta de Limão Siciliano,16.0,Delivery,Pix,28.0
2026-03-12,Thursday,0,20,111,Ocasional,Latte Baunilha,16.0,Torta de Limão Siciliano,16.0,Delivery,Pix,32.0
2026-03-12,Thursday,0,17,161,Fim de Semana,Espresso Premium,9.5,Sanduíche Caprese,19.0,Balcão,Pix,28.5
2026-03-12,Thursday,0,12,88,Fim de Semana,Cappuccino Italiano,14.0,Sanduíche Caprese,19.0,Balcão,Crédito,33.0
2026-03-12,Thursday,0,15,154,Ocasional,Latte Baunilha,16.0,Cookie Artesanal,9.0,Balcão,Débito,25.0
2026-03-12,Thursday,0,13,246,Trabalhador,Cappuccino Italiano,14.0,Croissant Francês,13.0,Delivery,Crédito,27.0
2026-03-12,Thursday,0,19,262,Fim de Semana,Latte Baunilha,16.0,Bolo Red Velvet,15.0,Balcão,Pix,31.0
2026-03-12,Thursday,0,9,274,Trabalhador,Chá Orgânico,12.0,Cookie Artesanal,9.0,Balcão,Débito,21.0
2026-03-12,Thursday,0,11,40,Ocasional,Espresso Premium,9.5,Croissant Francês,13.0,Delivery,Pix,22.5
2026-03-12,Thursday,0,17,21,Trabalhador,Cold Brew Especial,17.0,Croissant Francês,13.0,Balcão,Pix,30.0
2026-03-12,Thursday,0,15,16,Fim de Semana,Mocha Belga,18.0,Sanduíche Caprese,19.0,Delivery,Crédito,37.0
2026-03-12,Thursday,0,20,148,Ocasional,Cold Brew Especial,17.0,Cookie Artesanal,9.0,Balcão,Débito,26.0
2026-03-12,Thursday,0,18,45,Fim de Semana,Espresso Premium,9.5,Torta de Limão Siciliano,16.0,Balcão,Pix,25.5
2026-03-12,Thursday,0,12,217,Fim de Semana,Chá Orgânico,12.0,Croissant Francês,13.0,Delivery,Crédito,25.0
2026-03-12,Thursday,0,9,284,Ocasional,Espresso Premium,9.5,Quiche de Alho Poró,18.0,Delivery,Crédito,27.5
2026-03-12,Thursday,0,14,74,Fim de Semana,Cappuccino Italiano,14.0,Sanduíche Caprese,19.0,Delivery,Crédito,33.0
2026-03-12,Thursday,0,18,164,Ocasional,Cappuccino Italiano,14.0,Cookie Artesanal,9.0,Balcão,Débito,23.0
2026-03-12,Thursday,0,15,6,Trabalhador,Cappuccino Italiano,14.0,Torta de Limão Siciliano,16.0,Balcão,Crédito,30.0
2026-03-12,Thursday,0,14,263,Ocasional,Latte Baunilha,16.0,Cookie Artesanal,9.0,Delivery,Débito,25.0
2026-03-12,Thursday,0,18,168,Fim de Semana,Latte Baunilha,16.0,Cookie Artesanal,9.0,Delivery,Débito,25.0
2026-03-12,Thursday,0,12,5,Ocasional,Cappuccino Italiano,14.0,Cookie Artesanal,9.0,Delivery,Crédito,23.0
2026-03-12,Thursday,0,18,33,Fim de Semana,Mocha Belga,18.0,Bolo Red Velvet,15.0,Delivery,Pix,33.0
2026-03-12,Thursday,0,7,257,Trabalhador,Mocha Belga,18.0,Croissant Francês,13.0,Balcão,Pix,31.0
2026-03-12,Thursday,0,7,125,Ocasional,Mocha Belga,18.0,Sanduíche Caprese,19.0,Delivery,Débito,37.0
2026-03-12,Thursday,0,20,22,Fim de Semana,Cold Brew Especial,17.0,Quiche de Alho Poró,18.0,Balcão,Pix,35.0
2026-03-12,Thursday,0,10,295,Trabalhador,Latte Baunilha,16.0,Cookie Artesanal,9.0,Balcão,Débito,25.0
2026-03-12,Thursday,0,13,228,Fim de Semana,Mocha Belga,18.0,Sanduíche Caprese,19.0,Balcão,Pix,37.0
2026-03-12,Thursday,0,19,92,Fim de Semana,Cold Brew Especial,17.0,Croissant Francês,13.0,Delivery,Débito,30.0
2026-03-12,Thursday,0,17,162,Fim de Semana,Mocha Belga,18.0,Quiche de Alho Poró,18.0,Delivery,Pix,36.0
2026-03-12,Thursday,0,10,195,Ocasional,Cappuccino Italiano,14.0,Torta de Limão Siciliano,16.0,Balcão,Pix,30.0
2026-03-12,Thursday,0,12,26,Fim de Semana,Espresso Premium,9.5,Torta de Limão Siciliano,16.0,Delivery,Pix,25.5
2026-03-12,Thursday,0,7,52,Fim de Semana,Cappuccino Italiano,14.0,Croissant Francês,13.0,Delivery,Crédito,27.0
2026-03-12,Thursday,0,12,223,Fim de Semana,Cold Brew Especial,17.0,Quiche de Alho Poró,18.0,Delivery,Crédito,35.0
2026-03-12,Thursday,0,17,239,Trabalhador,Chá Orgânico,12.0,Quiche de Alho Poró,18.0,Balcão,Débito,30.0
2026-03-12,Thursday,0,15,165,Fim de Semana,Latte Baunilha,16.0,Croissant Francês,13.0,Delivery,Débito,29.0
2026-03-12,Thursday,0,17,251,Trabalhador,Espresso Premium,9.5,Cookie Artesanal,9.0,Balcão,Débito,18.5
2026-03-12,Thursday,0,9,290,Ocasional,Chá Orgânico,12.0,Sanduíche Caprese,19.0,Balcão,Crédito,31.0
2026-03-12,Thursday,0,12,119,Trabalhador,Latte Baunilha,16.0,Quiche de Alho Poró,18.0,Balcão,Débito,34.0
2026-03-12,Thursday,0,16,282,Ocasional,Cold Brew Especial,17.0,Croissant Francês,13.0,Delivery,Débito,30.0
2026-03-12,Thursday,0,7,50,Ocasional,Mocha Belga,18.0,Quiche de Alho Poró,18.0,Balcão,Crédito,36.0
2026-03-12,Thursday,0,10,283,Trabalhador,Mocha Belga,18.0,Torta de Limão Siciliano,16.0,Balcão,Pix,34.0
2026-03-12,Thursday,0,8,118,Trabalhador,Cold Brew Especial,17.0,Bolo Red Velvet,15.0,Balcão,Débito,32.0
2026-03-12,Thursday,0,19,126,Ocasional,Espresso Premium,9.5,Croissant Francês,13.0,Delivery,Débito,22.5
2026-03-12,Thursday,0,8,13,Fim de Semana,Espresso Premium,9.5,Torta de Limão Siciliano,16.0,Delivery,Crédito,25.5
2026-03-12,Thursday,0,19,68,Trabalhador,Latte Baunilha,16.0,Sanduíche Caprese,19.0,Delivery,Débito,35.0
2026-03-12,Thursday,0,7,149,Ocasional,Espresso Premium,9.5,Quiche de Alho Poró,18.0,Delivery,Pix,27.5
2026-03-12,Thursday,0,18,92,Fim de Semana,Cold Brew Especial,17.0,Sanduíche Caprese,19.0,Balcão,Crédito,36.0
2026-03-12,Thursday,0,11,129,Fim de Semana,Latte Baunilha,16.0,Bolo Red Velvet,15.0,Delivery,Pix,31.0
2026-03-12,Thursday,0,17,160,Fim de Semana,Chá Orgânico,12.0,Quiche de Alho Poró,18.0,Balcão,Pix,30.0
2026-03-13,Friday,0,20,145,Ocasional,Cappuccino Italiano,14.0,Croissant Francês,13.0,Delivery,Pix,27.0
2026-03-13,Friday,0,7,32,Fim de Semana,Espresso Premium,9.5,Bolo Red Velvet,15.0,Balcão,Débito,24.5
2026-03-13,Friday,0,20,248,Trabalhador,Latte Baunilha,16.0,Cookie Artesanal,9.0,Delivery,Débito,25.0
2026-03-13,Friday,0,14,80,Trabalhador,Chá Orgânico,12.0,Quiche de Alho Poró,18.0,Delivery,Débito,30.0
2026-03-13,Friday,0,13,41,Trabalhador,Cappuccino Italiano,14.0,Sanduíche Caprese,19.0,Balcão,Débito,33.0
2026-03-13,Friday,0,11,194,Trabalhador,Latte Baunilha,16.0,Cookie Artesanal,9.0,Balcão,Crédito,25.0
2026-03-13,Friday,0,15,92,Ocasional,Chá Orgânico,12.0,Torta de Limão Siciliano,16.0,Balcão,Crédito,28.0
2026-03-13,Friday,0,12,263,Fim de Semana,Espresso Premium,9.5,Croissant Francês,13.0,Balcão,Crédito,22.5
2026-03-13,Friday,0,18,203,Ocasional,Chá Orgânico,12.0,Cookie Artesanal,9.0,Balcão,Crédito,21.0
2026-03-13,Friday,0,9,45,Ocasional,Chá Orgânico,12.0,Cookie Artesanal,9.0,Balcão,Pix,21.0
2026-03-13,Friday,0,10,237,Trabalhador,Cold Brew Especial,17.0,Torta de Limão Siciliano,16.0,Delivery,Crédito,33.0
2026-03-13,Friday,0,7,141,Trabalhador,Latte Baunilha,16.0,Sanduíche Caprese,19.0,Delivery,Pix,35.0
2026-03-13,Friday,0,19,4,Fim de Semana,Latte Baunilha,16.0,Quiche de Alho Poró,18.0,Balcão,Crédito,34.0
2026-03-13,Friday,0,15,177,Ocasional,Cold Brew Especial,17.0,Torta de Limão Siciliano,16.0,Delivery,Crédito,33.0
2026-03-13,Friday,0,19,112,Ocasional,Latte Baunilha,16.0,Sanduíche Caprese,19.0,Balcão,Débito,35.0
2026-03-13,Friday,0,9,59,Ocasional,Latte Baunilha,16.0,Cookie Artesanal,9.0,Balcão,Pix,25.0
2026-03-13,Friday,0,12,141,Ocasional,Latte Baunilha,16.0,Bolo Red Velvet,15.0,Delivery,Pix,31.0
2026-03-13,Friday,0,14,160,Trabalhador,Espresso Premium,9.5,Sanduíche Caprese,19.0,Delivery,Pix,28.5
2026-03-13,Friday,0,10,139,Trabalhador,Cold Brew Especial,17.0,Quiche de Alho Poró,18.0,Delivery,Pix,35.0
2026-03-13,Friday,0,11,13,Ocasional,Latte Baunilha,16.0,Cookie Artesanal,9.0,Delivery,Pix,25.0
2026-03-13,Friday,0,13,152,Fim de Semana,Cappuccino Italiano,14.0,Torta de Limão Siciliano,16.0,Balcão,Pix,30.0
2026-03-13,Friday,0,20,8,Fim de Semana,Cappuccino Italiano,14.0,Croissant Francês,13.0,Balcão,Crédito,27.0
2026-03-13,Friday,0,7,93,Fim de Semana,Latte Baunilha,16.0,Cookie Artesanal,9.0,Balcão,Crédito,25.0
2026-03-13,Friday,0,15,203,Trabalhador,Cappuccino Italiano,14.0,Torta de Limão Siciliano,16.0,Delivery,Pix,30.0
2026-03-13,Friday,0,11,26,Trabalhador,Espresso Premium,9.5,Quiche de Alho Poró,18.0,Balcão,Pix,27.5
2026-03-13,Friday,0,7,88,Ocasional,Latte Baunilha,16.0,Croissant Francês,13.0,Delivery,Débito,29.0
2026-03-13,Friday,0,16,250,Fim de Semana,Chá Orgânico,12.0,Sanduíche Caprese,19.0,Delivery,Débito,31.0
2026-03-13,Friday,0,8,138,Trabalhador,Chá Orgânico,12.0,Sanduíche Caprese,19.0,Delivery,Pix,31.0
2026-03-13,Friday,0,20,285,Ocasional,Espresso Premium,9.5,Croissant Francês,13.0,Balcão,Crédito,22.5
2026-03-13,Friday,0,17,223,Ocasional,Latte Baunilha,16.0,Torta de Limão Siciliano,16.0,Delivery,Crédito,32.0
2026-03-13,Friday,0,13,253,Ocasional,Latte Baunilha,16.0,Torta de Limão Siciliano,16.0,Balcão,Crédito,32.0
2026-03-13,Friday,0,15,235,Ocasional,Cappuccino Italiano,14.0,Bolo Red Velvet,15.0,Balcão,Crédito,29.0
2026-03-13,Friday,0,16,262,Trabalhador,Cold Brew Especial,17.0,Sanduíche Caprese,19.0,Delivery,Débito,36.0
2026-03-13,Friday,0,8,158,Ocasional,Cappuccino Italiano,14.0,Bolo Red Velvet,15.0,Balcão,Débito,29.0
2026-03-13,Friday,0,11,228,Ocasional,Cold Brew Especial,17.0,Croissant Francês,13.0,Delivery,Débito,30.0
2026-03-13,Friday,0,7,280,Ocasional,Espresso Premium,9.5,Cookie Artesanal,9.0,Delivery,Débito,18.5
2026-03-13,Friday,0,11,176,Trabalhador,Chá Orgânico,12.0,Sanduíche Caprese,19.0,Balcão,Pix,31.0
2026-03-13,Friday,0,15,30,Trabalhador,Mocha Belga,18.0,Bolo Red Velvet,15.0,Balcão,Débito,33.0
2026-03-13,Friday,0,18,101,Trabalhador,Mocha Belga,18.0,Bolo Red Velvet,15.0,Delivery,Pix,33.0
2026-03-13,Friday,0,16,217,Trabalhador,Cold Brew Especial,17.0,Bolo Red Velvet,15.0,Delivery,Pix,32.0
2026-03-13,Friday,0,17,264,Fim de Semana,Chá Orgânico,12.0,Sanduíche Caprese,19.0,Balcão,Pix,31.0
2026-03-13,Friday,0,19,135,Trabalhador,Latte Baunilha,16.0,Croissant Francês,13.0,Delivery,Crédito,29.0
2026-03-13,Friday,0,18,33,Trabalhador,Cappuccino Italiano,14.0,Sanduíche Caprese,19.0,Delivery,Pix,33.0
2026-03-13,Friday,0,14,56,Ocasional,Mocha Belga,18.0,Croissant Francês,13.0,Balcão,Débito,31.0
2026-03-13,Friday,0,9,108,Fim de Semana,Espresso Premium,9.5,Quiche de Alho Poró,18.0,Balcão,Débito,27.5
2026-03-13,Friday,0,14,257,Fim de Semana,Chá Orgânico,12.0,Torta de Limão Siciliano,16.0,Balcão,Débito,28.0
2026-03-13,Friday,0,14,26,Fim de Semana,Chá Orgânico,12.0,Bolo Red Velvet,15.0,Delivery,Débito,27.0
2026-03-13,Friday,0,15,126,Ocasional,Chá Orgânico,12.0,Sanduíche Caprese,19.0,Delivery,Crédito,31.0
2026-03-13,Friday,0,15,59,Fim de Semana,Chá Orgânico,12.0,Torta de Limão Siciliano,16.0,Delivery,Pix,28.0
2026-03-13,Friday,0,11,70,Ocasional,Espresso Premium,9.5,Sanduíche Caprese,19.0,Balcão,Pix,28.5
2026-03-13,Friday,0,7,56,Trabalhador,Mocha Belga,18.0,Quiche de Alho Poró,18.0,Delivery,Crédito,36.0
2026-03-13,Friday,0,13,124,Trabalhador,Cappuccino Italiano,14.0,Quiche de Alho Poró,18.0,Balcão,Crédito,32.0
2026-03-13,Friday,0,13,186,Trabalhador,Espresso Premium,9.5,Sanduíche Caprese,19.0,Balcão,Débito,28.5
2026-03-13,Friday,0,20,134,Fim de Semana,Cold Brew Especial,17.0,Quiche de Alho Poró,18.0,Balcão,Crédito,35.0
2026-03-13,Friday,0,12,209,Fim de Semana,Cappuccino Italiano,14.0,Bolo Red Velvet,15.0,Delivery,Pix,29.0
2026-03-13,Friday,0,12,53,Ocasional,Cold Brew Especial,17.0,Bolo Red Velvet,15.0,Delivery,Débito,32.0
2026-03-13,Friday,0,15,154,Trabalhador,Cold Brew Especial,17.0,Torta de Limão Siciliano,16.0,Balcão,Crédito,33.0
2026-03-13,Friday,0,9,292,Ocasional,Cold Brew Especial,17.0,Bolo Red Velvet,15.0,Delivery,Débito,32.0
2026-03-13,Friday,0,11,280,Fim de Semana,Latte Baunilha,16.0,Croissant Francês,13.0,Balcão,Pix,29.0
2026-03-13,Friday,0,16,151,Trabalhador,Latte Baunilha,16.0,Bolo Red Velvet,15.0,Balcão,Pix,31.0
2026-03-13,Friday,0,10,75,Fim de Semana,Latte Baunilha,16.0,Torta de Limão Siciliano,16.0,Delivery,Débito,32.0
2026-03-13,Friday,0,14,30,Ocasional,Cappuccino Italiano,14.0,Cookie Artesanal,9.0,Delivery,Pix,23.0
2026-03-13,Friday,0,16,215,Fim de Semana,Mocha Belga,18.0,Torta de Limão Siciliano,16.0,Balcão,Crédito,34.0
2026-03-13,Friday,0,10,143,Ocasional,Latte Baunilha,16.0,Cookie Artesanal,9.0,Delivery,Pix,25.0
2026-03-13,Friday,0,13,175,Ocasional,Espresso Premium,9.5,Croissant Francês,13.0,Balcão,Pix,22.5
2026-03-13,Friday,0,10,10,Ocasional,Cappuccino Italiano,14.0,Sanduíche Caprese,19.0,Delivery,Pix,33.0
2026-03-13,Friday,0,18,281,Fim de Semana,Cappuccino Italiano,14.0,Quiche de Alho Poró,18.0,Balcão,Crédito,32.0
2026-03-13,Friday,0,16,270,Ocasional,Espresso Premium,9.5,Quiche de Alho Poró,18.0,Delivery,Crédito,27.5
2026-03-13,Friday,0,10,214,Trabalhador,Latte Baunilha,16.0,Croissant Francês,13.0,Delivery,Débito,29.0
2026-03-13,Friday,0,9,245,Fim de Semana,Espresso Premium,9.5,Cookie Artesanal,9.0,Balcão,Débito,18.5
2026-03-13,Friday,0,17,264,Fim de Semana,Mocha Belga,18.0,Quiche de Alho Poró,18.0,Balcão,Crédito,36.0
2026-03-13,Friday,0,20,6,Fim de Semana,Mocha Belga,18.0,Sanduíche Caprese,19.0,Delivery,Crédito,37.0
2026-03-13,Friday,0,7,169,Ocasional,Cappuccino Italiano,14.0,Quiche de Alho Poró,18.0,Delivery,Débito,32.0
2026-03-13,Friday,0,20,82,Ocasional,Espresso Premium,9.5,Torta de Limão Siciliano,16.0,Delivery,Pix,25.5
2026-03-13,Friday,0,12,290,Fim de Semana,Cappuccino Italiano,14.0,Croissant Francês,13.0,Delivery,Débito,27.0
2026-03-14,Saturday,1,8,59,Fim de Semana,Mocha Belga,18.0,Cookie Artesanal,9.0,Delivery,Pix,27.0
2026-03-14,Saturday,1,18,300,Fim de Semana,Chá Orgânico,12.0,Sanduíche Caprese,19.0,Balcão,Pix,31.0
2026-03-14,Saturday,1,16,205,Fim de Semana,Espresso Premium,9.5,Croissant Francês,13.0,Delivery,Crédito,22.5
2026-03-14,Saturday,1,15,114,Trabalhador,Cappuccino Italiano,14.0,Torta de Limão Siciliano,16.0,Balcão,Débito,30.0
2026-03-14,Saturday,1,7,285,Trabalhador,Mocha Belga,18.0,Torta de Limão Siciliano,16.0,Delivery,Pix,34.0
2026-03-14,Saturday,1,9,185,Trabalhador,Cappuccino Italiano,14.0,Torta de Limão Siciliano,16.0,Delivery,Débito,30.0
2026-03-14,Saturday,1,15,7,Trabalhador,Cold Brew Especial,17.0,Croissant Francês,13.0,Balcão,Débito,30.0
2026-03-14,Saturday,1,14,67,Fim de Semana,Cold Brew Especial,17.0,Torta de Limão Siciliano,16.0,Balcão,Débito,33.0
2026-03-14,Saturday,1,17,148,Fim de Semana,Mocha Belga,18.0,Torta de Limão Siciliano,16.0,Delivery,Pix,34.0
2026-03-14,Saturday,1,13,143,Fim de Semana,Mocha Belga,18.0,Sanduíche Caprese,19.0,Delivery,Débito,37.0
2026-03-14,Saturday,1,20,130,Trabalhador,Mocha Belga,18.0,Quiche de Alho Poró,18.0,Delivery,Pix,36.0
2026-03-14,Saturday,1,15,145,Trabalhador,Mocha Belga,18.0,Torta de Limão Siciliano,16.0,Delivery,Débito,34.0
2026-03-14,Saturday,1,19,118,Trabalhador,Latte Baunilha,16.0,Torta de Limão Siciliano,16.0,Delivery,Débito,32.0
2026-03-14,Saturday,1,18,150,Fim de Semana,Mocha Belga,18.0,Quiche de Alho Poró,18.0,Balcão,Débito,36.0
2026-03-14,Saturday,1,9,152,Fim de Semana,Cappuccino Italiano,14.0,Croissant Francês,13.0,Balcão,Pix,27.0
2026-03-14,Saturday,1,11,26,Trabalhador,Espresso Premium,9.5,Croissant Francês,13.0,Balcão,Crédito,22.5
2026-03-14,Saturday,1,9,239,Ocasional,Cold Brew Especial,17.0,Cookie Artesanal,9.0,Balcão,Crédito,26.0
2026-03-14,Saturday,1,7,278,Ocasional,Espresso Premium,9.5,Sanduíche Caprese,19.0,Delivery,Crédito,28.5
2026-03-14,Saturday,1,13,247,Fim de Semana,Chá Orgânico,12.0,Bolo Red Velvet,15.0,Delivery,Crédito,27.0
2026-03-14,Saturday,1,14,91,Trabalhador,Espresso Premium,9.5,Bolo Red Velvet,15.0,Balcão,Débito,24.5
2026-03-14,Saturday,1,10,40,Fim de Semana,Mocha Belga,18.0,Bolo Red Velvet,15.0,Balcão,Pix,33.0
2026-03-14,Saturday,1,17,19,Fim de Semana,Chá Orgânico,12.0,Sanduíche Caprese,19.0,Delivery,Débito,31.0
2026-03-14,Saturday,1,8,11,Ocasional,Cappuccino Italiano,14.0,Croissant Francês,13.0,Balcão,Pix,27.0
2026-03-14,Saturday,1,18,35,Fim de Semana,Chá Orgânico,12.0,Bolo Red Velvet,15.0,Delivery,Pix,27.0
2026-03-14,Saturday,1,15,192,Trabalhador,Mocha Belga,18.0,Sanduíche Caprese,19.0,Balcão,Crédito,37.0
2026-03-14,Saturday,1,15,177,Fim de Semana,Espresso Premium,9.5,Sanduíche Caprese,19.0,Delivery,Pix,28.5
2026-03-14,Saturday,1,15,228,Fim de Semana,Cappuccino Italiano,14.0,Quiche de Alho Poró,18.0,Delivery,Pix,32.0
2026-03-14,Saturday,1,8,264,Ocasional,Cappuccino Italiano,14.0,Quiche de Alho Poró,18.0,Delivery,Pix,32.0
2026-03-14,Saturday,1,7,117,Ocasional,Cappuccino Italiano,14.0,Bolo Red Velvet,15.0,Balcão,Débito,29.0
2026-03-14,Saturday,1,8,239,Ocasional,Mocha Belga,18.0,Torta de Limão Siciliano,16.0,Balcão,Pix,34.0
2026-03-14,Saturday,1,8,116,Fim de Semana,Espresso Premium,9.5,Quiche de Alho Poró,18.0,Balcão,Débito,27.5
2026-03-14,Saturday,1,8,162,Trabalhador,Cappuccino Italiano,14.0,Torta de Limão Siciliano,16.0,Delivery,Crédito,30.0
2026-03-14,Saturday,1,10,136,Fim de Semana,Mocha Belga,18.0,Sanduíche Caprese,19.0,Balcão,Débito,37.0
2026-03-14,Saturday,1,7,15,Ocasional,Espresso Premium,9.5,Torta de Limão Siciliano,16.0,Delivery,Pix,25.5
2026-03-14,Saturday,1,9,87,Ocasional,Cold Brew Especial,17.0,Sanduíche Caprese,19.0,Balcão,Pix,36.0
2026-03-14,Saturday,1,13,109,Trabalhador,Chá Orgânico,12.0,Bolo Red Velvet,15.0,Delivery,Crédito,27.0
2026-03-14,Saturday,1,13,233,Fim de Semana,Mocha Belga,18.0,Croissant Francês,13.0,Balcão,Pix,31.0
2026-03-14,Saturday,1,11,202,Trabalhador,Mocha Belga,18.0,Croissant Francês,13.0,Delivery,Débito,31.0
2026-03-14,Saturday,1,12,290,Fim de Semana,Cold Brew Especial,17.0,Cookie Artesanal,9.0,Delivery,Pix,26.0
2026-03-14,Saturday,1,18,109,Ocasional,Mocha Belga,18.0,Quiche de Alho Poró,18.0,Delivery,Crédito,36.0
2026-03-14,Saturday,1,12,217,Fim de Semana,Latte Baunilha,16.0,Torta de Limão Siciliano,16.0,Balcão,Débito,32.0
2026-03-14,Saturday,1,17,155,Ocasional,Cappuccino Italiano,14.0,Quiche de Alho Poró,18.0,Delivery,Débito,32.0
2026-03-14,Saturday,1,18,123,Fim de Semana,Cappuccino Italiano,14.0,Cookie Artesanal,9.0,Delivery,Débito,23.0
2026-03-14,Saturday,1,9,270,Fim de Semana,Chá Orgânico,12.0,Sanduíche Caprese,19.0,Delivery,Crédito,31.0
2026-03-14,Saturday,1,15,177,Trabalhador,Cappuccino Italiano,14.0,Cookie Artesanal,9.0,Delivery,Pix,23.0
2026-03-14,Saturday,1,19,163,Fim de Semana,Cappuccino Italiano,14.0,Quiche de Alho Poró,18.0,Delivery,Crédito,32.0
2026-03-14,Saturday,1,10,216,Trabalhador,Espresso Premium,9.5,Quiche de Alho Poró,18.0,Balcão,Débito,27.5
2026-03-14,Saturday,1,8,245,Fim de Semana,Latte Baunilha,16.0,Croissant Francês,13.0,Delivery,Débito,29.0
2026-03-14,Saturday,1,15,173,Ocasional,Mocha Belga,18.0,Cookie Artesanal,9.0,Balcão,Débito,27.0
2026-03-14,Saturday,1,15,12,Ocasional,Mocha Belga,18.0,Bolo Red Velvet,15.0,Delivery,Débito,33.0
2026-03-14,Saturday,1,15,66,Ocasional,Cappuccino Italiano,14.0,Torta de Limão Siciliano,16.0,Delivery,Pix,30.0
2026-03-14,Saturday,1,14,59,Fim de Semana,Mocha Belga,18.0,Quiche de Alho Poró,18.0,Delivery,Débito,36.0
2026-03-14,Saturday,1,16,78,Fim de Semana,Latte Baunilha,16.0,Croissant Francês,13.0,Balcão,Débito,29.0
2026-03-14,Saturday,1,20,181,Ocasional,Chá Orgânico,12.0,Croissant Francês,13.0,Delivery,Pix,25.0
2026-03-14,Saturday,1,12,124,Trabalhador,Mocha Belga,18.0,Cookie Artesanal,9.0,Balcão,Pix,27.0
2026-03-14,Saturday,1,8,73,Ocasional,Mocha Belga,18.0,Cookie Artesanal,9.0,Delivery,Pix,27.0
2026-03-14,Saturday,1,18,292,Trabalhador,Mocha Belga,18.0,Torta de Limão Siciliano,16.0,Balcão,Pix,34.0
2026-03-14,Saturday,1,11,214,Trabalhador,Espresso Premium,9.5,Croissant Francês,13.0,Delivery,Pix,22.5
2026-03-14,Saturday,1,15,198,Ocasional,Cappuccino Italiano,14.0,Cookie Artesanal,9.0,Delivery,Pix,23.0
2026-03-14,Saturday,1,20,214,Ocasional,Mocha Belga,18.0,Croissant Francês,13.0,Balcão,Pix,31.0
2026-03-14,Saturday,1,8,211,Ocasional,Espresso Premium,9.5,Croissant Francês,13.0,Delivery,Pix,22.5
2026-03-14,Saturday,1,7,60,Ocasional,Latte Baunilha,16.0,Bolo Red Velvet,15.0,Balcão,Crédito,31.0
2026-03-14,Saturday,1,10,127,Fim de Semana,Espresso Premium,9.5,Torta de Limão Siciliano,16.0,Delivery,Crédito,25.5
2026-03-14,Saturday,1,15,193,Ocasional,Cappuccino Italiano,14.0,Quiche de Alho Poró,18.0,Balcão,Débito,32.0
2026-03-14,Saturday,1,12,85,Trabalhador,Latte Baunilha,16.0,Bolo Red Velvet,15.0,Balcão,Crédito,31.0
2026-03-14,Saturday,1,15,95,Trabalhador,Mocha Belga,18.0,Cookie Artesanal,9.0,Delivery,Débito,27.0
2026-03-14,Saturday,1,9,204,Ocasional,Mocha Belga,18.0,Bolo Red Velvet,15.0,Balcão,Crédito,33.0
2026-03-14,Saturday,1,11,156,Ocasional,Latte Baunilha,16.0,Cookie Artesanal,9.0,Balcão,Débito,25.0
2026-03-14,Saturday,1,13,206,Trabalhador,Espresso Premium,9.5,Croissant Francês,13.0,Delivery,Pix,22.5
2026-03-14,Saturday,1,16,208,Fim de Semana,Espresso Premium,9.5,Torta de Limão Siciliano,16.0,Balcão,Crédito,25.5
2026-03-14,Saturday,1,18,249,Fim de Semana,Latte Baunilha,16.0,Bolo Red Velvet,15.0,Delivery,Crédito,31.0
2026-03-14,Saturday,1,7,225,Ocasional,Latte Baunilha,16.0,Croissant Francês,13.0,Balcão,Débito,29.0
2026-03-14,Saturday,1,9,95,Fim de Semana,Latte Baunilha,16.0,Sanduíche Caprese,19.0,Delivery,Débito,35.0
2026-03-14,Saturday,1,7,117,Fim de Semana,Espresso Premium,9.5,Cookie Artesanal,9.0,Balcão,Débito,18.5
2026-03-14,Saturday,1,15,287,Trabalhador,Cappuccino Italiano,14.0,Torta de Limão Siciliano,16.0,Delivery,Pix,30.0
2026-03-15,Sunday,1,17,227,Ocasional,Espresso Premium,9.5,Sanduíche Caprese,19.0,Balcão,Crédito,28.5
2026-03-15,Sunday,1,11,212,Fim de Semana,Espresso Premium,9.5,Sanduíche Caprese,19.0,Balcão,Crédito,28.5
2026-03-15,Sunday,1,20,192,Trabalhador,Chá Orgânico,12.0,Cookie Artesanal,9.0,Balcão,Crédito,21.0
2026-03-15,Sunday,1,20,179,Ocasional,Cappuccino Italiano,14.0,Quiche de Alho Poró,18.0,Balcão,Crédito,32.0
2026-03-15,Sunday,1,19,65,Fim de Semana,Mocha Belga,18.0,Bolo Red Velvet,15.0,Delivery,Pix,33.0
2026-03-15,Sunday,1,17,135,Ocasional,Cappuccino Italiano,14.0,Cookie Artesanal,9.0,Delivery,Crédito,23.0
2026-03-15,Sunday,1,13,276,Fim de Semana,Espresso Premium,9.5,Bolo Red Velvet,15.0,Delivery,Débito,24.5
2026-03-15,Sunday,1,8,73,Ocasional,Latte Baunilha,16.0,Bolo Red Velvet,15.0,Delivery,Pix,31.0
2026-03-15,Sunday,1,13,9,Ocasional,Mocha Belga,18.0,Bolo Red Velvet,15.0,Delivery,Pix,33.0
2026-03-15,Sunday,1,20,216,Trabalhador,Mocha Belga,18.0,Cookie Artesanal,9.0,Delivery,Crédito,27.0
2026-03-15,Sunday,1,19,244,Trabalhador,Latte Baunilha,16.0,Quiche de Alho Poró,18.0,Balcão,Débito,34.0
2026-03-15,Sunday,1,18,91,Ocasional,Chá Orgânico,12.0,Bolo Red Velvet,15.0,Delivery,Crédito,27.0
2026-03-15,Sunday,1,10,269,Trabalhador,Mocha Belga,18.0,Croissant Francês,13.0,Balcão,Débito,31.0
2026-03-15,Sunday,1,17,205,Trabalhador,Latte Baunilha,16.0,Torta de Limão Siciliano,16.0,Balcão,Crédito,32.0
2026-03-15,Sunday,1,9,128,Fim de Semana,Cold Brew Especial,17.0,Torta de Limão Siciliano,16.0,Balcão,Débito,33.0
2026-03-15,Sunday,1,7,2,Trabalhador,Cold Brew Especial,17.0,Torta de Limão Siciliano,16.0,Delivery,Crédito,33.0
2026-03-15,Sunday,1,14,53,Trabalhador,Latte Baunilha,16.0,Quiche de Alho Poró,18.0,Delivery,Crédito,34.0
2026-03-15,Sunday,1,12,231,Trabalhador,Cappuccino Italiano,14.0,Cookie Artesanal,9.0,Delivery,Crédito,23.0
2026-03-15,Sunday,1,19,175,Ocasional,Cold Brew Especial,17.0,Bolo Red Velvet,15.0,Delivery,Débito,32.0
2026-03-15,Sunday,1,20,3,Fim de Semana,Cold Brew Especial,17.0,Torta de Limão Siciliano,16.0,Delivery,Crédito,33.0
2026-03-15,Sunday,1,13,77,Trabalhador,Mocha Belga,18.0,Croissant Francês,13.0,Balcão,Pix,31.0
2026-03-15,Sunday,1,18,231,Fim de Semana,Mocha Belga,18.0,Sanduíche Caprese,19.0,Balcão,Pix,37.0
2026-03-15,Sunday,1,11,20,Trabalhador,Espresso Premium,9.5,Quiche de Alho Poró,18.0,Delivery,Crédito,27.5
2026-03-15,Sunday,1,17,103,Trabalhador,Chá Orgânico,12.0,Torta de Limão Siciliano,16.0,Delivery,Débito,28.0
2026-03-15,Sunday,1,10,49,Fim de Semana,Mocha Belga,18.0,Torta de Limão Siciliano,16.0,Delivery,Pix,34.0
2026-03-15,Sunday,1,17,157,Trabalhador,Cappuccino Italiano,14.0,Sanduíche Caprese,19.0,Delivery,Crédito,33.0
2026-03-15,Sunday,1,11,3,Trabalhador,Cappuccino Italiano,14.0,Cookie Artesanal,9.0,Delivery,Crédito,23.0
2026-03-15,Sunday,1,20,195,Trabalhador,Latte Baunilha,16.0,Cookie Artesanal,9.0,Balcão,Débito,25.0
2026-03-15,Sunday,1,11,42,Fim de Semana,Latte Baunilha,16.0,Croissant Francês,13.0,Delivery,Débito,29.0
2026-03-15,Sunday,1,13,18,Fim de Semana,Latte Baunilha,16.0,Quiche de Alho Poró,18.0,Balcão,Crédito,34.0
2026-03-15,Sunday,1,13,80,Trabalhador,Espresso Premium,9.5,Sanduíche Caprese,19.0,Delivery,Débito,28.5
2026-03-15,Sunday,1,17,254,Trabalhador,Cold Brew Especial,17.0,Croissant Francês,13.0,Delivery,Crédito,30.0
2026-03-15,Sunday,1,14,266,Ocasional,Mocha Belga,18.0,Croissant Francês,13.0,Balcão,Débito,31.0
2026-03-15,Sunday,1,9,58,Ocasional,Mocha Belga,18.0,Bolo Red Velvet,15.0,Balcão,Débito,33.0
2026-03-15,Sunday,1,10,271,Trabalhador,Espresso Premium,9.5,Torta de Limão Siciliano,16.0,Balcão,Débito,25.5
2026-03-15,Sunday,1,8,177,Fim de Semana,Mocha Belga,18.0,Cookie Artesanal,9.0,Delivery,Crédito,27.0
2026-03-15,Sunday,1,17,59,Trabalhador,Chá Orgânico,12.0,Torta de Limão Siciliano,16.0,Balcão,Crédito,28.0
2026-03-15,Sunday,1,18,145,Ocasional,Chá Orgânico,12.0,Cookie Artesanal,9.0,Delivery,Débito,21.0
2026-03-15,Sunday,1,8,70,Trabalhador,Chá Orgânico,12.0,Torta de Limão Siciliano,16.0,Balcão,Pix,28.0
2026-03-15,Sunday,1,12,125,Trabalhador,Espresso Premium,9.5,Quiche de Alho Poró,18.0,Balcão,Pix,27.5
2026-03-15,Sunday,1,10,278,Trabalhador,Chá Orgânico,12.0,Bolo Red Velvet,15.0,Balcão,Pix,27.0
2026-03-15,Sunday,1,9,250,Fim de Semana,Espresso Premium,9.5,Quiche de Alho Poró,18.0,Delivery,Débito,27.5
2026-03-15,Sunday,1,9,114,Ocasional,Cappuccino Italiano,14.0,Torta de Limão Siciliano,16.0,Balcão,Débito,30.0
2026-03-15,Sunday,1,15,214,Trabalhador,Latte Baunilha,16.0,Croissant Francês,13.0,Delivery,Crédito,29.0
2026-03-15,Sunday,1,14,3,Trabalhador,Mocha Belga,18.0,Torta de Limão Siciliano,16.0,Delivery,Pix,34.0
2026-03-15,Sunday,1,11,111,Trabalhador,Cappuccino Italiano,14.0,Quiche de Alho Poró,18.0,Balcão,Crédito,32.0
2026-03-15,Sunday,1,20,64,Trabalhador,Mocha Belga,18.0,Cookie Artesanal,9.0,Delivery,Débito,27.0
2026-03-15,Sunday,1,11,235,Fim de Semana,Cold Brew Especial,17.0,Sanduíche Caprese,19.0,Delivery,Débito,36.0
2026-03-15,Sunday,1,11,56,Fim de Semana,Cappuccino Italiano,14.0,Bolo Red Velvet,15.0,Delivery,Pix,29.0
2026-03-15,Sunday,1,13,18,Fim de Semana,Espresso Premium,9.5,Bolo Red Velvet,15.0,Balcão,Crédito,24.5
2026-03-15,Sunday,1,15,275,Trabalhador,Latte Baunilha,16.0,Quiche de Alho Poró,18.0,Delivery,Crédito,34.0
2026-03-15,Sunday,1,7,92,Fim de Semana,Cold Brew Especial,17.0,Sanduíche Caprese,19.0,Balcão,Débito,36.0
2026-03-15,Sunday,1,17,30,Trabalhador,Chá Orgânico,12.0,Sanduíche Caprese,19.0,Balcão,Débito,31.0
2026-03-15,Sunday,1,9,4,Trabalhador,Cold Brew Especial,17.0,Torta de Limão Siciliano,16.0,Balcão,Crédito,33.0
2026-03-15,Sunday,1,12,300,Fim de Semana,Latte Baunilha,16.0,Bolo Red Velvet,15.0,Delivery,Pix,31.0
2026-03-15,Sunday,1,8,264,Ocasional,Latte Baunilha,16.0,Cookie Artesanal,9.0,Delivery,Débito,25.0
2026-03-15,Sunday,1,19,40,Trabalhador,Mocha Belga,18.0,Croissant Francês,13.0,Balcão,Débito,31.0
2026-03-15,Sunday,1,17,284,Trabalhador,Chá Orgânico,12.0,Croissant Francês,13.0,Balcão,Crédito,25.0
2026-03-15,Sunday,1,9,138,Trabalhador,Latte Baunilha,16.0,Sanduíche Caprese,19.0,Balcão,Crédito,35.0
2026-03-15,Sunday,1,8,220,Ocasional,Cold Brew Especial,17.0,Cookie Artesanal,9.0,Delivery,Débito,26.0
2026-03-15,Sunday,1,18,45,Ocasional,Cappuccino Italiano,14.0,Torta de Limão Siciliano,16.0,Balcão,Débito,30.0
2026-03-15,Sunday,1,9,39,Fim de Semana,Espresso Premium,9.5,Cookie Artesanal,9.0,Delivery,Pix,18.5
2026-03-15,Sunday,1,10,170,Trabalhador,Espresso Premium,9.5,Croissant Francês,13.0,Balcão,Débito,22.5
2026-03-15,Sunday,1,14,145,Ocasional,Chá Orgânico,12.0,Croissant Francês,13.0,Balcão,Crédito,25.0
2026-03-15,Sunday,1,13,300,Fim de Semana,Latte Baunilha,16.0,Sanduíche Caprese,19.0,Balcão,Pix,35.0
2026-03-15,Sunday,1,18,216,Fim de Semana,Latte Baunilha,16.0,Bolo Red Velvet,15.0,Balcão,Crédito,31.0
2026-03-15,Sunday,1,9,86,Ocasional,Cappuccino Italiano,14.0,Quiche de Alho Poró,18.0,Delivery,Débito,32.0
2026-03-15,Sunday,1,13,225,Ocasional,Mocha Belga,18.0,Sanduíche Caprese,19.0,Delivery,Pix,37.0
2026-03-15,Sunday,1,9,287,Fim de Semana,Espresso Premium,9.5,Cookie Artesanal,9.0,Balcão,Débito,18.5
2026-03-15,Sunday,1,9,229,Trabalhador,Cappuccino Italiano,14.0,Bolo Red Velvet,15.0,Balcão,Crédito,29.0
2026-03-15,Sunday,1,11,48,Trabalhador,Latte Baunilha,16.0,Cookie Artesanal,9.0,Delivery,Pix,25.0
2026-03-15,Sunday,1,18,110,Ocasional,Espresso Premium,9.5,Cookie Artesanal,9.0,Delivery,Pix,18.5
2026-03-15,Sunday,1,8,35,Ocasional,Cappuccino Italiano,14.0,Torta de Limão Siciliano,16.0,Balcão,Crédito,30.0
2026-03-15,Sunday,1,10,85,Fim de Semana,Mocha Belga,18.0,Bolo Red Velvet,15.0,Balcão,Crédito,33.0
2026-03-15,Sunday,1,18,251,Fim de Semana,Cold Brew Especial,17.0,Quiche de Alho Poró,18.0,Delivery,Crédito,35.0
2026-03-15,Sunday,1,10,184,Trabalhador,Espresso Premium,9.5,Cookie Artesanal,9.0,Balcão,Débito,18.5
2026-03-15,Sunday,1,20,156,Fim de Semana,Cappuccino Italiano,14.0,Quiche de Alho Poró,18.0,Delivery,Débito,32.0
2026-03-15,Sunday,1,9,249,Ocasional,Mocha Belga,18.0,Torta de Limão Siciliano,16.0,Balcão,Débito,34.0
2026-03-15,Sunday,1,7,98,Ocasional,Mocha Belga,18.0,Torta de Limão Siciliano,16.0,Delivery,Débito,34.0
2026-03-15,Sunday,1,7,40,Trabalhador,Cold Brew Especial,17.0,Cookie Artesanal,9.0,Balcão,Pix,26.0
2026-03-15,Sunday,1,17,204,Ocasional,Chá Orgânico,12.0,Cookie Artesanal,9.0,Delivery,Crédito,21.0
2026-03-15,Sunday,1,15,35,Trabalhador,Mocha Belga,18.0,Croissant Francês,13.0,Delivery,Débito,31.0
2026-03-15,Sunday,1,20,50,Ocasional,Espresso Premium,9.5,Cookie Artesanal,9.0,Balcão,Crédito,18.5
2026-03-15,Sunday,1,7,141,Ocasional,Mocha Belga,18.0,Croissant Francês,13.0,Delivery,Crédito,31.0
2026-03-15,Sunday,1,16,79,Trabalhador,Cold Brew Especial,17.0,Quiche de Alho Poró,18.0,Balcão,Pix,35.0
2026-03-16,Monday,0,15,118,Trabalhador,Mocha Belga,18.0,Cookie Artesanal,9.0,Delivery,Débito,27.0
2026-03-16,Monday,0,17,166,Fim de Semana,Mocha Belga,18.0,Torta de Limão Siciliano,16.0,Delivery,Pix,34.0
2026-03-16,Monday,0,20,297,Ocasional,Latte Baunilha,16.0,Torta de Limão Siciliano,16.0,Balcão,Débito,32.0
2026-03-16,Monday,0,13,260,Trabalhador,Cold Brew Especial,17.0,Bolo Red Velvet,15.0,Delivery,Crédito,32.0
2026-03-16,Monday,0,9,83,Ocasional,Chá Orgânico,12.0,Quiche de Alho Poró,18.0,Balcão,Pix,30.0
2026-03-16,Monday,0,7,74,Trabalhador,Cold Brew Especial,17.0,Torta de Limão Siciliano,16.0,Balcão,Pix,33.0
2026-03-16,Monday,0,10,229,Fim de Semana,Latte Baunilha,16.0,Cookie Artesanal,9.0,Delivery,Débito,25.0
2026-03-16,Monday,0,8,15,Trabalhador,Espresso Premium,9.5,Croissant Francês,13.0,Delivery,Débito,22.5
2026-03-16,Monday,0,8,290,Trabalhador,Cappuccino Italiano,14.0,Cookie Artesanal,9.0,Balcão,Pix,23.0
2026-03-16,Monday,0,13,287,Trabalhador,Mocha Belga,18.0,Croissant Francês,13.0,Delivery,Pix,31.0
2026-03-16,Monday,0,18,141,Fim de Semana,Cold Brew Especial,17.0,Torta de Limão Siciliano,16.0,Balcão,Débito,33.0
2026-03-16,Monday,0,17,72,Fim de Semana,Mocha Belga,18.0,Croissant Francês,13.0,Delivery,Débito,31.0
2026-03-16,Monday,0,15,252,Ocasional,Chá Orgânico,12.0,Torta de Limão Siciliano,16.0,Delivery,Débito,28.0
2026-03-16,Monday,0,9,207,Fim de Semana,Cappuccino Italiano,14.0,Cookie Artesanal,9.0,Balcão,Débito,23.0
2026-03-16,Monday,0,17,244,Fim de Semana,Espresso Premium,9.5,Quiche de Alho Poró,18.0,Balcão,Crédito,27.5
2026-03-16,Monday,0,10,80,Trabalhador,Cappuccino Italiano,14.0,Cookie Artesanal,9.0,Balcão,Débito,23.0
2026-03-16,Monday,0,20,128,Fim de Semana,Latte Baunilha,16.0,Sanduíche Caprese,19.0,Balcão,Débito,35.0
2026-03-16,Monday,0,19,233,Trabalhador,Cold Brew Especial,17.0,Torta de Limão Siciliano,16.0,Delivery,Débito,33.0
2026-03-16,Monday,0,16,6,Ocasional,Cappuccino Italiano,14.0,Bolo Red Velvet,15.0,Balcão,Crédito,29.0
2026-03-16,Monday,0,18,245,Trabalhador,Espresso Premium,9.5,Croissant Francês,13.0,Balcão,Crédito,22.5
2026-03-16,Monday,0,7,129,Fim de Semana,Latte Baunilha,16.0,Cookie Artesanal,9.0,Balcão,Pix,25.0
2026-03-16,Monday,0,9,225,Fim de Semana,Mocha Belga,18.0,Quiche de Alho Poró,18.0,Balcão,Crédito,36.0
2026-03-16,Monday,0,12,118,Fim de Semana,Cold Brew Especial,17.0,Sanduíche Caprese,19.0,Delivery,Débito,36.0
2026-03-16,Monday,0,12,247,Fim de Semana,Latte Baunilha,16.0,Sanduíche Caprese,19.0,Delivery,Pix,35.0
2026-03-16,Monday,0,13,190,Fim de Semana,Cappuccino Italiano,14.0,Bolo Red Velvet,15.0,Balcão,Débito,29.0
2026-03-16,Monday,0,14,148,Trabalhador,Cappuccino Italiano,14.0,Croissant Francês,13.0,Balcão,Débito,27.0
2026-03-16,Monday,0,8,81,Ocasional,Cappuccino Italiano,14.0,Bolo Red Velvet,15.0,Delivery,Débito,29.0
2026-03-16,Monday,0,12,180,Trabalhador,Mocha Belga,18.0,Bolo Red Velvet,15.0,Balcão,Crédito,33.0
2026-03-16,Monday,0,18,78,Ocasional,Chá Orgânico,12.0,Cookie Artesanal,9.0,Balcão,Crédito,21.0
2026-03-16,Monday,0,7,81,Fim de Semana,Cold Brew Especial,17.0,Croissant Francês,13.0,Balcão,Débito,30.0
2026-03-16,Monday,0,18,26,Ocasional,Latte Baunilha,16.0,Quiche de Alho Poró,18.0,Balcão,Pix,34.0
2026-03-16,Monday,0,13,102,Ocasional,Chá Orgânico,12.0,Bolo Red Velvet,15.0,Balcão,Crédito,27.0
2026-03-16,Monday,0,13,236,Ocasional,Cappuccino Italiano,14.0,Cookie Artesanal,9.0,Balcão,Pix,23.0
2026-03-16,Monday,0,11,21,Trabalhador,Espresso Premium,9.5,Bolo Red Velvet,15.0,Balcão,Débito,24.5
2026-03-16,Monday,0,17,88,Fim de Semana,Cappuccino Italiano,14.0,Bolo Red Velvet,15.0,Delivery,Débito,29.0
2026-03-16,Monday,0,17,35,Ocasional,Mocha Belga,18.0,Torta de Limão Siciliano,16.0,Delivery,Débito,34.0
2026-03-16,Monday,0,13,250,Trabalhador,Espresso Premium,9.5,Cookie Artesanal,9.0,Balcão,Débito,18.5
2026-03-16,Monday,0,11,235,Trabalhador,Chá Orgânico,12.0,Bolo Red Velvet,15.0,Delivery,Pix,27.0
2026-03-16,Monday,0,17,278,Trabalhador,Chá Orgânico,12.0,Sanduíche Caprese,19.0,Delivery,Crédito,31.0
2026-03-16,Monday,0,12,258,Ocasional,Espresso Premium,9.5,Bolo Red Velvet,15.0,Balcão,Débito,24.5
2026-03-16,Monday,0,8,31,Fim de Semana,Latte Baunilha,16.0,Sanduíche Caprese,19.0,Delivery,Pix,35.0
2026-03-16,Monday,0,20,224,Trabalhador,Cold Brew Especial,17.0,Torta de Limão Siciliano,16.0,Delivery,Crédito,33.0
2026-03-16,Monday,0,15,234,Fim de Semana,Cold Brew Especial,17.0,Croissant Francês,13.0,Balcão,Débito,30.0
2026-03-16,Monday,0,14,134,Ocasional,Latte Baunilha,16.0,Torta de Limão Siciliano,16.0,Delivery,Crédito,32.0
2026-03-16,Monday,0,19,143,Ocasional,Cold Brew Especial,17.0,Torta de Limão Siciliano,16.0,Delivery,Débito,33.0
2026-03-16,Monday,0,16,117,Trabalhador,Cold Brew Especial,17.0,Cookie Artesanal,9.0,Delivery,Pix,26.0
2026-03-16,Monday,0,11,80,Ocasional,Mocha Belga,18.0,Bolo Red Velvet,15.0,Delivery,Crédito,33.0
2026-03-16,Monday,0,14,19,Fim de Semana,Espresso Premium,9.5,Torta de Limão Siciliano,16.0,Delivery,Crédito,25.5
2026-03-16,Monday,0,15,72,Fim de Semana,Latte Baunilha,16.0,Quiche de Alho Poró,18.0,Delivery,Débito,34.0
2026-03-16,Monday,0,12,95,Ocasional,Mocha Belga,18.0,Sanduíche Caprese,19.0,Delivery,Crédito,37.0
2026-03-16,Monday,0,9,172,Trabalhador,Cold Brew Especial,17.0,Quiche de Alho Poró,18.0,Delivery,Pix,35.0
2026-03-16,Monday,0,12,269,Fim de Semana,Chá Orgânico,12.0,Torta de Limão Siciliano,16.0,Balcão,Pix,28.0
2026-03-16,Monday,0,7,156,Trabalhador,Cappuccino Italiano,14.0,Croissant Francês,13.0,Balcão,Débito,27.0
2026-03-16,Monday,0,9,55,Trabalhador,Espresso Premium,9.5,Torta de Limão Siciliano,16.0,Balcão,Débito,25.5
2026-03-16,Monday,0,13,214,Ocasional,Latte Baunilha,16.0,Torta de Limão Siciliano,16.0,Delivery,Pix,32.0
2026-03-16,Monday,0,18,40,Fim de Semana,Latte Baunilha,16.0,Bolo Red Velvet,15.0,Delivery,Débito,31.0
2026-03-16,Monday,0,8,234,Fim de Semana,Espresso Premium,9.5,Torta de Limão Siciliano,16.0,Balcão,Pix,25.5
2026-03-16,Monday,0,8,154,Fim de Semana,Cold Brew Especial,17.0,Sanduíche Caprese,19.0,Balcão,Débito,36.0
2026-03-16,Monday,0,14,237,Ocasional,Latte Baunilha,16.0,Torta de Limão Siciliano,16.0,Balcão,Crédito,32.0
2026-03-16,Monday,0,17,14,Ocasional,Mocha Belga,18.0,Bolo Red Velvet,15.0,Balcão,Débito,33.0
2026-03-16,Monday,0,11,172,Trabalhador,Cappuccino Italiano,14.0,Croissant Francês,13.0,Balcão,Débito,27.0
2026-03-16,Monday,0,7,52,Trabalhador,Latte Baunilha,16.0,Cookie Artesanal,9.0,Delivery,Débito,25.0
2026-03-16,Monday,0,8,91,Fim de Semana,Espresso Premium,9.5,Cookie Artesanal,9.0,Balcão,Pix,18.5
2026-03-16,Monday,0,7,152,Fim de Semana,Chá Orgânico,12.0,Torta de Limão Siciliano,16.0,Delivery,Pix,28.0
2026-03-16,Monday,0,17,128,Trabalhador,Mocha Belga,18.0,Torta de Limão Siciliano,16.0,Balcão,Pix,34.0
2026-03-16,Monday,0,12,73,Trabalhador,Latte Baunilha,16.0,Cookie Artesanal,9.0,Balcão,Pix,25.0
2026-03-16,Monday,0,16,63,Trabalhador,Latte Baunilha,16.0,Cookie Artesanal,9.0,Balcão,Débito,25.0
2026-03-16,Monday,0,9,279,Ocasional,Latte Baunilha,16.0,Bolo Red Velvet,15.0,Delivery,Débito,31.0
2026-03-16,Monday,0,9,83,Fim de Semana,Chá Orgânico,12.0,Croissant Francês,13.0,Delivery,Crédito,25.0
2026-03-16,Monday,0,8,25,Trabalhador,Mocha Belga,18.0,Cookie Artesanal,9.0,Delivery,Crédito,27.0
2026-03-16,Monday,0,7,143,Fim de Semana,Latte Baunilha,16.0,Croissant Francês,13.0,Delivery,Pix,29.0
2026-03-16,Monday,0,7,127,Trabalhador,Cappuccino Italiano,14.0,Croissant Francês,13.0,Delivery,Crédito,27.0
2026-03-16,Monday,0,19,11,Trabalhador,Espresso Premium,9.5,Croissant Francês,13.0,Delivery,Pix,22.5
2026-03-16,Monday,0,11,206,Trabalhador,Cold Brew Especial,17.0,Torta de Limão Siciliano,16.0,Balcão,Crédito,33.0
2026-03-16,Monday,0,16,274,Ocasional,Latte Baunilha,16.0,Bolo Red Velvet,15.0,Balcão,Débito,31.0
2026-03-16,Monday,0,12,124,Trabalhador,Cold Brew Especial,17.0,Cookie Artesanal,9.0,Delivery,Débito,26.0
2026-03-16,Monday,0,10,261,Trabalhador,Espresso Premium,9.5,Torta de Limão Siciliano,16.0,Balcão,Pix,25.5
2026-03-16,Monday,0,15,55,Ocasional,Cold Brew Especial,17.0,Quiche de Alho Poró,18.0,Delivery,Pix,35.0
2026-03-16,Monday,0,7,190,Trabalhador,Latte Baunilha,16.0,Quiche de Alho Poró,18.0,Delivery,Débito,34.0
2026-03-16,Monday,0,14,263,Ocasional,Mocha Belga,18.0,Sanduíche Caprese,19.0,Balcão,Pix,37.0
2026-03-16,Monday,0,11,178,Trabalhador,Latte Baunilha,16.0,Quiche de Alho Poró,18.0,Balcão,Pix,34.0
2026-03-17,Tuesday,0,19,18,Trabalhador,Latte Baunilha,16.0,Cookie Artesanal,9.0,Balcão,Débito,25.0
2026-03-17,Tuesday,0,8,182,Fim de Semana,Latte Baunilha,16.0,Quiche de Alho Poró,18.0,Balcão,Débito,34.0
2026-03-17,Tuesday,0,14,292,Ocasional,Chá Orgânico,12.0,Bolo Red Velvet,15.0,Balcão,Pix,27.0
2026-03-17,Tuesday,0,19,300,Ocasional,Chá Orgânico,12.0,Torta de Limão Siciliano,16.0,Delivery,Pix,28.0
2026-03-17,Tuesday,0,20,63,Fim de Semana,Mocha Belga,18.0,Sanduíche Caprese,19.0,Delivery,Débito,37.0
2026-03-17,Tuesday,0,19,56,Trabalhador,Cappuccino Italiano,14.0,Quiche de Alho Poró,18.0,Delivery,Crédito,32.0
2026-03-17,Tuesday,0,9,137,Ocasional,Espresso Premium,9.5,Quiche de Alho Poró,18.0,Delivery,Pix,27.5
2026-03-17,Tuesday,0,18,264,Ocasional,Latte Baunilha,16.0,Cookie Artesanal,9.0,Balcão,Débito,25.0
2026-03-17,Tuesday,0,16,68,Trabalhador,Espresso Premium,9.5,Sanduíche Caprese,19.0,Balcão,Débito,28.5
2026-03-17,Tuesday,0,14,292,Trabalhador,Chá Orgânico,12.0,Bolo Red Velvet,15.0,Delivery,Crédito,27.0
2026-03-17,Tuesday,0,11,137,Trabalhador,Latte Baunilha,16.0,Quiche de Alho Poró,18.0,Balcão,Pix,34.0
2026-03-17,Tuesday,0,19,242,Ocasional,Cappuccino Italiano,14.0,Torta de Limão Siciliano,16.0,Balcão,Pix,30.0
2026-03-17,Tuesday,0,9,278,Ocasional,Chá Orgânico,12.0,Quiche de Alho Poró,18.0,Delivery,Pix,30.0
2026-03-17,Tuesday,0,10,226,Ocasional,Mocha Belga,18.0,Cookie Artesanal,9.0,Balcão,Pix,27.0
2026-03-17,Tuesday,0,10,133,Ocasional,Cold Brew Especial,17.0,Sanduíche Caprese,19.0,Delivery,Débito,36.0
2026-03-17,Tuesday,0,8,132,Fim de Semana,Latte Baunilha,16.0,Croissant Francês,13.0,Delivery,Crédito,29.0
2026-03-17,Tuesday,0,8,61,Trabalhador,Cold Brew Especial,17.0,Cookie Artesanal,9.0,Delivery,Pix,26.0
2026-03-17,Tuesday,0,15,143,Fim de Semana,Cold Brew Especial,17.0,Torta de Limão Siciliano,16.0,Delivery,Crédito,33.0
2026-03-17,Tuesday,0,18,206,Ocasional,Cold Brew Especial,17.0,Torta de Limão Siciliano,16.0,Balcão,Débito,33.0
2026-03-17,Tuesday,0,18,37,Ocasional,Cold Brew Especial,17.0,Croissant Francês,13.0,Balcão,Débito,30.0
2026-03-17,Tuesday,0,10,71,Ocasional,Chá Orgânico,12.0,Torta de Limão Siciliano,16.0,Balcão,Débito,28.0
2026-03-17,Tuesday,0,15,286,Ocasional,Latte Baunilha,16.0,Sanduíche Caprese,19.0,Delivery,Crédito,35.0
2026-03-17,Tuesday,0,15,37,Trabalhador,Cold Brew Especial,17.0,Bolo Red Velvet,15.0,Delivery,Pix,32.0
2026-03-17,Tuesday,0,8,128,Ocasional,Latte Baunilha,16.0,Torta de Limão Siciliano,16.0,Delivery,Pix,32.0
2026-03-17,Tuesday,0,10,145,Trabalhador,Cold Brew Especial,17.0,Sanduíche Caprese,19.0,Delivery,Crédito,36.0
2026-03-17,Tuesday,0,12,278,Ocasional,Mocha Belga,18.0,Torta de Limão Siciliano,16.0,Balcão,Pix,34.0
2026-03-17,Tuesday,0,18,248,Trabalhador,Chá Orgânico,12.0,Quiche de Alho Poró,18.0,Balcão,Crédito,30.0
2026-03-17,Tuesday,0,14,186,Fim de Semana,Chá Orgânico,12.0,Torta de Limão Siciliano,16.0,Balcão,Débito,28.0
2026-03-17,Tuesday,0,14,259,Fim de Semana,Chá Orgânico,12.0,Bolo Red Velvet,15.0,Delivery,Débito,27.0
2026-03-17,Tuesday,0,8,184,Fim de Semana,Cold Brew Especial,17.0,Bolo Red Velvet,15.0,Balcão,Crédito,32.0
2026-03-17,Tuesday,0,20,197,Trabalhador,Latte Baunilha,16.0,Quiche de Alho Poró,18.0,Balcão,Débito,34.0
2026-03-17,Tuesday,0,10,135,Trabalhador,Cappuccino Italiano,14.0,Torta de Limão Siciliano,16.0,Balcão,Débito,30.0
2026-03-17,Tuesday,0,15,113,Ocasional,Cold Brew Especial,17.0,Quiche de Alho Poró,18.0,Balcão,Crédito,35.0
2026-03-17,Tuesday,0,17,268,Fim de Semana,Chá Orgânico,12.0,Sanduíche Caprese,19.0,Delivery,Pix,31.0
2026-03-17,Tuesday,0,9,208,Fim de Semana,Mocha Belga,18.0,Croissant Francês,13.0,Delivery,Crédito,31.0
2026-03-17,Tuesday,0,11,27,Fim de Semana,Espresso Premium,9.5,Torta de Limão Siciliano,16.0,Balcão,Crédito,25.5
2026-03-17,Tuesday,0,14,133,Ocasional,Chá Orgânico,12.0,Croissant Francês,13.0,Delivery,Débito,25.0
2026-03-17,Tuesday,0,20,300,Ocasional,Espresso Premium,9.5,Cookie Artesanal,9.0,Balcão,Débito,18.5
2026-03-17,Tuesday,0,19,238,Fim de Semana,Mocha Belga,18.0,Cookie Artesanal,9.0,Balcão,Crédito,27.0
2026-03-17,Tuesday,0,15,189,Ocasional,Chá Orgânico,12.0,Sanduíche Caprese,19.0,Balcão,Débito,31.0
2026-03-17,Tuesday,0,18,214,Trabalhador,Cold Brew Especial,17.0,Sanduíche Caprese,19.0,Delivery,Pix,36.0
2026-03-17,Tuesday,0,19,72,Fim de Semana,Cold Brew Especial,17.0,Croissant Francês,13.0,Balcão,Débito,30.0
2026-03-17,Tuesday,0,13,96,Trabalhador,Cold Brew Especial,17.0,Torta de Limão Siciliano,16.0,Balcão,Crédito,33.0
2026-03-17,Tuesday,0,11,88,Trabalhador,Latte Baunilha,16.0,Quiche de Alho Poró,18.0,Balcão,Pix,34.0
2026-03-17,Tuesday,0,7,298,Trabalhador,Latte Baunilha,16.0,Torta de Limão Siciliano,16.0,Delivery,Débito,32.0
2026-03-17,Tuesday,0,10,92,Trabalhador,Mocha Belga,18.0,Cookie Artesanal,9.0,Delivery,Pix,27.0
2026-03-17,Tuesday,0,11,11,Trabalhador,Mocha Belga,18.0,Quiche de Alho Poró,18.0,Balcão,Crédito,36.0
2026-03-17,Tuesday,0,19,125,Fim de Semana,Cappuccino Italiano,14.0,Cookie Artesanal,9.0,Balcão,Crédito,23.0
2026-03-17,Tuesday,0,17,92,Fim de Semana,Latte Baunilha,16.0,Bolo Red Velvet,15.0,Delivery,Crédito,31.0
2026-03-17,Tuesday,0,19,114,Fim de Semana,Cold Brew Especial,17.0,Torta de Limão Siciliano,16.0,Delivery,Pix,33.0
2026-03-17,Tuesday,0,14,53,Trabalhador,Cold Brew Especial,17.0,Torta de Limão Siciliano,16.0,Balcão,Pix,33.0
2026-03-17,Tuesday,0,16,109,Trabalhador,Chá Orgânico,12.0,Torta de Limão Siciliano,16.0,Balcão,Pix,28.0
2026-03-17,Tuesday,0,19,261,Fim de Semana,Cappuccino Italiano,14.0,Torta de Limão Siciliano,16.0,Balcão,Débito,30.0
2026-03-17,Tuesday,0,20,77,Trabalhador,Mocha Belga,18.0,Bolo Red Velvet,15.0,Balcão,Pix,33.0
2026-03-17,Tuesday,0,7,277,Trabalhador,Cappuccino Italiano,14.0,Cookie Artesanal,9.0,Delivery,Crédito,23.0
2026-03-17,Tuesday,0,12,154,Fim de Semana,Chá Orgânico,12.0,Quiche de Alho Poró,18.0,Delivery,Crédito,30.0
2026-03-17,Tuesday,0,14,296,Trabalhador,Espresso Premium,9.5,Quiche de Alho Poró,18.0,Delivery,Pix,27.5
2026-03-17,Tuesday,0,15,138,Fim de Semana,Cold Brew Especial,17.0,Bolo Red Velvet,15.0,Balcão,Crédito,32.0
2026-03-17,Tuesday,0,18,201,Trabalhador,Espresso Premium,9.5,Sanduíche Caprese,19.0,Delivery,Pix,28.5
2026-03-17,Tuesday,0,14,240,Fim de Semana,Cold Brew Especial,17.0,Torta de Limão Siciliano,16.0,Delivery,Crédito,33.0
2026-03-17,Tuesday,0,19,282,Trabalhador,Cold Brew Especial,17.0,Sanduíche Caprese,19.0,Balcão,Crédito,36.0
2026-03-17,Tuesday,0,18,7,Ocasional,Cappuccino Italiano,14.0,Torta de Limão Siciliano,16.0,Delivery,Débito,30.0
2026-03-17,Tuesday,0,13,152,Trabalhador,Cold Brew Especial,17.0,Torta de Limão Siciliano,16.0,Balcão,Débito,33.0
2026-03-17,Tuesday,0,9,27,Fim de Semana,Cold Brew Especial,17.0,Torta de Limão Siciliano,16.0,Delivery,Débito,33.0
2026-03-17,Tuesday,0,8,170,Fim de Semana,Latte Baunilha,16.0,Bolo Red Velvet,15.0,Balcão,Crédito,31.0
2026-03-17,Tuesday,0,10,250,Trabalhador,Mocha Belga,18.0,Cookie Artesanal,9.0,Delivery,Crédito,27.0
2026-03-17,Tuesday,0,10,89,Trabalhador,Latte Baunilha,16.0,Quiche de Alho Poró,18.0,Balcão,Crédito,34.0
2026-03-17,Tuesday,0,10,210,Trabalhador,Espresso Premium,9.5,Croissant Francês,13.0,Delivery,Crédito,22.5
2026-03-17,Tuesday,0,10,203,Trabalhador,Cold Brew Especial,17.0,Croissant Francês,13.0,Balcão,Débito,30.0
2026-03-17,Tuesday,0,19,140,Ocasional,Mocha Belga,18.0,Bolo Red Velvet,15.0,Balcão,Débito,33.0
2026-03-17,Tuesday,0,19,124,Trabalhador,Espresso Premium,9.5,Bolo Red Velvet,15.0,Balcão,Pix,24.5
2026-03-17,Tuesday,0,13,39,Ocasional,Latte Baunilha,16.0,Quiche de Alho Poró,18.0,Balcão,Pix,34.0
2026-03-17,Tuesday,0,9,180,Ocasional,Latte Baunilha,16.0,Torta de Limão Siciliano,16.0,Delivery,Pix,32.0
2026-03-17,Tuesday,0,13,172,Ocasional,Latte Baunilha,16.0,Bolo Red Velvet,15.0,Delivery,Débito,31.0
2026-03-17,Tuesday,0,14,210,Ocasional,Chá Orgânico,12.0,Torta de Limão Siciliano,16.0,Balcão,Débito,28.0
2026-03-17,Tuesday,0,9,217,Trabalhador,Cappuccino Italiano,14.0,Croissant Francês,13.0,Delivery,Débito,27.0
2026-03-17,Tuesday,0,8,126,Ocasional,Latte Baunilha,16.0,Torta de Limão Siciliano,16.0,Balcão,Crédito,32.0
2026-03-17,Tuesday,0,19,158,Fim de Semana,Chá Orgânico,12.0,Sanduíche Caprese,19.0,Delivery,Crédito,31.0
2026-03-17,Tuesday,0,19,267,Fim de Semana,Chá Orgânico,12.0,Torta de Limão Siciliano,16.0,Delivery,Débito,28.0
2026-03-18,Wednesday,0,12,145,Ocasional,Chá Orgânico,12.0,Croissant Francês,13.0,Delivery,Pix,25.0
2026-03-18,Wednesday,0,8,166,Trabalhador,Chá Orgânico,12.0,Croissant Francês,13.0,Delivery,Débito,25.0
2026-03-18,Wednesday,0,15,53,Ocasional,Cappuccino Italiano,14.0,Croissant Francês,13.0,Delivery,Débito,27.0
2026-03-18,Wednesday,0,9,36,Trabalhador,Espresso Premium,9.5,Cookie Artesanal,9.0,Balcão,Pix,18.5
2026-03-18,Wednesday,0,19,195,Trabalhador,Cappuccino Italiano,14.0,Sanduíche Caprese,19.0,Balcão,Crédito,33.0
2026-03-18,Wednesday,0,14,162,Trabalhador,Cappuccino Italiano,14.0,Sanduíche Caprese,19.0,Delivery,Débito,33.0
2026-03-18,Wednesday,0,11,153,Ocasional,Latte Baunilha,16.0,Torta de Limão Siciliano,16.0,Balcão,Débito,32.0
2026-03-18,Wednesday,0,13,145,Fim de Semana,Mocha Belga,18.0,Quiche de Alho Poró,18.0,Delivery,Débito,36.0
2026-03-18,Wednesday,0,8,88,Fim de Semana,Latte Baunilha,16.0,Torta de Limão Siciliano,16.0,Balcão,Débito,32.0
2026-03-18,Wednesday,0,19,70,Trabalhador,Cappuccino Italiano,14.0,Cookie Artesanal,9.0,Delivery,Débito,23.0
2026-03-18,Wednesday,0,9,10,Ocasional,Chá Orgânico,12.0,Croissant Francês,13.0,Balcão,Débito,25.0
2026-03-18,Wednesday,0,20,253,Trabalhador,Latte Baunilha,16.0,Quiche de Alho Poró,18.0,Balcão,Pix,34.0
2026-03-18,Wednesday,0,15,29,Fim de Semana,Cappuccino Italiano,14.0,Bolo Red Velvet,15.0,Balcão,Débito,29.0
2026-03-18,Wednesday,0,14,202,Trabalhador,Cold Brew Especial,17.0,Quiche de Alho Poró,18.0,Delivery,Crédito,35.0
2026-03-18,Wednesday,0,12,160,Trabalhador,Chá Orgânico,12.0,Torta de Limão Siciliano,16.0,Delivery,Crédito,28.0
2026-03-18,Wednesday,0,18,173,Ocasional,Cappuccino Italiano,14.0,Sanduíche Caprese,19.0,Delivery,Pix,33.0
2026-03-18,Wednesday,0,20,33,Fim de Semana,Cappuccino Italiano,14.0,Sanduíche Caprese,19.0,Balcão,Débito,33.0
2026-03-18,Wednesday,0,11,265,Ocasional,Latte Baunilha,16.0,Croissant Francês,13.0,Delivery,Débito,29.0
2026-03-18,Wednesday,0,10,54,Fim de Semana,Chá Orgânico,12.0,Torta de Limão Siciliano,16.0,Delivery,Débito,28.0
2026-03-18,Wednesday,0,13,3,Ocasional,Espresso Premium,9.5,Croissant Francês,13.0,Balcão,Pix,22.5
2026-03-18,Wednesday,0,17,1,Ocasional,Chá Orgânico,12.0,Croissant Francês,13.0,Balcão,Crédito,25.0
2026-03-18,Wednesday,0,19,297,Fim de Semana,Cold Brew Especial,17.0,Bolo Red Velvet,15.0,Balcão,Débito,32.0
2026-03-18,Wednesday,0,14,100,Ocasional,Espresso Premium,9.5,Croissant Francês,13.0,Balcão,Crédito,22.5
2026-03-18,Wednesday,0,20,17,Ocasional,Chá Orgânico,12.0,Torta de Limão Siciliano,16.0,Balcão,Crédito,28.0
2026-03-18,Wednesday,0,14,97,Ocasional,Mocha Belga,18.0,Sanduíche Caprese,19.0,Delivery,Débito,37.0
2026-03-18,Wednesday,0,13,271,Trabalhador,Cold Brew Especial,17.0,Quiche de Alho Poró,18.0,Balcão,Débito,35.0
2026-03-18,Wednesday,0,10,26,Trabalhador,Latte Baunilha,16.0,Cookie Artesanal,9.0,Balcão,Débito,25.0
2026-03-18,Wednesday,0,9,215,Trabalhador,Espresso Premium,9.5,Quiche de Alho Poró,18.0,Balcão,Crédito,27.5
2026-03-18,Wednesday,0,15,35,Ocasional,Espresso Premium,9.5,Torta de Limão Siciliano,16.0,Delivery,Crédito,25.5
2026-03-18,Wednesday,0,15,257,Trabalhador,Cold Brew Especial,17.0,Bolo Red Velvet,15.0,Delivery,Pix,32.0
2026-03-18,Wednesday,0,18,90,Fim de Semana,Chá Orgânico,12.0,Bolo Red Velvet,15.0,Delivery,Pix,27.0
2026-03-18,Wednesday,0,13,138,Trabalhador,Mocha Belga,18.0,Sanduíche Caprese,19.0,Balcão,Crédito,37.0
2026-03-18,Wednesday,0,9,97,Fim de Semana,Espresso Premium,9.5,Cookie Artesanal,9.0,Delivery,Pix,18.5
2026-03-18,Wednesday,0,11,154,Fim de Semana,Chá Orgânico,12.0,Torta de Limão Siciliano,16.0,Delivery,Pix,28.0
2026-03-18,Wednesday,0,12,36,Trabalhador,Cappuccino Italiano,14.0,Sanduíche Caprese,19.0,Balcão,Crédito,33.0
2026-03-18,Wednesday,0,7,174,Trabalhador,Cold Brew Especial,17.0,Torta de Limão Siciliano,16.0,Balcão,Débito,33.0
2026-03-18,Wednesday,0,8,288,Trabalhador,Cappuccino Italiano,14.0,Torta de Limão Siciliano,16.0,Balcão,Débito,30.0
2026-03-18,Wednesday,0,10,286,Trabalhador,Mocha Belga,18.0,Cookie Artesanal,9.0,Balcão,Pix,27.0
2026-03-18,Wednesday,0,16,264,Trabalhador,Latte Baunilha,16.0,Cookie Artesanal,9.0,Balcão,Débito,25.0
2026-03-18,Wednesday,0,7,283,Fim de Semana,Cappuccino Italiano,14.0,Croissant Francês,13.0,Balcão,Crédito,27.0
2026-03-18,Wednesday,0,15,139,Fim de Semana,Chá Orgânico,12.0,Torta de Limão Siciliano,16.0,Delivery,Pix,28.0
2026-03-18,Wednesday,0,11,92,Ocasional,Chá Orgânico,12.0,Bolo Red Velvet,15.0,Delivery,Crédito,27.0
2026-03-18,Wednesday,0,11,28,Ocasional,Latte Baunilha,16.0,Cookie Artesanal,9.0,Balcão,Pix,25.0
2026-03-18,Wednesday,0,12,174,Fim de Semana,Cappuccino Italiano,14.0,Cookie Artesanal,9.0,Balcão,Crédito,23.0
2026-03-18,Wednesday,0,13,43,Ocasional,Latte Baunilha,16.0,Bolo Red Velvet,15.0,Delivery,Débito,31.0
2026-03-18,Wednesday,0,20,241,Trabalhador,Chá Orgânico,12.0,Quiche de Alho Poró,18.0,Delivery,Pix,30.0
2026-03-18,Wednesday,0,15,65,Ocasional,Chá Orgânico,12.0,Croissant Francês,13.0,Balcão,Crédito,25.0
2026-03-18,Wednesday,0,14,196,Fim de Semana,Espresso Premium,9.5,Cookie Artesanal,9.0,Balcão,Débito,18.5
2026-03-18,Wednesday,0,17,148,Ocasional,Chá Orgânico,12.0,Bolo Red Velvet,15.0,Delivery,Crédito,27.0
2026-03-18,Wednesday,0,9,39,Fim de Semana,Chá Orgânico,12.0,Cookie Artesanal,9.0,Balcão,Pix,21.0
2026-03-18,Wednesday,0,12,161,Fim de Semana,Mocha Belga,18.0,Quiche de Alho Poró,18.0,Delivery,Débito,36.0
2026-03-18,Wednesday,0,10,225,Trabalhador,Latte Baunilha,16.0,Torta de Limão Siciliano,16.0,Delivery,Pix,32.0
2026-03-18,Wednesday,0,13,203,Trabalhador,Mocha Belga,18.0,Quiche de Alho Poró,18.0,Balcão,Pix,36.0
2026-03-18,Wednesday,0,19,41,Ocasional,Chá Orgânico,12.0,Bolo Red Velvet,15.0,Balcão,Pix,27.0
2026-03-18,Wednesday,0,18,260,Fim de Semana,Mocha Belga,18.0,Croissant Francês,13.0,Delivery,Pix,31.0
2026-03-18,Wednesday,0,10,171,Fim de Semana,Cold Brew Especial,17.0,Quiche de Alho Poró,18.0,Delivery,Crédito,35.0
2026-03-18,Wednesday,0,11,34,Fim de Semana,Cappuccino Italiano,14.0,Cookie Artesanal,9.0,Delivery,Pix,23.0
2026-03-18,Wednesday,0,7,155,Ocasional,Espresso Premium,9.5,Torta de Limão Siciliano,16.0,Delivery,Pix,25.5
2026-03-18,Wednesday,0,14,252,Ocasional,Latte Baunilha,16.0,Bolo Red Velvet,15.0,Balcão,Débito,31.0
2026-03-18,Wednesday,0,20,297,Trabalhador,Mocha Belga,18.0,Bolo Red Velvet,15.0,Delivery,Pix,33.0
2026-03-18,Wednesday,0,15,182,Trabalhador,Cappuccino Italiano,14.0,Croissant Francês,13.0,Balcão,Crédito,27.0
2026-03-18,Wednesday,0,15,292,Trabalhador,Espresso Premium,9.5,Quiche de Alho Poró,18.0,Balcão,Crédito,27.5
2026-03-18,Wednesday,0,18,189,Fim de Semana,Espresso Premium,9.5,Croissant Francês,13.0,Delivery,Crédito,22.5
2026-03-18,Wednesday,0,16,1,Ocasional,Mocha Belga,18.0,Croissant Francês,13.0,Balcão,Crédito,31.0
2026-03-18,Wednesday,0,20,223,Fim de Semana,Latte Baunilha,16.0,Quiche de Alho Poró,18.0,Delivery,Crédito,34.0
2026-03-18,Wednesday,0,16,169,Fim de Semana,Cappuccino Italiano,14.0,Quiche de Alho Poró,18.0,Delivery,Pix,32.0
2026-03-18,Wednesday,0,15,139,Trabalhador,Chá Orgânico,12.0,Quiche de Alho Poró,18.0,Balcão,Crédito,30.0
2026-03-18,Wednesday,0,15,238,Fim de Semana,Espresso Premium,9.5,Torta de Limão Siciliano,16.0,Balcão,Crédito,25.5
2026-03-18,Wednesday,0,8,291,Trabalhador,Espresso Premium,9.5,Quiche de Alho Poró,18.0,Delivery,Débito,27.5
2026-03-18,Wednesday,0,20,43,Trabalhador,Chá Orgânico,12.0,Quiche de Alho Poró,18.0,Balcão,Débito,30.0
2026-03-18,Wednesday,0,18,110,Fim de Semana,Chá Orgânico,12.0,Torta de Limão Siciliano,16.0,Delivery,Pix,28.0
2026-03-18,Wednesday,0,18,8,Ocasional,Mocha Belga,18.0,Sanduíche Caprese,19.0,Balcão,Crédito,37.0
2026-03-18,Wednesday,0,18,108,Fim de Semana,Latte Baunilha,16.0,Sanduíche Caprese,19.0,Balcão,Pix,35.0
2026-03-18,Wednesday,0,10,76,Trabalhador,Cold Brew Especial,17.0,Bolo Red Velvet,15.0,Delivery,Pix,32.0
2026-03-18,Wednesday,0,13,96,Trabalhador,Cappuccino Italiano,14.0,Bolo Red Velvet,15.0,Balcão,Crédito,29.0
2026-03-18,Wednesday,0,16,189,Fim de Semana,Cappuccino Italiano,14.0,Torta de Limão Siciliano,16.0,Delivery,Crédito,30.0
2026-03-18,Wednesday,0,9,166,Trabalhador,Mocha Belga,18.0,Croissant Francês,13.0,Balcão,Crédito,31.0
2026-03-18,Wednesday,0,18,222,Fim de Semana,Mocha Belga,18.0,Bolo Red Velvet,15.0,Delivery,Pix,33.0
2026-03-19,Thursday,0,13,295,Fim de Semana,Cold Brew Especial,17.0,Quiche de Alho Poró,18.0,Balcão,Débito,35.0
2026-03-19,Thursday,0,13,177,Fim de Semana,Latte Baunilha,16.0,Quiche de Alho Poró,18.0,Balcão,Crédito,34.0
2026-03-19,Thursday,0,20,209,Fim de Semana,Chá Orgânico,12.0,Torta de Limão Siciliano,16.0,Delivery,Pix,28.0
2026-03-19,Thursday,0,10,24,Fim de Semana,Espresso Premium,9.5,Sanduíche Caprese,19.0,Delivery,Pix,28.5
2026-03-19,Thursday,0,12,13,Ocasional,Cappuccino Italiano,14.0,Quiche de Alho Poró,18.0,Delivery,Débito,32.0
2026-03-19,Thursday,0,11,135,Trabalhador,Latte Baunilha,16.0,Torta de Limão Siciliano,16.0,Delivery,Crédito,32.0
2026-03-19,Thursday,0,9,45,Fim de Semana,Latte Baunilha,16.0,Sanduíche Caprese,19.0,Delivery,Pix,35.0
2026-03-19,Thursday,0,7,170,Trabalhador,Chá Orgânico,12.0,Sanduíche Caprese,19.0,Balcão,Crédito,31.0
2026-03-19,Thursday,0,17,180,Trabalhador,Cappuccino Italiano,14.0,Croissant Francês,13.0,Balcão,Crédito,27.0
2026-03-19,Thursday,0,7,299,Ocasional,Espresso Premium,9.5,Torta de Limão Siciliano,16.0,Balcão,Pix,25.5
2026-03-19,Thursday,0,11,47,Trabalhador,Chá Orgânico,12.0,Bolo Red Velvet,15.0,Delivery,Pix,27.0
2026-03-19,Thursday,0,19,71,Fim de Semana,Latte Baunilha,16.0,Quiche de Alho Poró,18.0,Balcão,Crédito,34.0
2026-03-19,Thursday,0,20,61,Trabalhador,Mocha Belga,18.0,Croissant Francês,13.0,Balcão,Crédito,31.0
2026-03-19,Thursday,0,9,137,Trabalhador,Latte Baunilha,16.0,Bolo Red Velvet,15.0,Balcão,Crédito,31.0
2026-03-19,Thursday,0,10,99,Trabalhador,Mocha Belga,18.0,Croissant Francês,13.0,Balcão,Pix,31.0
2026-03-19,Thursday,0,9,282,Fim de Semana,Mocha Belga,18.0,Quiche de Alho Poró,18.0,Balcão,Crédito,36.0
2026-03-19,Thursday,0,14,76,Trabalhador,Mocha Belga,18.0,Croissant Francês,13.0,Balcão,Débito,31.0
2026-03-19,Thursday,0,19,21,Ocasional,Latte Baunilha,16.0,Torta de Limão Siciliano,16.0,Balcão,Débito,32.0
2026-03-19,Thursday,0,15,196,Trabalhador,Espresso Premium,9.5,Bolo Red Velvet,15.0,Balcão,Pix,24.5
2026-03-19,Thursday,0,8,106,Fim de Semana,Cappuccino Italiano,14.0,Bolo Red Velvet,15.0,Balcão,Débito,29.0
2026-03-19,Thursday,0,7,28,Ocasional,Chá Orgânico,12.0,Sanduíche Caprese,19.0,Balcão,Débito,31.0
2026-03-19,Thursday,0,10,43,Fim de Semana,Chá Orgânico,12.0,Torta de Limão Siciliano,16.0,Balcão,Crédito,28.0
2026-03-19,Thursday,0,19,222,Fim de Semana,Mocha Belga,18.0,Quiche de Alho Poró,18.0,Balcão,Débito,36.0
2026-03-19,Thursday,0,16,234,Fim de Semana,Latte Baunilha,16.0,Cookie Artesanal,9.0,Delivery,Débito,25.0
2026-03-19,Thursday,0,8,10,Ocasional,Espresso Premium,9.5,Quiche de Alho Poró,18.0,Delivery,Débito,27.5
2026-03-19,Thursday,0,11,102,Ocasional,Chá Orgânico,12.0,Bolo Red Velvet,15.0,Balcão,Crédito,27.0
2026-03-19,Thursday,0,8,182,Fim de Semana,Mocha Belga,18.0,Bolo Red Velvet,15.0,Balcão,Crédito,33.0
2026-03-19,Thursday,0,12,184,Trabalhador,Espresso Premium,9.5,Bolo Red Velvet,15.0,Balcão,Débito,24.5
2026-03-19,Thursday,0,17,142,Fim de Semana,Cold Brew Especial,17.0,Bolo Red Velvet,15.0,Delivery,Pix,32.0
2026-03-19,Thursday,0,14,185,Fim de Semana,Cold Brew Especial,17.0,Quiche de Alho Poró,18.0,Balcão,Pix,35.0
2026-03-19,Thursday,0,17,9,Fim de Semana,Cold Brew Especial,17.0,Quiche de Alho Poró,18.0,Delivery,Crédito,35.0
2026-03-19,Thursday,0,13,55,Fim de Semana,Espresso Premium,9.5,Bolo Red Velvet,15.0,Balcão,Débito,24.5
2026-03-19,Thursday,0,14,182,Fim de Semana,Chá Orgânico,12.0,Quiche de Alho Poró,18.0,Delivery,Pix,30.0
2026-03-19,Thursday,0,10,240,Fim de Semana,Mocha Belga,18.0,Torta de Limão Siciliano,16.0,Balcão,Débito,34.0
2026-03-19,Thursday,0,16,241,Fim de Semana,Cold Brew Especial,17.0,Cookie Artesanal,9.0,Balcão,Crédito,26.0
2026-03-19,Thursday,0,10,283,Ocasional,Latte Baunilha,16.0,Cookie Artesanal,9.0,Delivery,Débito,25.0
2026-03-19,Thursday,0,14,289,Trabalhador,Espresso Premium,9.5,Croissant Francês,13.0,Balcão,Crédito,22.5
2026-03-19,Thursday,0,19,225,Fim de Semana,Cold Brew Especial,17.0,Sanduíche Caprese,19.0,Delivery,Débito,36.0
2026-03-19,Thursday,0,14,257,Ocasional,Mocha Belga,18.0,Sanduíche Caprese,19.0,Delivery,Pix,37.0
2026-03-19,Thursday,0,17,279,Ocasional,Chá Orgânico,12.0,Cookie Artesanal,9.0,Delivery,Crédito,21.0
2026-03-19,Thursday,0,20,89,Trabalhador,Latte Baunilha,16.0,Sanduíche Caprese,19.0,Balcão,Crédito,35.0
2026-03-19,Thursday,0,20,200,Trabalhador,Mocha Belga,18.0,Quiche de Alho Poró,18.0,Balcão,Pix,36.0
2026-03-19,Thursday,0,13,165,Ocasional,Espresso Premium,9.5,Sanduíche Caprese,19.0,Balcão,Pix,28.5
2026-03-19,Thursday,0,17,126,Ocasional,Latte Baunilha,16.0,Sanduíche Caprese,19.0,Delivery,Crédito,35.0
2026-03-19,Thursday,0,12,207,Fim de Semana,Espresso Premium,9.5,Bolo Red Velvet,15.0,Balcão,Pix,24.5
2026-03-19,Thursday,0,13,230,Fim de Semana,Latte Baunilha,16.0,Sanduíche Caprese,19.0,Balcão,Crédito,35.0
2026-03-19,Thursday,0,11,229,Ocasional,Chá Orgânico,12.0,Cookie Artesanal,9.0,Balcão,Pix,21.0
2026-03-19,Thursday,0,14,185,Ocasional,Chá Orgânico,12.0,Quiche de Alho Poró,18.0,Balcão,Débito,30.0
2026-03-19,Thursday,0,15,205,Ocasional,Cold Brew Especial,17.0,Sanduíche Caprese,19.0,Delivery,Crédito,36.0
2026-03-19,Thursday,0,16,5,Trabalhador,Cold Brew Especial,17.0,Quiche de Alho Poró,18.0,Balcão,Pix,35.0
2026-03-19,Thursday,0,16,253,Trabalhador,Espresso Premium,9.5,Torta de Limão Siciliano,16.0,Balcão,Débito,25.5
2026-03-19,Thursday,0,20,168,Ocasional,Latte Baunilha,16.0,Torta de Limão Siciliano,16.0,Balcão,Pix,32.0
2026-03-19,Thursday,0,17,59,Trabalhador,Mocha Belga,18.0,Croissant Francês,13.0,Balcão,Crédito,31.0
2026-03-19,Thursday,0,14,142,Fim de Semana,Cold Brew Especial,17.0,Sanduíche Caprese,19.0,Delivery,Crédito,36.0
2026-03-19,Thursday,0,20,284,Fim de Semana,Latte Baunilha,16.0,Cookie Artesanal,9.0,Balcão,Crédito,25.0
2026-03-19,Thursday,0,8,147,Fim de Semana,Mocha Belga,18.0,Quiche de Alho Poró,18.0,Delivery,Débito,36.0
2026-03-19,Thursday,0,12,68,Trabalhador,Latte Baunilha,16.0,Torta de Limão Siciliano,16.0,Balcão,Pix,32.0
2026-03-19,Thursday,0,14,76,Ocasional,Chá Orgânico,12.0,Cookie Artesanal,9.0,Delivery,Débito,21.0
2026-03-19,Thursday,0,19,240,Trabalhador,Latte Baunilha,16.0,Quiche de Alho Poró,18.0,Delivery,Pix,34.0
2026-03-19,Thursday,0,16,263,Ocasional,Cappuccino Italiano,14.0,Croissant Francês,13.0,Delivery,Crédito,27.0
2026-03-19,Thursday,0,10,9,Trabalhador,Cold Brew Especial,17.0,Quiche de Alho Poró,18.0,Balcão,Débito,35.0
2026-03-19,Thursday,0,7,154,Ocasional,Chá Orgânico,12.0,Quiche de Alho Poró,18.0,Delivery,Crédito,30.0
2026-03-19,Thursday,0,14,26,Trabalhador,Espresso Premium,9.5,Bolo Red Velvet,15.0,Balcão,Pix,24.5
2026-03-19,Thursday,0,20,154,Ocasional,Chá Orgânico,12.0,Sanduíche Caprese,19.0,Delivery,Pix,31.0
2026-03-19,Thursday,0,18,282,Trabalhador,Espresso Premium,9.5,Torta de Limão Siciliano,16.0,Delivery,Pix,25.5
2026-03-19,Thursday,0,18,126,Trabalhador,Espresso Premium,9.5,Sanduíche Caprese,19.0,Balcão,Pix,28.5
2026-03-19,Thursday,0,14,23,Trabalhador,Cold Brew Especial,17.0,Bolo Red Velvet,15.0,Delivery,Pix,32.0
2026-03-19,Thursday,0,16,32,Trabalhador,Cappuccino Italiano,14.0,Croissant Francês,13.0,Balcão,Crédito,27.0
2026-03-19,Thursday,0,13,39,Fim de Semana,Espresso Premium,9.5,Sanduíche Caprese,19.0,Balcão,Débito,28.5
2026-03-19,Thursday,0,13,264,Fim de Semana,Cold Brew Especial,17.0,Torta de Limão Siciliano,16.0,Delivery,Pix,33.0
2026-03-19,Thursday,0,14,108,Trabalhador,Cappuccino Italiano,14.0,Torta de Limão Siciliano,16.0,Delivery,Crédito,30.0
2026-03-20,Friday,0,12,45,Ocasional,Chá Orgânico,12.0,Torta de Limão Siciliano,16.0,Delivery,Pix,28.0
2026-03-20,Friday,0,8,101,Ocasional,Cold Brew Especial,17.0,Bolo Red Velvet,15.0,Balcão,Crédito,32.0
2026-03-20,Friday,0,18,176,Trabalhador,Latte Baunilha,16.0,Sanduíche Caprese,19.0,Delivery,Débito,35.0
2026-03-20,Friday,0,12,238,Ocasional,Chá Orgânico,12.0,Cookie Artesanal,9.0,Delivery,Crédito,21.0
2026-03-20,Friday,0,18,215,Fim de Semana,Cappuccino Italiano,14.0,Sanduíche Caprese,19.0,Delivery,Débito,33.0
2026-03-20,Friday,0,19,133,Fim de Semana,Chá Orgânico,12.0,Cookie Artesanal,9.0,Balcão,Pix,21.0
2026-03-20,Friday,0,11,282,Trabalhador,Espresso Premium,9.5,Croissant Francês,13.0,Balcão,Crédito,22.5
2026-03-20,Friday,0,14,115,Ocasional,Cappuccino Italiano,14.0,Sanduíche Caprese,19.0,Balcão,Débito,33.0
2026-03-20,Friday,0,17,126,Fim de Semana,Latte Baunilha,16.0,Bolo Red Velvet,15.0,Delivery,Pix,31.0
2026-03-20,Friday,0,14,17,Fim de Semana,Latte Baunilha,16.0,Quiche de Alho Poró,18.0,Balcão,Débito,34.0
2026-03-20,Friday,0,8,158,Fim de Semana,Latte Baunilha,16.0,Quiche de Alho Poró,18.0,Delivery,Débito,34.0
2026-03-20,Friday,0,11,88,Trabalhador,Chá Orgânico,12.0,Cookie Artesanal,9.0,Delivery,Crédito,21.0
2026-03-20,Friday,0,15,299,Ocasional,Chá Orgânico,12.0,Torta de Limão Siciliano,16.0,Delivery,Débito,28.0
2026-03-20,Friday,0,15,272,Fim de Semana,Latte Baunilha,16.0,Quiche de Alho Poró,18.0,Balcão,Pix,34.0
2026-03-20,Friday,0,17,159,Ocasional,Chá Orgânico,12.0,Cookie Artesanal,9.0,Balcão,Pix,21.0
2026-03-20,Friday,0,18,211,Trabalhador,Cappuccino Italiano,14.0,Bolo Red Velvet,15.0,Delivery,Crédito,29.0
2026-03-20,Friday,0,12,119,Ocasional,Latte Baunilha,16.0,Croissant Francês,13.0,Delivery,Crédito,29.0
2026-03-20,Friday,0,17,83,Trabalhador,Mocha Belga,18.0,Bolo Red Velvet,15.0,Delivery,Pix,33.0
2026-03-20,Friday,0,10,127,Ocasional,Latte Baunilha,16.0,Quiche de Alho Poró,18.0,Delivery,Débito,34.0
2026-03-20,Friday,0,17,111,Trabalhador,Cold Brew Especial,17.0,Sanduíche Caprese,19.0,Balcão,Débito,36.0
2026-03-20,Friday,0,17,89,Trabalhador,Espresso Premium,9.5,Bolo Red Velvet,15.0,Delivery,Pix,24.5
2026-03-20,Friday,0,18,65,Ocasional,Cold Brew Especial,17.0,Bolo Red Velvet,15.0,Delivery,Crédito,32.0
2026-03-20,Friday,0,10,197,Ocasional,Cold Brew Especial,17.0,Quiche de Alho Poró,18.0,Delivery,Pix,35.0
2026-03-20,Friday,0,16,227,Fim de Semana,Cappuccino Italiano,14.0,Sanduíche Caprese,19.0,Delivery,Crédito,33.0
2026-03-20,Friday,0,8,293,Fim de Semana,Cappuccino Italiano,14.0,Bolo Red Velvet,15.0,Balcão,Pix,29.0
2026-03-20,Friday,0,12,161,Ocasional,Mocha Belga,18.0,Torta de Limão Siciliano,16.0,Delivery,Crédito,34.0
2026-03-20,Friday,0,18,95,Ocasional,Cappuccino Italiano,14.0,Sanduíche Caprese,19.0,Delivery,Pix,33.0
2026-03-20,Friday,0,10,212,Fim de Semana,Cappuccino Italiano,14.0,Cookie Artesanal,9.0,Balcão,Débito,23.0
2026-03-20,Friday,0,9,105,Trabalhador,Cold Brew Especial,17.0,Cookie Artesanal,9.0,Balcão,Pix,26.0
2026-03-20,Friday,0,20,34,Fim de Semana,Espresso Premium,9.5,Bolo Red Velvet,15.0,Delivery,Débito,24.5
2026-03-20,Friday,0,17,110,Trabalhador,Cold Brew Especial,17.0,Croissant Francês,13.0,Delivery,Crédito,30.0
2026-03-20,Friday,0,7,29,Ocasional,Mocha Belga,18.0,Cookie Artesanal,9.0,Delivery,Crédito,27.0
2026-03-20,Friday,0,7,198,Trabalhador,Latte Baunilha,16.0,Bolo Red Velvet,15.0,Delivery,Débito,31.0
2026-03-20,Friday,0,8,27,Trabalhador,Espresso Premium,9.5,Quiche de Alho Poró,18.0,Delivery,Pix,27.5
2026-03-20,Friday,0,19,213,Trabalhador,Latte Baunilha,16.0,Sanduíche Caprese,19.0,Balcão,Pix,35.0
2026-03-20,Friday,0,9,176,Ocasional,Mocha Belga,18.0,Sanduíche Caprese,19.0,Balcão,Crédito,37.0
2026-03-20,Friday,0,13,37,Fim de Semana,Espresso Premium,9.5,Sanduíche Caprese,19.0,Delivery,Pix,28.5
2026-03-20,Friday,0,13,174,Fim de Semana,Cappuccino Italiano,14.0,Cookie Artesanal,9.0,Balcão,Débito,23.0
2026-03-20,Friday,0,10,217,Fim de Semana,Mocha Belga,18.0,Torta de Limão Siciliano,16.0,Delivery,Crédito,34.0
2026-03-20,Friday,0,8,115,Trabalhador,Cold Brew Especial,17.0,Quiche de Alho Poró,18.0,Delivery,Crédito,35.0
2026-03-20,Friday,0,7,160,Ocasional,Latte Baunilha,16.0,Torta de Limão Siciliano,16.0,Balcão,Crédito,32.0
2026-03-20,Friday,0,18,12,Trabalhador,Latte Baunilha,16.0,Quiche de Alho Poró,18.0,Delivery,Débito,34.0
2026-03-20,Friday,0,16,190,Fim de Semana,Mocha Belga,18.0,Quiche de Alho Poró,18.0,Delivery,Débito,36.0
2026-03-20,Friday,0,11,63,Fim de Semana,Latte Baunilha,16.0,Cookie Artesanal,9.0,Delivery,Débito,25.0
2026-03-20,Friday,0,17,51,Ocasional,Cappuccino Italiano,14.0,Croissant Francês,13.0,Balcão,Débito,27.0
2026-03-20,Friday,0,18,244,Fim de Semana,Mocha Belga,18.0,Croissant Francês,13.0,Balcão,Pix,31.0
2026-03-20,Friday,0,13,203,Fim de Semana,Mocha Belga,18.0,Bolo Red Velvet,15.0,Balcão,Débito,33.0
2026-03-20,Friday,0,15,273,Trabalhador,Chá Orgânico,12.0,Torta de Limão Siciliano,16.0,Delivery,Crédito,28.0
2026-03-20,Friday,0,19,287,Ocasional,Chá Orgânico,12.0,Torta de Limão Siciliano,16.0,Balcão,Débito,28.0
2026-03-20,Friday,0,15,279,Ocasional,Mocha Belga,18.0,Cookie Artesanal,9.0,Balcão,Crédito,27.0
2026-03-20,Friday,0,10,258,Fim de Semana,Espresso Premium,9.5,Quiche de Alho Poró,18.0,Delivery,Crédito,27.5
2026-03-20,Friday,0,11,85,Trabalhador,Cappuccino Italiano,14.0,Bolo Red Velvet,15.0,Balcão,Débito,29.0
2026-03-20,Friday,0,17,86,Ocasional,Latte Baunilha,16.0,Quiche de Alho Poró,18.0,Delivery,Débito,34.0
2026-03-20,Friday,0,8,77,Fim de Semana,Chá Orgânico,12.0,Quiche de Alho Poró,18.0,Balcão,Débito,30.0
2026-03-20,Friday,0,9,183,Ocasional,Latte Baunilha,16.0,Quiche de Alho Poró,18.0,Balcão,Débito,34.0
2026-03-20,Friday,0,8,13,Fim de Semana,Chá Orgânico,12.0,Torta de Limão Siciliano,16.0,Balcão,Crédito,28.0
2026-03-20,Friday,0,13,264,Fim de Semana,Latte Baunilha,16.0,Bolo Red Velvet,15.0,Balcão,Crédito,31.0
2026-03-20,Friday,0,7,69,Ocasional,Latte Baunilha,16.0,Bolo Red Velvet,15.0,Delivery,Débito,31.0
2026-03-20,Friday,0,14,179,Ocasional,Chá Orgânico,12.0,Bolo Red Velvet,15.0,Balcão,Pix,27.0
2026-03-20,Friday,0,11,191,Fim de Semana,Latte Baunilha,16.0,Cookie Artesanal,9.0,Delivery,Crédito,25.0
2026-03-20,Friday,0,14,101,Trabalhador,Mocha Belga,18.0,Sanduíche Caprese,19.0,Delivery,Débito,37.0
2026-03-20,Friday,0,7,59,Fim de Semana,Mocha Belga,18.0,Cookie Artesanal,9.0,Delivery,Pix,27.0
2026-03-20,Friday,0,18,31,Fim de Semana,Cappuccino Italiano,14.0,Quiche de Alho Poró,18.0,Delivery,Crédito,32.0
2026-03-20,Friday,0,11,297,Fim de Semana,Cappuccino Italiano,14.0,Quiche de Alho Poró,18.0,Balcão,Crédito,32.0
2026-03-20,Friday,0,18,96,Trabalhador,Mocha Belga,18.0,Croissant Francês,13.0,Delivery,Pix,31.0
2026-03-20,Friday,0,19,225,Trabalhador,Cold Brew Especial,17.0,Quiche de Alho Poró,18.0,Balcão,Débito,35.0
2026-03-20,Friday,0,18,121,Ocasional,Cold Brew Especial,17.0,Sanduíche Caprese,19.0,Delivery,Débito,36.0
2026-03-20,Friday,0,16,146,Ocasional,Chá Orgânico,12.0,Bolo Red Velvet,15.0,Delivery,Crédito,27.0
2026-03-20,Friday,0,10,96,Trabalhador,Cappuccino Italiano,14.0,Croissant Francês,13.0,Delivery,Débito,27.0
2026-03-20,Friday,0,16,248,Fim de Semana,Espresso Premium,9.5,Torta de Limão Siciliano,16.0,Balcão,Crédito,25.5
2026-03-20,Friday,0,20,247,Trabalhador,Mocha Belga,18.0,Sanduíche Caprese,19.0,Balcão,Crédito,37.0
2026-03-20,Friday,0,15,189,Trabalhador,Cappuccino Italiano,14.0,Cookie Artesanal,9.0,Balcão,Pix,23.0
2026-03-20,Friday,0,7,297,Fim de Semana,Latte Baunilha,16.0,Croissant Francês,13.0,Balcão,Pix,29.0
2026-03-20,Friday,0,18,147,Fim de Semana,Latte Baunilha,16.0,Bolo Red Velvet,15.0,Delivery,Débito,31.0
2026-03-20,Friday,0,11,139,Trabalhador,Latte Baunilha,16.0,Quiche de Alho Poró,18.0,Balcão,Débito,34.0
2026-03-20,Friday,0,13,43,Trabalhador,Espresso Premium,9.5,Croissant Francês,13.0,Delivery,Crédito,22.5
2026-03-20,Friday,0,10,228,Ocasional,Cold Brew Especial,17.0,Sanduíche Caprese,19.0,Balcão,Pix,36.0
2026-03-20,Friday,0,10,258,Ocasional,Mocha Belga,18.0,Croissant Francês,13.0,Delivery,Crédito,31.0
2026-03-20,Friday,0,17,50,Fim de Semana,Chá Orgânico,12.0,Croissant Francês,13.0,Balcão,Débito,25.0
2026-03-20,Friday,0,12,6,Trabalhador,Chá Orgânico,12.0,Bolo Red Velvet,15.0,Delivery,Débito,27.0
2026-03-20,Friday,0,7,70,Trabalhador,Cold Brew Especial,17.0,Sanduíche Caprese,19.0,Delivery,Débito,36.0
2026-03-20,Friday,0,15,187,Ocasional,Mocha Belga,18.0,Croissant Francês,13.0,Delivery,Pix,31.0
2026-03-20,Friday,0,11,219,Fim de Semana,Cappuccino Italiano,14.0,Cookie Artesanal,9.0,Balcão,Pix,23.0
2026-03-20,Friday,0,19,71,Ocasional,Latte Baunilha,16.0,Cookie Artesanal,9.0,Delivery,Pix,25.0
2026-03-20,Friday,0,8,202,Ocasional,Latte Baunilha,16.0,Bolo Red Velvet,15.0,Balcão,Crédito,31.0
2026-03-20,Friday,0,19,14,Fim de Semana,Espresso Premium,9.5,Bolo Red Velvet,15.0,Balcão,Pix,24.5
2026-03-20,Friday,0,20,104,Trabalhador,Mocha Belga,18.0,Cookie Artesanal,9.0,Delivery,Crédito,27.0
2026-03-20,Friday,0,16,117,Ocasional,Chá Orgânico,12.0,Sanduíche Caprese,19.0,Balcão,Crédito,31.0
2026-03-20,Friday,0,9,94,Ocasional,Chá Orgânico,12.0,Croissant Francês,13.0,Balcão,Débito,25.0
2026-03-20,Friday,0,14,241,Ocasional,Chá Orgânico,12.0,Torta de Limão Siciliano,16.0,Balcão,Crédito,28.0
2026-03-21,Saturday,1,12,295,Fim de Semana,Espresso Premium,9.5,Quiche de Alho Poró,18.0,Delivery,Crédito,27.5
2026-03-21,Saturday,1,12,100,Trabalhador,Latte Baunilha,16.0,Sanduíche Caprese,19.0,Balcão,Pix,35.0
2026-03-21,Saturday,1,17,129,Trabalhador,Cappuccino Italiano,14.0,Bolo Red Velvet,15.0,Delivery,Crédito,29.0
2026-03-21,Saturday,1,10,128,Ocasional,Chá Orgânico,12.0,Torta de Limão Siciliano,16.0,Delivery,Pix,28.0
2026-03-21,Saturday,1,17,249,Trabalhador,Cold Brew Especial,17.0,Cookie Artesanal,9.0,Delivery,Débito,26.0
2026-03-21,Saturday,1,12,219,Trabalhador,Cappuccino Italiano,14.0,Bolo Red Velvet,15.0,Balcão,Débito,29.0
2026-03-21,Saturday,1,18,107,Fim de Semana,Chá Orgânico,12.0,Quiche de Alho Poró,18.0,Delivery,Pix,30.0
2026-03-21,Saturday,1,20,180,Ocasional,Latte Baunilha,16.0,Croissant Francês,13.0,Delivery,Crédito,29.0
2026-03-21,Saturday,1,15,273,Ocasional,Latte Baunilha,16.0,Quiche de Alho Poró,18.0,Delivery,Pix,34.0
2026-03-21,Saturday,1,17,232,Ocasional,Cappuccino Italiano,14.0,Sanduíche Caprese,19.0,Delivery,Crédito,33.0
2026-03-21,Saturday,1,19,205,Fim de Semana,Mocha Belga,18.0,Croissant Francês,13.0,Delivery,Pix,31.0
2026-03-21,Saturday,1,7,75,Fim de Semana,Cappuccino Italiano,14.0,Croissant Francês,13.0,Delivery,Crédito,27.0
2026-03-21,Saturday,1,13,183,Trabalhador,Espresso Premium,9.5,Sanduíche Caprese,19.0,Balcão,Débito,28.5
2026-03-21,Saturday,1,18,170,Trabalhador,Chá Orgânico,12.0,Bolo Red Velvet,15.0,Balcão,Crédito,27.0
2026-03-21,Saturday,1,13,28,Fim de Semana,Latte Baunilha,16.0,Quiche de Alho Poró,18.0,Delivery,Crédito,34.0
2026-03-21,Saturday,1,12,265,Fim de Semana,Latte Baunilha,16.0,Sanduíche Caprese,19.0,Delivery,Pix,35.0
2026-03-21,Saturday,1,9,106,Trabalhador,Cold Brew Especial,17.0,Croissant Francês,13.0,Delivery,Pix,30.0
2026-03-21,Saturday,1,17,224,Ocasional,Chá Orgânico,12.0,Sanduíche Caprese,19.0,Delivery,Crédito,31.0
2026-03-21,Saturday,1,15,55,Fim de Semana,Mocha Belga,18.0,Bolo Red Velvet,15.0,Delivery,Pix,33.0
2026-03-21,Saturday,1,10,107,Fim de Semana,Cold Brew Especial,17.0,Quiche de Alho Poró,18.0,Delivery,Crédito,35.0
2026-03-21,Saturday,1,14,154,Fim de Semana,Espresso Premium,9.5,Sanduíche Caprese,19.0,Balcão,Crédito,28.5
2026-03-21,Saturday,1,7,223,Fim de Semana,Chá Orgânico,12.0,Cookie Artesanal,9.0,Balcão,Pix,21.0
2026-03-21,Saturday,1,17,221,Ocasional,Espresso Premium,9.5,Croissant Francês,13.0,Delivery,Pix,22.5
2026-03-21,Saturday,1,17,178,Trabalhador,Espresso Premium,9.5,Torta de Limão Siciliano,16.0,Delivery,Pix,25.5
2026-03-21,Saturday,1,7,21,Fim de Semana,Latte Baunilha,16.0,Cookie Artesanal,9.0,Delivery,Crédito,25.0
2026-03-21,Saturday,1,18,16,Ocasional,Cappuccino Italiano,14.0,Quiche de Alho Poró,18.0,Delivery,Pix,32.0
2026-03-21,Saturday,1,16,110,Trabalhador,Chá Orgânico,12.0,Sanduíche Caprese,19.0,Balcão,Débito,31.0
2026-03-21,Saturday,1,10,196,Fim de Semana,Mocha Belga,18.0,Bolo Red Velvet,15.0,Delivery,Débito,33.0
2026-03-21,Saturday,1,13,66,Fim de Semana,Latte Baunilha,16.0,Sanduíche Caprese,19.0,Balcão,Crédito,35.0
2026-03-21,Saturday,1,8,241,Trabalhador,Mocha Belga,18.0,Sanduíche Caprese,19.0,Balcão,Pix,37.0
2026-03-21,Saturday,1,12,212,Trabalhador,Latte Baunilha,16.0,Cookie Artesanal,9.0,Balcão,Débito,25.0
2026-03-21,Saturday,1,9,231,Trabalhador,Chá Orgânico,12.0,Quiche de Alho Poró,18.0,Balcão,Débito,30.0
2026-03-21,Saturday,1,20,141,Trabalhador,Cappuccino Italiano,14.0,Bolo Red Velvet,15.0,Delivery,Débito,29.0
2026-03-21,Saturday,1,8,77,Fim de Semana,Mocha Belga,18.0,Sanduíche Caprese,19.0,Delivery,Crédito,37.0
2026-03-21,Saturday,1,8,15,Trabalhador,Latte Baunilha,16.0,Torta de Limão Siciliano,16.0,Balcão,Pix,32.0
2026-03-21,Saturday,1,9,195,Ocasional,Latte Baunilha,16.0,Quiche de Alho Poró,18.0,Delivery,Débito,34.0
2026-03-21,Saturday,1,16,154,Trabalhador,Cappuccino Italiano,14.0,Quiche de Alho Poró,18.0,Balcão,Crédito,32.0
2026-03-21,Saturday,1,14,223,Fim de Semana,Espresso Premium,9.5,Croissant Francês,13.0,Delivery,Débito,22.5
2026-03-21,Saturday,1,17,129,Ocasional,Cold Brew Especial,17.0,Quiche de Alho Poró,18.0,Delivery,Débito,35.0
2026-03-21,Saturday,1,16,116,Ocasional,Cappuccino Italiano,14.0,Croissant Francês,13.0,Delivery,Crédito,27.0
2026-03-21,Saturday,1,12,154,Trabalhador,Cold Brew Especial,17.0,Quiche de Alho Poró,18.0,Delivery,Pix,35.0
2026-03-21,Saturday,1,9,240,Fim de Semana,Cold Brew Especial,17.0,Cookie Artesanal,9.0,Delivery,Crédito,26.0
2026-03-21,Saturday,1,13,159,Trabalhador,Latte Baunilha,16.0,Bolo Red Velvet,15.0,Balcão,Débito,31.0
2026-03-21,Saturday,1,13,138,Fim de Semana,Chá Orgânico,12.0,Quiche de Alho Poró,18.0,Delivery,Pix,30.0
2026-03-21,Saturday,1,13,4,Trabalhador,Cappuccino Italiano,14.0,Quiche de Alho Poró,18.0,Delivery,Pix,32.0
2026-03-21,Saturday,1,12,87,Trabalhador,Mocha Belga,18.0,Croissant Francês,13.0,Delivery,Pix,31.0
2026-03-21,Saturday,1,10,298,Ocasional,Latte Baunilha,16.0,Bolo Red Velvet,15.0,Delivery,Pix,31.0
2026-03-21,Saturday,1,20,75,Ocasional,Cold Brew Especial,17.0,Quiche de Alho Poró,18.0,Delivery,Pix,35.0
2026-03-21,Saturday,1,13,171,Trabalhador,Espresso Premium,9.5,Bolo Red Velvet,15.0,Balcão,Crédito,24.5
2026-03-21,Saturday,1,20,20,Trabalhador,Cappuccino Italiano,14.0,Bolo Red Velvet,15.0,Delivery,Pix,29.0
2026-03-21,Saturday,1,11,236,Fim de Semana,Espresso Premium,9.5,Torta de Limão Siciliano,16.0,Balcão,Crédito,25.5
2026-03-21,Saturday,1,13,222,Fim de Semana,Latte Baunilha,16.0,Sanduíche Caprese,19.0,Balcão,Débito,35.0
2026-03-21,Saturday,1,8,249,Trabalhador,Chá Orgânico,12.0,Sanduíche Caprese,19.0,Delivery,Débito,31.0
2026-03-21,Saturday,1,11,233,Fim de Semana,Cold Brew Especial,17.0,Cookie Artesanal,9.0,Delivery,Débito,26.0
2026-03-21,Saturday,1,10,102,Fim de Semana,Chá Orgânico,12.0,Quiche de Alho Poró,18.0,Balcão,Crédito,30.0
2026-03-21,Saturday,1,20,111,Fim de Semana,Latte Baunilha,16.0,Sanduíche Caprese,19.0,Balcão,Pix,35.0
2026-03-21,Saturday,1,18,200,Ocasional,Cold Brew Especial,17.0,Cookie Artesanal,9.0,Balcão,Pix,26.0
2026-03-21,Saturday,1,10,112,Ocasional,Latte Baunilha,16.0,Quiche de Alho Poró,18.0,Balcão,Crédito,34.0
2026-03-21,Saturday,1,7,157,Fim de Semana,Espresso Premium,9.5,Quiche de Alho Poró,18.0,Delivery,Pix,27.5
2026-03-21,Saturday,1,9,226,Ocasional,Cappuccino Italiano,14.0,Cookie Artesanal,9.0,Delivery,Débito,23.0
2026-03-21,Saturday,1,13,293,Fim de Semana,Chá Orgânico,12.0,Quiche de Alho Poró,18.0,Balcão,Pix,30.0
2026-03-21,Saturday,1,7,210,Trabalhador,Latte Baunilha,16.0,Croissant Francês,13.0,Delivery,Pix,29.0
2026-03-21,Saturday,1,14,64,Ocasional,Chá Orgânico,12.0,Croissant Francês,13.0,Delivery,Crédito,25.0
2026-03-21,Saturday,1,13,219,Trabalhador,Mocha Belga,18.0,Bolo Red Velvet,15.0,Delivery,Pix,33.0
2026-03-21,Saturday,1,10,290,Ocasional,Espresso Premium,9.5,Croissant Francês,13.0,Balcão,Pix,22.5
2026-03-21,Saturday,1,18,212,Ocasional,Cappuccino Italiano,14.0,Quiche de Alho Poró,18.0,Balcão,Crédito,32.0
2026-03-21,Saturday,1,7,233,Ocasional,Mocha Belga,18.0,Bolo Red Velvet,15.0,Balcão,Débito,33.0
2026-03-21,Saturday,1,19,166,Ocasional,Espresso Premium,9.5,Croissant Francês,13.0,Delivery,Débito,22.5
2026-03-21,Saturday,1,7,234,Fim de Semana,Cappuccino Italiano,14.0,Torta de Limão Siciliano,16.0,Balcão,Crédito,30.0
2026-03-21,Saturday,1,11,64,Fim de Semana,Chá Orgânico,12.0,Sanduíche Caprese,19.0,Balcão,Débito,31.0
2026-03-22,Sunday,1,20,270,Trabalhador,Latte Baunilha,16.0,Quiche de Alho Poró,18.0,Delivery,Pix,34.0
2026-03-22,Sunday,1,8,108,Ocasional,Chá Orgânico,12.0,Sanduíche Caprese,19.0,Delivery,Pix,31.0
2026-03-22,Sunday,1,8,188,Trabalhador,Chá Orgânico,12.0,Quiche de Alho Poró,18.0,Delivery,Débito,30.0
2026-03-22,Sunday,1,20,238,Trabalhador,Cappuccino Italiano,14.0,Croissant Francês,13.0,Balcão,Pix,27.0
2026-03-22,Sunday,1,10,83,Ocasional,Cappuccino Italiano,14.0,Cookie Artesanal,9.0,Balcão,Débito,23.0
2026-03-22,Sunday,1,17,149,Trabalhador,Latte Baunilha,16.0,Bolo Red Velvet,15.0,Balcão,Débito,31.0
2026-03-22,Sunday,1,10,229,Fim de Semana,Latte Baunilha,16.0,Quiche de Alho Poró,18.0,Balcão,Débito,34.0
2026-03-22,Sunday,1,13,162,Ocasional,Chá Orgânico,12.0,Sanduíche Caprese,19.0,Balcão,Débito,31.0
2026-03-22,Sunday,1,8,251,Trabalhador,Espresso Premium,9.5,Bolo Red Velvet,15.0,Balcão,Crédito,24.5
2026-03-22,Sunday,1,9,135,Fim de Semana,Cold Brew Especial,17.0,Torta de Limão Siciliano,16.0,Delivery,Pix,33.0
2026-03-22,Sunday,1,19,146,Ocasional,Cappuccino Italiano,14.0,Quiche de Alho Poró,18.0,Balcão,Pix,32.0
2026-03-22,Sunday,1,19,182,Ocasional,Espresso Premium,9.5,Torta de Limão Siciliano,16.0,Delivery,Crédito,25.5
2026-03-22,Sunday,1,11,104,Trabalhador,Espresso Premium,9.5,Croissant Francês,13.0,Balcão,Pix,22.5
2026-03-22,Sunday,1,15,129,Fim de Semana,Latte Baunilha,16.0,Cookie Artesanal,9.0,Delivery,Crédito,25.0
2026-03-22,Sunday,1,18,85,Trabalhador,Latte Baunilha,16.0,Croissant Francês,13.0,Balcão,Débito,29.0
2026-03-22,Sunday,1,8,114,Trabalhador,Chá Orgânico,12.0,Cookie Artesanal,9.0,Balcão,Débito,21.0
2026-03-22,Sunday,1,17,214,Ocasional,Chá Orgânico,12.0,Quiche de Alho Poró,18.0,Balcão,Pix,30.0
2026-03-22,Sunday,1,7,121,Trabalhador,Latte Baunilha,16.0,Quiche de Alho Poró,18.0,Delivery,Débito,34.0
2026-03-22,Sunday,1,15,197,Fim de Semana,Mocha Belga,18.0,Croissant Francês,13.0,Balcão,Crédito,31.0
2026-03-22,Sunday,1,10,154,Ocasional,Latte Baunilha,16.0,Cookie Artesanal,9.0,Balcão,Pix,25.0
2026-03-22,Sunday,1,8,63,Fim de Semana,Espresso Premium,9.5,Sanduíche Caprese,19.0,Balcão,Débito,28.5
2026-03-22,Sunday,1,10,214,Ocasional,Cappuccino Italiano,14.0,Sanduíche Caprese,19.0,Delivery,Pix,33.0
2026-03-22,Sunday,1,15,208,Fim de Semana,Latte Baunilha,16.0,Croissant Francês,13.0,Delivery,Débito,29.0
2026-03-22,Sunday,1,16,122,Ocasional,Cappuccino Italiano,14.0,Cookie Artesanal,9.0,Balcão,Pix,23.0
2026-03-22,Sunday,1,17,269,Fim de Semana,Latte Baunilha,16.0,Bolo Red Velvet,15.0,Delivery,Pix,31.0
2026-03-22,Sunday,1,8,185,Ocasional,Cappuccino Italiano,14.0,Bolo Red Velvet,15.0,Balcão,Crédito,29.0
2026-03-22,Sunday,1,13,163,Trabalhador,Cold Brew Especial,17.0,Croissant Francês,13.0,Balcão,Débito,30.0
2026-03-22,Sunday,1,18,109,Ocasional,Latte Baunilha,16.0,Bolo Red Velvet,15.0,Balcão,Crédito,31.0
2026-03-22,Sunday,1,17,240,Fim de Semana,Chá Orgânico,12.0,Cookie Artesanal,9.0,Balcão,Crédito,21.0
2026-03-22,Sunday,1,17,205,Fim de Semana,Cold Brew Especial,17.0,Croissant Francês,13.0,Balcão,Crédito,30.0
2026-03-22,Sunday,1,13,108,Fim de Semana,Chá Orgânico,12.0,Sanduíche Caprese,19.0,Balcão,Crédito,31.0
2026-03-22,Sunday,1,18,207,Ocasional,Espresso Premium,9.5,Quiche de Alho Poró,18.0,Delivery,Crédito,27.5
2026-03-22,Sunday,1,13,35,Fim de Semana,Espresso Premium,9.5,Quiche de Alho Poró,18.0,Balcão,Débito,27.5
2026-03-22,Sunday,1,19,166,Trabalhador,Latte Baunilha,16.0,Torta de Limão Siciliano,16.0,Delivery,Débito,32.0
2026-03-22,Sunday,1,12,16,Ocasional,Mocha Belga,18.0,Torta de Limão Siciliano,16.0,Delivery,Crédito,34.0
2026-03-22,Sunday,1,7,169,Trabalhador,Mocha Belga,18.0,Bolo Red Velvet,15.0,Balcão,Débito,33.0
2026-03-22,Sunday,1,20,215,Fim de Semana,Cappuccino Italiano,14.0,Bolo Red Velvet,15.0,Balcão,Crédito,29.0
2026-03-22,Sunday,1,15,93,Trabalhador,Espresso Premium,9.5,Quiche de Alho Poró,18.0,Delivery,Débito,27.5
2026-03-22,Sunday,1,17,181,Fim de Semana,Espresso Premium,9.5,Quiche de Alho Poró,18.0,Balcão,Crédito,27.5
2026-03-22,Sunday,1,13,289,Trabalhador,Latte Baunilha,16.0,Sanduíche Caprese,19.0,Delivery,Pix,35.0
2026-03-22,Sunday,1,14,78,Trabalhador,Espresso Premium,9.5,Croissant Francês,13.0,Delivery,Pix,22.5
2026-03-22,Sunday,1,12,226,Ocasional,Latte Baunilha,16.0,Bolo Red Velvet,15.0,Balcão,Crédito,31.0
2026-03-22,Sunday,1,17,85,Trabalhador,Espresso Premium,9.5,Croissant Francês,13.0,Balcão,Pix,22.5
2026-03-22,Sunday,1,17,127,Fim de Semana,Mocha Belga,18.0,Sanduíche Caprese,19.0,Balcão,Débito,37.0
2026-03-22,Sunday,1,17,120,Trabalhador,Cold Brew Especial,17.0,Sanduíche Caprese,19.0,Delivery,Pix,36.0
2026-03-22,Sunday,1,8,276,Fim de Semana,Cappuccino Italiano,14.0,Croissant Francês,13.0,Balcão,Crédito,27.0
2026-03-22,Sunday,1,18,260,Fim de Semana,Chá Orgânico,12.0,Croissant Francês,13.0,Delivery,Débito,25.0
2026-03-22,Sunday,1,7,67,Trabalhador,Cold Brew Especial,17.0,Quiche de Alho Poró,18.0,Delivery,Débito,35.0
2026-03-22,Sunday,1,18,86,Trabalhador,Mocha Belga,18.0,Croissant Francês,13.0,Delivery,Pix,31.0
2026-03-22,Sunday,1,17,261,Ocasional,Latte Baunilha,16.0,Croissant Francês,13.0,Balcão,Crédito,29.0
2026-03-22,Sunday,1,16,151,Ocasional,Espresso Premium,9.5,Torta de Limão Siciliano,16.0,Balcão,Débito,25.5
2026-03-22,Sunday,1,8,155,Ocasional,Cappuccino Italiano,14.0,Croissant Francês,13.0,Balcão,Pix,27.0
2026-03-22,Sunday,1,7,113,Ocasional,Latte Baunilha,16.0,Cookie Artesanal,9.0,Balcão,Débito,25.0
2026-03-22,Sunday,1,20,87,Trabalhador,Latte Baunilha,16.0,Croissant Francês,13.0,Delivery,Pix,29.0
2026-03-22,Sunday,1,19,240,Fim de Semana,Espresso Premium,9.5,Quiche de Alho Poró,18.0,Balcão,Pix,27.5
2026-03-22,Sunday,1,8,212,Ocasional,Latte Baunilha,16.0,Croissant Francês,13.0,Delivery,Crédito,29.0
2026-03-22,Sunday,1,14,50,Ocasional,Cold Brew Especial,17.0,Sanduíche Caprese,19.0,Delivery,Pix,36.0
2026-03-22,Sunday,1,8,124,Trabalhador,Mocha Belga,18.0,Torta de Limão Siciliano,16.0,Delivery,Débito,34.0
2026-03-22,Sunday,1,12,235,Ocasional,Cappuccino Italiano,14.0,Sanduíche Caprese,19.0,Balcão,Pix,33.0
2026-03-22,Sunday,1,11,243,Trabalhador,Chá Orgânico,12.0,Cookie Artesanal,9.0,Delivery,Débito,21.0
2026-03-22,Sunday,1,18,153,Fim de Semana,Mocha Belga,18.0,Cookie Artesanal,9.0,Delivery,Crédito,27.0
2026-03-22,Sunday,1,10,276,Trabalhador,Espresso Premium,9.5,Croissant Francês,13.0,Balcão,Crédito,22.5
2026-03-22,Sunday,1,17,251,Ocasional,Cappuccino Italiano,14.0,Croissant Francês,13.0,Balcão,Pix,27.0
2026-03-22,Sunday,1,12,195,Fim de Semana,Cappuccino Italiano,14.0,Bolo Red Velvet,15.0,Balcão,Débito,29.0
2026-03-22,Sunday,1,14,107,Fim de Semana,Cold Brew Especial,17.0,Cookie Artesanal,9.0,Delivery,Crédito,26.0
2026-03-22,Sunday,1,8,194,Ocasional,Espresso Premium,9.5,Cookie Artesanal,9.0,Balcão,Débito,18.5
2026-03-22,Sunday,1,18,17,Fim de Semana,Mocha Belga,18.0,Sanduíche Caprese,19.0,Delivery,Pix,37.0
2026-03-22,Sunday,1,19,202,Ocasional,Latte Baunilha,16.0,Bolo Red Velvet,15.0,Balcão,Pix,31.0
2026-03-22,Sunday,1,12,160,Trabalhador,Espresso Premium,9.5,Sanduíche Caprese,19.0,Balcão,Crédito,28.5
2026-03-22,Sunday,1,9,254,Fim de Semana,Cappuccino Italiano,14.0,Torta de Limão Siciliano,16.0,Delivery,Débito,30.0
2026-03-22,Sunday,1,10,265,Fim de Semana,Cold Brew Especial,17.0,Quiche de Alho Poró,18.0,Delivery,Débito,35.0
2026-03-22,Sunday,1,12,242,Fim de Semana,Espresso Premium,9.5,Cookie Artesanal,9.0,Delivery,Pix,18.5
2026-03-22,Sunday,1,19,99,Fim de Semana,Cappuccino Italiano,14.0,Quiche de Alho Poró,18.0,Delivery,Crédito,32.0
2026-03-22,Sunday,1,7,139,Ocasional,Mocha Belga,18.0,Torta de Limão Siciliano,16.0,Balcão,Pix,34.0
2026-03-22,Sunday,1,16,22,Fim de Semana,Cold Brew Especial,17.0,Bolo Red Velvet,15.0,Balcão,Pix,32.0
2026-03-23,Monday,0,19,157,Trabalhador,Latte Baunilha,16.0,Sanduíche Caprese,19.0,Balcão,Pix,35.0
2026-03-23,Monday,0,16,69,Trabalhador,Latte Baunilha,16.0,Bolo Red Velvet,15.0,Balcão,Pix,31.0
2026-03-23,Monday,0,11,204,Trabalhador,Cappuccino Italiano,14.0,Sanduíche Caprese,19.0,Delivery,Pix,33.0
2026-03-23,Monday,0,14,84,Ocasional,Chá Orgânico,12.0,Croissant Francês,13.0,Delivery,Débito,25.0
2026-03-23,Monday,0,13,231,Trabalhador,Espresso Premium,9.5,Sanduíche Caprese,19.0,Delivery,Crédito,28.5
2026-03-23,Monday,0,9,172,Trabalhador,Cold Brew Especial,17.0,Sanduíche Caprese,19.0,Balcão,Crédito,36.0
2026-03-23,Monday,0,16,156,Ocasional,Espresso Premium,9.5,Quiche de Alho Poró,18.0,Balcão,Pix,27.5
2026-03-23,Monday,0,19,168,Fim de Semana,Chá Orgânico,12.0,Bolo Red Velvet,15.0,Delivery,Pix,27.0
2026-03-23,Monday,0,20,128,Trabalhador,Chá Orgânico,12.0,Cookie Artesanal,9.0,Delivery,Pix,21.0
2026-03-23,Monday,0,10,84,Trabalhador,Latte Baunilha,16.0,Sanduíche Caprese,19.0,Balcão,Pix,35.0
2026-03-23,Monday,0,11,58,Fim de Semana,Cappuccino Italiano,14.0,Croissant Francês,13.0,Balcão,Pix,27.0
2026-03-23,Monday,0,13,74,Ocasional,Chá Orgânico,12.0,Croissant Francês,13.0,Delivery,Débito,25.0
2026-03-23,Monday,0,8,36,Fim de Semana,Espresso Premium,9.5,Torta de Limão Siciliano,16.0,Delivery,Pix,25.5
2026-03-23,Monday,0,14,36,Fim de Semana,Cappuccino Italiano,14.0,Bolo Red Velvet,15.0,Delivery,Crédito,29.0
2026-03-23,Monday,0,12,297,Trabalhador,Cappuccino Italiano,14.0,Bolo Red Velvet,15.0,Delivery,Pix,29.0
2026-03-23,Monday,0,19,4,Trabalhador,Cold Brew Especial,17.0,Cookie Artesanal,9.0,Delivery,Crédito,26.0
2026-03-23,Monday,0,17,176,Fim de Semana,Cappuccino Italiano,14.0,Cookie Artesanal,9.0,Balcão,Débito,23.0
2026-03-23,Monday,0,16,117,Ocasional,Cold Brew Especial,17.0,Cookie Artesanal,9.0,Delivery,Pix,26.0
2026-03-23,Monday,0,11,29,Trabalhador,Cappuccino Italiano,14.0,Torta de Limão Siciliano,16.0,Balcão,Débito,30.0
2026-03-23,Monday,0,16,16,Ocasional,Mocha Belga,18.0,Croissant Francês,13.0,Balcão,Débito,31.0
2026-03-23,Monday,0,10,39,Fim de Semana,Chá Orgânico,12.0,Bolo Red Velvet,15.0,Balcão,Crédito,27.0
2026-03-23,Monday,0,7,212,Fim de Semana,Espresso Premium,9.5,Sanduíche Caprese,19.0,Balcão,Pix,28.5
2026-03-23,Monday,0,12,137,Ocasional,Chá Orgânico,12.0,Bolo Red Velvet,15.0,Delivery,Pix,27.0
2026-03-23,Monday,0,9,96,Ocasional,Cold Brew Especial,17.0,Sanduíche Caprese,19.0,Delivery,Débito,36.0
2026-03-23,Monday,0,17,68,Trabalhador,Cold Brew Especial,17.0,Sanduíche Caprese,19.0,Delivery,Débito,36.0
2026-03-23,Monday,0,12,5,Ocasional,Mocha Belga,18.0,Croissant Francês,13.0,Balcão,Pix,31.0
2026-03-23,Monday,0,16,128,Trabalhador,Cold Brew Especial,17.0,Quiche de Alho Poró,18.0,Delivery,Débito,35.0
2026-03-23,Monday,0,18,251,Ocasional,Mocha Belga,18.0,Torta de Limão Siciliano,16.0,Delivery,Pix,34.0
2026-03-23,Monday,0,12,146,Trabalhador,Cappuccino Italiano,14.0,Bolo Red Velvet,15.0,Balcão,Débito,29.0
2026-03-23,Monday,0,11,288,Ocasional,Mocha Belga,18.0,Torta de Limão Siciliano,16.0,Balcão,Débito,34.0
2026-03-23,Monday,0,19,31,Ocasional,Chá Orgânico,12.0,Torta de Limão Siciliano,16.0,Delivery,Débito,28.0
2026-03-23,Monday,0,9,196,Ocasional,Chá Orgânico,12.0,Bolo Red Velvet,15.0,Balcão,Pix,27.0
2026-03-23,Monday,0,7,282,Ocasional,Chá Orgânico,12.0,Torta de Limão Siciliano,16.0,Delivery,Pix,28.0
2026-03-23,Monday,0,18,207,Trabalhador,Chá Orgânico,12.0,Sanduíche Caprese,19.0,Balcão,Débito,31.0
2026-03-23,Monday,0,20,216,Ocasional,Chá Orgânico,12.0,Sanduíche Caprese,19.0,Delivery,Débito,31.0
2026-03-23,Monday,0,10,136,Trabalhador,Cappuccino Italiano,14.0,Quiche de Alho Poró,18.0,Delivery,Pix,32.0
2026-03-23,Monday,0,11,44,Ocasional,Mocha Belga,18.0,Cookie Artesanal,9.0,Balcão,Débito,27.0
2026-03-23,Monday,0,19,209,Trabalhador,Espresso Premium,9.5,Sanduíche Caprese,19.0,Balcão,Débito,28.5
2026-03-23,Monday,0,18,300,Trabalhador,Cold Brew Especial,17.0,Cookie Artesanal,9.0,Balcão,Pix,26.0
2026-03-23,Monday,0,19,15,Trabalhador,Cold Brew Especial,17.0,Cookie Artesanal,9.0,Delivery,Débito,26.0
2026-03-23,Monday,0,15,127,Fim de Semana,Cappuccino Italiano,14.0,Cookie Artesanal,9.0,Delivery,Débito,23.0
2026-03-23,Monday,0,11,143,Trabalhador,Mocha Belga,18.0,Bolo Red Velvet,15.0,Balcão,Crédito,33.0
2026-03-23,Monday,0,10,183,Ocasional,Cappuccino Italiano,14.0,Cookie Artesanal,9.0,Delivery,Crédito,23.0
2026-03-23,Monday,0,8,113,Ocasional,Mocha Belga,18.0,Quiche de Alho Poró,18.0,Balcão,Crédito,36.0
2026-03-23,Monday,0,7,85,Fim de Semana,Chá Orgânico,12.0,Quiche de Alho Poró,18.0,Balcão,Crédito,30.0
2026-03-23,Monday,0,16,63,Fim de Semana,Chá Orgânico,12.0,Sanduíche Caprese,19.0,Balcão,Crédito,31.0
2026-03-23,Monday,0,18,29,Fim de Semana,Cold Brew Especial,17.0,Sanduíche Caprese,19.0,Delivery,Crédito,36.0
2026-03-23,Monday,0,8,146,Ocasional,Mocha Belga,18.0,Croissant Francês,13.0,Delivery,Débito,31.0
2026-03-23,Monday,0,19,42,Trabalhador,Chá Orgânico,12.0,Bolo Red Velvet,15.0,Delivery,Débito,27.0
2026-03-23,Monday,0,9,204,Fim de Semana,Latte Baunilha,16.0,Cookie Artesanal,9.0,Delivery,Crédito,25.0
2026-03-23,Monday,0,7,17,Trabalhador,Mocha Belga,18.0,Cookie Artesanal,9.0,Balcão,Pix,27.0
2026-03-23,Monday,0,9,226,Ocasional,Espresso Premium,9.5,Cookie Artesanal,9.0,Balcão,Débito,18.5
2026-03-23,Monday,0,13,133,Fim de Semana,Chá Orgânico,12.0,Croissant Francês,13.0,Delivery,Débito,25.0
2026-03-23,Monday,0,12,190,Fim de Semana,Cold Brew Especial,17.0,Croissant Francês,13.0,Delivery,Pix,30.0
2026-03-23,Monday,0,11,1,Ocasional,Latte Baunilha,16.0,Bolo Red Velvet,15.0,Balcão,Crédito,31.0
2026-03-23,Monday,0,20,231,Trabalhador,Espresso Premium,9.5,Bolo Red Velvet,15.0,Delivery,Débito,24.5
2026-03-23,Monday,0,12,107,Ocasional,Latte Baunilha,16.0,Bolo Red Velvet,15.0,Balcão,Débito,31.0
2026-03-23,Monday,0,8,47,Trabalhador,Cold Brew Especial,17.0,Torta de Limão Siciliano,16.0,Delivery,Crédito,33.0
2026-03-23,Monday,0,16,248,Fim de Semana,Cold Brew Especial,17.0,Sanduíche Caprese,19.0,Delivery,Crédito,36.0
2026-03-23,Monday,0,7,117,Trabalhador,Mocha Belga,18.0,Bolo Red Velvet,15.0,Delivery,Crédito,33.0
2026-03-23,Monday,0,16,72,Ocasional,Espresso Premium,9.5,Croissant Francês,13.0,Balcão,Pix,22.5
2026-03-23,Monday,0,10,228,Ocasional,Latte Baunilha,16.0,Sanduíche Caprese,19.0,Delivery,Pix,35.0
2026-03-23,Monday,0,8,8,Fim de Semana,Mocha Belga,18.0,Torta de Limão Siciliano,16.0,Balcão,Crédito,34.0
2026-03-23,Monday,0,10,79,Ocasional,Cold Brew Especial,17.0,Croissant Francês,13.0,Delivery,Crédito,30.0
2026-03-23,Monday,0,16,224,Trabalhador,Cappuccino Italiano,14.0,Cookie Artesanal,9.0,Balcão,Crédito,23.0
2026-03-23,Monday,0,15,8,Ocasional,Mocha Belga,18.0,Croissant Francês,13.0,Delivery,Débito,31.0
2026-03-23,Monday,0,7,250,Ocasional,Latte Baunilha,16.0,Cookie Artesanal,9.0,Delivery,Crédito,25.0
2026-03-23,Monday,0,15,134,Trabalhador,Chá Orgânico,12.0,Sanduíche Caprese,19.0,Balcão,Pix,31.0
2026-03-23,Monday,0,9,187,Trabalhador,Chá Orgânico,12.0,Quiche de Alho Poró,18.0,Delivery,Crédito,30.0
2026-03-23,Monday,0,14,134,Fim de Semana,Cold Brew Especial,17.0,Croissant Francês,13.0,Balcão,Crédito,30.0
2026-03-23,Monday,0,15,54,Ocasional,Espresso Premium,9.5,Croissant Francês,13.0,Delivery,Débito,22.5
2026-03-23,Monday,0,9,124,Trabalhador,Latte Baunilha,16.0,Sanduíche Caprese,19.0,Delivery,Crédito,35.0
2026-03-23,Monday,0,15,278,Trabalhador,Cappuccino Italiano,14.0,Sanduíche Caprese,19.0,Balcão,Débito,33.0
2026-03-23,Monday,0,10,117,Trabalhador,Espresso Premium,9.5,Cookie Artesanal,9.0,Delivery,Débito,18.5
2026-03-23,Monday,0,17,73,Fim de Semana,Latte Baunilha,16.0,Torta de Limão Siciliano,16.0,Delivery,Pix,32.0
2026-03-23,Monday,0,10,21,Fim de Semana,Latte Baunilha,16.0,Croissant Francês,13.0,Delivery,Débito,29.0
2026-03-23,Monday,0,7,93,Ocasional,Mocha Belga,18.0,Bolo Red Velvet,15.0,Delivery,Pix,33.0
2026-03-23,Monday,0,9,127,Ocasional,Chá Orgânico,12.0,Torta de Limão Siciliano,16.0,Delivery,Pix,28.0
2026-03-23,Monday,0,9,56,Ocasional,Espresso Premium,9.5,Torta de Limão Siciliano,16.0,Balcão,Débito,25.5
2026-03-23,Monday,0,8,182,Trabalhador,Cappuccino Italiano,14.0,Sanduíche Caprese,19.0,Delivery,Pix,33.0
2026-03-23,Monday,0,15,43,Ocasional,Latte Baunilha,16.0,Quiche de Alho Poró,18.0,Balcão,Crédito,34.0
2026-03-23,Monday,0,19,196,Ocasional,Cappuccino Italiano,14.0,Sanduíche Caprese,19.0,Balcão,Crédito,33.0
2026-03-23,Monday,0,14,2,Fim de Semana,Cappuccino Italiano,14.0,Bolo Red Velvet,15.0,Balcão,Crédito,29.0
2026-03-23,Monday,0,13,59,Ocasional,Mocha Belga,18.0,Bolo Red Velvet,15.0,Balcão,Débito,33.0
2026-03-24,Tuesday,0,18,48,Trabalhador,Cappuccino Italiano,14.0,Sanduíche Caprese,19.0,Balcão,Débito,33.0
2026-03-24,Tuesday,0,8,185,Fim de Semana,Latte Baunilha,16.0,Bolo Red Velvet,15.0,Balcão,Pix,31.0
2026-03-24,Tuesday,0,12,293,Ocasional,Latte Baunilha,16.0,Sanduíche Caprese,19.0,Balcão,Crédito,35.0
2026-03-24,Tuesday,0,11,41,Trabalhador,Espresso Premium,9.5,Bolo Red Velvet,15.0,Balcão,Crédito,24.5
2026-03-24,Tuesday,0,18,1,Ocasional,Cold Brew Especial,17.0,Cookie Artesanal,9.0,Balcão,Débito,26.0
2026-03-24,Tuesday,0,20,18,Ocasional,Latte Baunilha,16.0,Croissant Francês,13.0,Delivery,Débito,29.0
2026-03-24,Tuesday,0,12,48,Fim de Semana,Cappuccino Italiano,14.0,Croissant Francês,13.0,Balcão,Débito,27.0
2026-03-24,Tuesday,0,13,230,Ocasional,Mocha Belga,18.0,Bolo Red Velvet,15.0,Balcão,Débito,33.0
2026-03-24,Tuesday,0,13,295,Fim de Semana,Latte Baunilha,16.0,Bolo Red Velvet,15.0,Balcão,Crédito,31.0
2026-03-24,Tuesday,0,17,108,Ocasional,Espresso Premium,9.5,Bolo Red Velvet,15.0,Balcão,Crédito,24.5
2026-03-24,Tuesday,0,12,126,Trabalhador,Chá Orgânico,12.0,Sanduíche Caprese,19.0,Balcão,Pix,31.0
2026-03-24,Tuesday,0,11,56,Ocasional,Cappuccino Italiano,14.0,Croissant Francês,13.0,Balcão,Pix,27.0
2026-03-24,Tuesday,0,10,127,Ocasional,Cold Brew Especial,17.0,Bolo Red Velvet,15.0,Balcão,Pix,32.0
2026-03-24,Tuesday,0,20,244,Ocasional,Latte Baunilha,16.0,Quiche de Alho Poró,18.0,Delivery,Crédito,34.0
2026-03-24,Tuesday,0,18,101,Ocasional,Espresso Premium,9.5,Cookie Artesanal,9.0,Delivery,Crédito,18.5
2026-03-24,Tuesday,0,12,281,Fim de Semana,Cappuccino Italiano,14.0,Croissant Francês,13.0,Delivery,Débito,27.0
2026-03-24,Tuesday,0,8,252,Ocasional,Espresso Premium,9.5,Cookie Artesanal,9.0,Balcão,Débito,18.5
2026-03-24,Tuesday,0,16,219,Fim de Semana,Cappuccino Italiano,14.0,Bolo Red Velvet,15.0,Delivery,Pix,29.0
2026-03-24,Tuesday,0,7,1,Fim de Semana,Chá Orgânico,12.0,Cookie Artesanal,9.0,Delivery,Débito,21.0
2026-03-24,Tuesday,0,18,35,Trabalhador,Mocha Belga,18.0,Croissant Francês,13.0,Balcão,Pix,31.0
2026-03-24,Tuesday,0,15,259,Fim de Semana,Chá Orgânico,12.0,Quiche de Alho Poró,18.0,Balcão,Pix,30.0
2026-03-24,Tuesday,0,10,9,Ocasional,Cappuccino Italiano,14.0,Bolo Red Velvet,15.0,Balcão,Débito,29.0
2026-03-24,Tuesday,0,20,160,Trabalhador,Latte Baunilha,16.0,Quiche de Alho Poró,18.0,Balcão,Débito,34.0
2026-03-24,Tuesday,0,15,299,Fim de Semana,Mocha Belga,18.0,Quiche de Alho Poró,18.0,Balcão,Débito,36.0
2026-03-24,Tuesday,0,17,143,Fim de Semana,Chá Orgânico,12.0,Quiche de Alho Poró,18.0,Delivery,Pix,30.0
2026-03-24,Tuesday,0,7,97,Fim de Semana,Latte Baunilha,16.0,Cookie Artesanal,9.0,Balcão,Pix,25.0
2026-03-24,Tuesday,0,8,297,Fim de Semana,Cold Brew Especial,17.0,Sanduíche Caprese,19.0,Delivery,Débito,36.0
2026-03-24,Tuesday,0,17,166,Fim de Semana,Cappuccino Italiano,14.0,Torta de Limão Siciliano,16.0,Delivery,Crédito,30.0
2026-03-24,Tuesday,0,16,16,Fim de Semana,Cold Brew Especial,17.0,Cookie Artesanal,9.0,Balcão,Débito,26.0
2026-03-24,Tuesday,0,10,190,Fim de Semana,Mocha Belga,18.0,Sanduíche Caprese,19.0,Balcão,Pix,37.0
2026-03-24,Tuesday,0,18,266,Fim de Semana,Latte Baunilha,16.0,Bolo Red Velvet,15.0,Delivery,Crédito,31.0
2026-03-24,Tuesday,0,7,168,Ocasional,Cold Brew Especial,17.0,Bolo Red Velvet,15.0,Balcão,Pix,32.0
2026-03-24,Tuesday,0,20,167,Trabalhador,Chá Orgânico,12.0,Cookie Artesanal,9.0,Delivery,Pix,21.0
2026-03-24,Tuesday,0,11,244,Fim de Semana,Cold Brew Especial,17.0,Croissant Francês,13.0,Delivery,Pix,30.0
2026-03-24,Tuesday,0,14,65,Fim de Semana,Espresso Premium,9.5,Torta de Limão Siciliano,16.0,Balcão,Crédito,25.5
2026-03-24,Tuesday,0,15,116,Ocasional,Mocha Belga,18.0,Sanduíche Caprese,19.0,Balcão,Pix,37.0
2026-03-24,Tuesday,0,16,107,Fim de Semana,Chá Orgânico,12.0,Sanduíche Caprese,19.0,Delivery,Débito,31.0
2026-03-24,Tuesday,0,19,192,Fim de Semana,Cold Brew Especial,17.0,Bolo Red Velvet,15.0,Delivery,Pix,32.0
2026-03-24,Tuesday,0,11,182,Trabalhador,Latte Baunilha,16.0,Bolo Red Velvet,15.0,Delivery,Pix,31.0
2026-03-24,Tuesday,0,14,46,Ocasional,Latte Baunilha,16.0,Cookie Artesanal,9.0,Delivery,Débito,25.0
2026-03-24,Tuesday,0,20,36,Ocasional,Latte Baunilha,16.0,Bolo Red Velvet,15.0,Delivery,Pix,31.0
2026-03-24,Tuesday,0,18,22,Trabalhador,Mocha Belga,18.0,Croissant Francês,13.0,Balcão,Pix,31.0
2026-03-24,Tuesday,0,9,229,Fim de Semana,Espresso Premium,9.5,Cookie Artesanal,9.0,Delivery,Crédito,18.5
2026-03-24,Tuesday,0,8,224,Trabalhador,Cappuccino Italiano,14.0,Cookie Artesanal,9.0,Delivery,Pix,23.0
2026-03-24,Tuesday,0,8,54,Ocasional,Cappuccino Italiano,14.0,Quiche de Alho Poró,18.0,Delivery,Pix,32.0
2026-03-24,Tuesday,0,17,124,Fim de Semana,Espresso Premium,9.5,Croissant Francês,13.0,Balcão,Débito,22.5
2026-03-24,Tuesday,0,17,120,Trabalhador,Mocha Belga,18.0,Croissant Francês,13.0,Delivery,Débito,31.0
2026-03-24,Tuesday,0,11,269,Trabalhador,Espresso Premium,9.5,Croissant Francês,13.0,Balcão,Débito,22.5
2026-03-24,Tuesday,0,10,165,Ocasional,Cold Brew Especial,17.0,Sanduíche Caprese,19.0,Balcão,Pix,36.0
2026-03-24,Tuesday,0,19,278,Trabalhador,Espresso Premium,9.5,Torta de Limão Siciliano,16.0,Delivery,Débito,25.5
2026-03-24,Tuesday,0,19,162,Trabalhador,Cappuccino Italiano,14.0,Quiche de Alho Poró,18.0,Balcão,Crédito,32.0
2026-03-24,Tuesday,0,7,274,Fim de Semana,Cold Brew Especial,17.0,Sanduíche Caprese,19.0,Balcão,Crédito,36.0
2026-03-24,Tuesday,0,16,154,Fim de Semana,Cold Brew Especial,17.0,Bolo Red Velvet,15.0,Delivery,Crédito,32.0
2026-03-24,Tuesday,0,8,218,Ocasional,Cold Brew Especial,17.0,Torta de Limão Siciliano,16.0,Delivery,Pix,33.0
2026-03-24,Tuesday,0,17,210,Trabalhador,Cappuccino Italiano,14.0,Torta de Limão Siciliano,16.0,Balcão,Débito,30.0
2026-03-24,Tuesday,0,19,95,Trabalhador,Mocha Belga,18.0,Croissant Francês,13.0,Delivery,Débito,31.0
2026-03-24,Tuesday,0,17,195,Ocasional,Espresso Premium,9.5,Croissant Francês,13.0,Balcão,Débito,22.5
2026-03-24,Tuesday,0,18,95,Trabalhador,Cold Brew Especial,17.0,Cookie Artesanal,9.0,Balcão,Débito,26.0
2026-03-24,Tuesday,0,9,258,Trabalhador,Cappuccino Italiano,14.0,Sanduíche Caprese,19.0,Delivery,Crédito,33.0
2026-03-24,Tuesday,0,19,122,Trabalhador,Espresso Premium,9.5,Cookie Artesanal,9.0,Delivery,Crédito,18.5
2026-03-24,Tuesday,0,18,297,Fim de Semana,Espresso Premium,9.5,Sanduíche Caprese,19.0,Balcão,Débito,28.5
2026-03-24,Tuesday,0,11,205,Fim de Semana,Mocha Belga,18.0,Sanduíche Caprese,19.0,Delivery,Pix,37.0
2026-03-24,Tuesday,0,7,183,Trabalhador,Cappuccino Italiano,14.0,Quiche de Alho Poró,18.0,Delivery,Crédito,32.0
2026-03-24,Tuesday,0,18,128,Ocasional,Chá Orgânico,12.0,Quiche de Alho Poró,18.0,Delivery,Crédito,30.0
2026-03-24,Tuesday,0,10,30,Ocasional,Cappuccino Italiano,14.0,Croissant Francês,13.0,Balcão,Pix,27.0
2026-03-24,Tuesday,0,7,185,Ocasional,Chá Orgânico,12.0,Torta de Limão Siciliano,16.0,Delivery,Débito,28.0
2026-03-24,Tuesday,0,11,80,Trabalhador,Cappuccino Italiano,14.0,Bolo Red Velvet,15.0,Delivery,Crédito,29.0
2026-03-24,Tuesday,0,19,287,Ocasional,Chá Orgânico,12.0,Sanduíche Caprese,19.0,Delivery,Pix,31.0
2026-03-24,Tuesday,0,18,113,Trabalhador,Espresso Premium,9.5,Bolo Red Velvet,15.0,Delivery,Crédito,24.5
2026-03-24,Tuesday,0,11,148,Fim de Semana,Cappuccino Italiano,14.0,Sanduíche Caprese,19.0,Delivery,Crédito,33.0
2026-03-24,Tuesday,0,10,241,Trabalhador,Latte Baunilha,16.0,Croissant Francês,13.0,Balcão,Pix,29.0
2026-03-24,Tuesday,0,10,178,Fim de Semana,Cold Brew Especial,17.0,Quiche de Alho Poró,18.0,Balcão,Crédito,35.0
2026-03-24,Tuesday,0,17,111,Trabalhador,Cappuccino Italiano,14.0,Sanduíche Caprese,19.0,Delivery,Crédito,33.0
2026-03-24,Tuesday,0,18,289,Ocasional,Mocha Belga,18.0,Croissant Francês,13.0,Delivery,Crédito,31.0
2026-03-24,Tuesday,0,7,261,Trabalhador,Cappuccino Italiano,14.0,Sanduíche Caprese,19.0,Delivery,Débito,33.0
2026-03-24,Tuesday,0,18,114,Trabalhador,Cold Brew Especial,17.0,Torta de Limão Siciliano,16.0,Balcão,Pix,33.0
2026-03-24,Tuesday,0,20,103,Ocasional,Chá Orgânico,12.0,Cookie Artesanal,9.0,Delivery,Pix,21.0
2026-03-24,Tuesday,0,11,288,Trabalhador,Espresso Premium,9.5,Torta de Limão Siciliano,16.0,Delivery,Pix,25.5
2026-03-25,Wednesday,0,12,256,Ocasional,Chá Orgânico,12.0,Bolo Red Velvet,15.0,Delivery,Débito,27.0
2026-03-25,Wednesday,0,14,234,Ocasional,Mocha Belga,18.0,Quiche de Alho Poró,18.0,Delivery,Crédito,36.0
2026-03-25,Wednesday,0,11,252,Trabalhador,Chá Orgânico,12.0,Sanduíche Caprese,19.0,Balcão,Pix,31.0
2026-03-25,Wednesday,0,14,179,Fim de Semana,Cold Brew Especial,17.0,Quiche de Alho Poró,18.0,Delivery,Crédito,35.0
2026-03-25,Wednesday,0,10,13,Ocasional,Mocha Belga,18.0,Sanduíche Caprese,19.0,Balcão,Crédito,37.0
2026-03-25,Wednesday,0,18,165,Fim de Semana,Latte Baunilha,16.0,Quiche de Alho Poró,18.0,Balcão,Pix,34.0
2026-03-25,Wednesday,0,17,107,Fim de Semana,Cappuccino Italiano,14.0,Quiche de Alho Poró,18.0,Balcão,Débito,32.0
2026-03-25,Wednesday,0,18,179,Fim de Semana,Latte Baunilha,16.0,Bolo Red Velvet,15.0,Delivery,Débito,31.0
2026-03-25,Wednesday,0,15,84,Ocasional,Chá Orgânico,12.0,Torta de Limão Siciliano,16.0,Balcão,Pix,28.0
2026-03-25,Wednesday,0,9,80,Fim de Semana,Espresso Premium,9.5,Quiche de Alho Poró,18.0,Balcão,Crédito,27.5
2026-03-25,Wednesday,0,20,116,Fim de Semana,Cappuccino Italiano,14.0,Cookie Artesanal,9.0,Balcão,Débito,23.0
2026-03-25,Wednesday,0,8,169,Fim de Semana,Mocha Belga,18.0,Torta de Limão Siciliano,16.0,Balcão,Débito,34.0
2026-03-25,Wednesday,0,17,189,Fim de Semana,Cold Brew Especial,17.0,Cookie Artesanal,9.0,Balcão,Crédito,26.0
2026-03-25,Wednesday,0,14,10,Fim de Semana,Chá Orgânico,12.0,Torta de Limão Siciliano,16.0,Delivery,Crédito,28.0
2026-03-25,Wednesday,0,15,242,Ocasional,Espresso Premium,9.5,Cookie Artesanal,9.0,Delivery,Crédito,18.5
2026-03-25,Wednesday,0,10,220,Trabalhador,Chá Orgânico,12.0,Torta de Limão Siciliano,16.0,Delivery,Pix,28.0
2026-03-25,Wednesday,0,19,74,Trabalhador,Latte Baunilha,16.0,Bolo Red Velvet,15.0,Balcão,Crédito,31.0
2026-03-25,Wednesday,0,17,9,Ocasional,Cappuccino Italiano,14.0,Croissant Francês,13.0,Balcão,Pix,27.0
2026-03-25,Wednesday,0,17,171,Fim de Semana,Cappuccino Italiano,14.0,Croissant Francês,13.0,Delivery,Crédito,27.0
2026-03-25,Wednesday,0,18,139,Ocasional,Mocha Belga,18.0,Quiche de Alho Poró,18.0,Balcão,Crédito,36.0
2026-03-25,Wednesday,0,19,213,Ocasional,Chá Orgânico,12.0,Croissant Francês,13.0,Balcão,Crédito,25.0
2026-03-25,Wednesday,0,13,125,Ocasional,Cold Brew Especial,17.0,Croissant Francês,13.0,Delivery,Débito,30.0
2026-03-25,Wednesday,0,14,96,Ocasional,Chá Orgânico,12.0,Sanduíche Caprese,19.0,Balcão,Pix,31.0
2026-03-25,Wednesday,0,18,251,Trabalhador,Cold Brew Especial,17.0,Torta de Limão Siciliano,16.0,Balcão,Débito,33.0
2026-03-25,Wednesday,0,13,75,Fim de Semana,Cold Brew Especial,17.0,Croissant Francês,13.0,Balcão,Débito,30.0
2026-03-25,Wednesday,0,9,114,Trabalhador,Latte Baunilha,16.0,Torta de Limão Siciliano,16.0,Delivery,Pix,32.0
2026-03-25,Wednesday,0,17,137,Ocasional,Espresso Premium,9.5,Torta de Limão Siciliano,16.0,Delivery,Crédito,25.5
2026-03-25,Wednesday,0,9,121,Ocasional,Cold Brew Especial,17.0,Bolo Red Velvet,15.0,Balcão,Pix,32.0
2026-03-25,Wednesday,0,8,217,Trabalhador,Mocha Belga,18.0,Bolo Red Velvet,15.0,Delivery,Crédito,33.0
2026-03-25,Wednesday,0,18,270,Ocasional,Chá Orgânico,12.0,Torta de Limão Siciliano,16.0,Balcão,Pix,28.0
2026-03-25,Wednesday,0,12,268,Ocasional,Chá Orgânico,12.0,Sanduíche Caprese,19.0,Balcão,Pix,31.0
2026-03-25,Wednesday,0,19,9,Ocasional,Mocha Belga,18.0,Torta de Limão Siciliano,16.0,Delivery,Crédito,34.0
2026-03-25,Wednesday,0,13,230,Trabalhador,Cappuccino Italiano,14.0,Torta de Limão Siciliano,16.0,Balcão,Débito,30.0
2026-03-25,Wednesday,0,15,106,Ocasional,Cold Brew Especial,17.0,Croissant Francês,13.0,Balcão,Crédito,30.0
2026-03-25,Wednesday,0,16,63,Fim de Semana,Chá Orgânico,12.0,Quiche de Alho Poró,18.0,Delivery,Pix,30.0
2026-03-25,Wednesday,0,12,183,Trabalhador,Mocha Belga,18.0,Bolo Red Velvet,15.0,Delivery,Pix,33.0
2026-03-25,Wednesday,0,11,271,Trabalhador,Espresso Premium,9.5,Sanduíche Caprese,19.0,Balcão,Débito,28.5
2026-03-25,Wednesday,0,15,143,Ocasional,Cappuccino Italiano,14.0,Quiche de Alho Poró,18.0,Delivery,Crédito,32.0
2026-03-25,Wednesday,0,12,183,Trabalhador,Cold Brew Especial,17.0,Cookie Artesanal,9.0,Delivery,Débito,26.0
2026-03-25,Wednesday,0,16,23,Trabalhador,Latte Baunilha,16.0,Sanduíche Caprese,19.0,Delivery,Pix,35.0
2026-03-25,Wednesday,0,8,60,Fim de Semana,Chá Orgânico,12.0,Cookie Artesanal,9.0,Delivery,Pix,21.0
2026-03-25,Wednesday,0,10,273,Trabalhador,Latte Baunilha,16.0,Cookie Artesanal,9.0,Balcão,Débito,25.0
2026-03-25,Wednesday,0,12,213,Ocasional,Chá Orgânico,12.0,Torta de Limão Siciliano,16.0,Balcão,Crédito,28.0
2026-03-25,Wednesday,0,16,217,Trabalhador,Latte Baunilha,16.0,Bolo Red Velvet,15.0,Balcão,Pix,31.0
2026-03-25,Wednesday,0,15,18,Fim de Semana,Cold Brew Especial,17.0,Croissant Francês,13.0,Delivery,Pix,30.0
2026-03-25,Wednesday,0,17,51,Ocasional,Cappuccino Italiano,14.0,Sanduíche Caprese,19.0,Balcão,Pix,33.0
2026-03-25,Wednesday,0,19,24,Fim de Semana,Mocha Belga,18.0,Croissant Francês,13.0,Delivery,Débito,31.0
2026-03-25,Wednesday,0,13,107,Fim de Semana,Cappuccino Italiano,14.0,Cookie Artesanal,9.0,Delivery,Pix,23.0
2026-03-25,Wednesday,0,20,205,Trabalhador,Cold Brew Especial,17.0,Sanduíche Caprese,19.0,Delivery,Crédito,36.0
2026-03-25,Wednesday,0,11,53,Trabalhador,Cappuccino Italiano,14.0,Quiche de Alho Poró,18.0,Balcão,Pix,32.0
2026-03-25,Wednesday,0,10,170,Fim de Semana,Cappuccino Italiano,14.0,Sanduíche Caprese,19.0,Delivery,Crédito,33.0
2026-03-25,Wednesday,0,18,211,Trabalhador,Cold Brew Especial,17.0,Quiche de Alho Poró,18.0,Balcão,Débito,35.0
2026-03-25,Wednesday,0,20,241,Ocasional,Cappuccino Italiano,14.0,Cookie Artesanal,9.0,Delivery,Crédito,23.0
2026-03-25,Wednesday,0,16,249,Trabalhador,Mocha Belga,18.0,Cookie Artesanal,9.0,Delivery,Pix,27.0
2026-03-25,Wednesday,0,7,127,Fim de Semana,Chá Orgânico,12.0,Sanduíche Caprese,19.0,Delivery,Pix,31.0
2026-03-25,Wednesday,0,14,35,Fim de Semana,Mocha Belga,18.0,Cookie Artesanal,9.0,Delivery,Débito,27.0
2026-03-25,Wednesday,0,11,154,Ocasional,Mocha Belga,18.0,Croissant Francês,13.0,Balcão,Crédito,31.0
2026-03-25,Wednesday,0,20,208,Ocasional,Cappuccino Italiano,14.0,Bolo Red Velvet,15.0,Balcão,Pix,29.0
2026-03-25,Wednesday,0,17,127,Ocasional,Mocha Belga,18.0,Quiche de Alho Poró,18.0,Delivery,Débito,36.0
2026-03-25,Wednesday,0,17,229,Trabalhador,Latte Baunilha,16.0,Croissant Francês,13.0,Balcão,Crédito,29.0
2026-03-25,Wednesday,0,7,170,Ocasional,Mocha Belga,18.0,Croissant Francês,13.0,Delivery,Crédito,31.0
2026-03-25,Wednesday,0,16,58,Ocasional,Chá Orgânico,12.0,Croissant Francês,13.0,Delivery,Débito,25.0
2026-03-25,Wednesday,0,8,278,Fim de Semana,Cold Brew Especial,17.0,Sanduíche Caprese,19.0,Balcão,Débito,36.0
2026-03-25,Wednesday,0,17,210,Trabalhador,Cappuccino Italiano,14.0,Sanduíche Caprese,19.0,Balcão,Pix,33.0
2026-03-25,Wednesday,0,11,24,Trabalhador,Mocha Belga,18.0,Croissant Francês,13.0,Delivery,Débito,31.0
2026-03-25,Wednesday,0,7,288,Fim de Semana,Cappuccino Italiano,14.0,Torta de Limão Siciliano,16.0,Delivery,Crédito,30.0
2026-03-25,Wednesday,0,9,52,Trabalhador,Chá Orgânico,12.0,Sanduíche Caprese,19.0,Delivery,Pix,31.0
2026-03-25,Wednesday,0,18,7,Ocasional,Mocha Belga,18.0,Quiche de Alho Poró,18.0,Balcão,Pix,36.0
2026-03-25,Wednesday,0,12,30,Ocasional,Mocha Belga,18.0,Quiche de Alho Poró,18.0,Balcão,Débito,36.0
2026-03-25,Wednesday,0,18,12,Trabalhador,Cappuccino Italiano,14.0,Croissant Francês,13.0,Balcão,Crédito,27.0
2026-03-25,Wednesday,0,11,233,Fim de Semana,Espresso Premium,9.5,Cookie Artesanal,9.0,Delivery,Débito,18.5
2026-03-25,Wednesday,0,10,283,Fim de Semana,Chá Orgânico,12.0,Croissant Francês,13.0,Delivery,Débito,25.0
2026-03-25,Wednesday,0,11,75,Ocasional,Latte Baunilha,16.0,Torta de Limão Siciliano,16.0,Balcão,Pix,32.0
2026-03-25,Wednesday,0,7,75,Trabalhador,Cold Brew Especial,17.0,Torta de Limão Siciliano,16.0,Balcão,Pix,33.0
2026-03-25,Wednesday,0,18,220,Ocasional,Cappuccino Italiano,14.0,Cookie Artesanal,9.0,Balcão,Crédito,23.0
2026-03-25,Wednesday,0,16,15,Trabalhador,Espresso Premium,9.5,Quiche de Alho Poró,18.0,Delivery,Débito,27.5
2026-03-25,Wednesday,0,12,222,Fim de Semana,Espresso Premium,9.5,Croissant Francês,13.0,Delivery,Débito,22.5
2026-03-25,Wednesday,0,10,223,Fim de Semana,Latte Baunilha,16.0,Quiche de Alho Poró,18.0,Balcão,Débito,34.0
2026-03-25,Wednesday,0,13,145,Trabalhador,Cappuccino Italiano,14.0,Cookie Artesanal,9.0,Balcão,Crédito,23.0
2026-03-25,Wednesday,0,15,87,Trabalhador,Cappuccino Italiano,14.0,Quiche de Alho Poró,18.0,Balcão,Débito,32.0
2026-03-25,Wednesday,0,10,277,Trabalhador,Cappuccino Italiano,14.0,Torta de Limão Siciliano,16.0,Balcão,Débito,30.0
2026-03-25,Wednesday,0,17,53,Trabalhador,Cappuccino Italiano,14.0,Quiche de Alho Poró,18.0,Delivery,Crédito,32.0
2026-03-25,Wednesday,0,16,155,Fim de Semana,Latte Baunilha,16.0,Torta de Limão Siciliano,16.0,Delivery,Débito,32.0
2026-03-26,Thursday,0,18,88,Trabalhador,Espresso Premium,9.5,Torta de Limão Siciliano,16.0,Delivery,Crédito,25.5
2026-03-26,Thursday,0,10,282,Trabalhador,Chá Orgânico,12.0,Bolo Red Velvet,15.0,Delivery,Débito,27.0
2026-03-26,Thursday,0,16,157,Fim de Semana,Mocha Belga,18.0,Torta de Limão Siciliano,16.0,Delivery,Pix,34.0
2026-03-26,Thursday,0,16,204,Trabalhador,Mocha Belga,18.0,Torta de Limão Siciliano,16.0,Delivery,Pix,34.0
2026-03-26,Thursday,0,17,243,Fim de Semana,Latte Baunilha,16.0,Cookie Artesanal,9.0,Delivery,Crédito,25.0
2026-03-26,Thursday,0,11,163,Trabalhador,Latte Baunilha,16.0,Bolo Red Velvet,15.0,Balcão,Pix,31.0
2026-03-26,Thursday,0,20,286,Trabalhador,Cold Brew Especial,17.0,Cookie Artesanal,9.0,Balcão,Crédito,26.0
2026-03-26,Thursday,0,10,53,Ocasional,Latte Baunilha,16.0,Bolo Red Velvet,15.0,Delivery,Pix,31.0
2026-03-26,Thursday,0,9,160,Fim de Semana,Espresso Premium,9.5,Torta de Limão Siciliano,16.0,Delivery,Pix,25.5
2026-03-26,Thursday,0,10,60,Fim de Semana,Cappuccino Italiano,14.0,Sanduíche Caprese,19.0,Delivery,Pix,33.0
2026-03-26,Thursday,0,7,282,Fim de Semana,Espresso Premium,9.5,Torta de Limão Siciliano,16.0,Balcão,Crédito,25.5
2026-03-26,Thursday,0,16,37,Trabalhador,Cappuccino Italiano,14.0,Croissant Francês,13.0,Balcão,Débito,27.0
2026-03-26,Thursday,0,19,232,Fim de Semana,Espresso Premium,9.5,Torta de Limão Siciliano,16.0,Delivery,Débito,25.5
2026-03-26,Thursday,0,8,64,Ocasional,Latte Baunilha,16.0,Croissant Francês,13.0,Balcão,Crédito,29.0
2026-03-26,Thursday,0,9,295,Fim de Semana,Cold Brew Especial,17.0,Torta de Limão Siciliano,16.0,Delivery,Pix,33.0
2026-03-26,Thursday,0,14,151,Fim de Semana,Espresso Premium,9.5,Torta de Limão Siciliano,16.0,Balcão,Débito,25.5
2026-03-26,Thursday,0,18,37,Trabalhador,Cold Brew Especial,17.0,Sanduíche Caprese,19.0,Balcão,Débito,36.0
2026-03-26,Thursday,0,10,47,Ocasional,Chá Orgânico,12.0,Quiche de Alho Poró,18.0,Delivery,Débito,30.0
2026-03-26,Thursday,0,11,11,Trabalhador,Cold Brew Especial,17.0,Torta de Limão Siciliano,16.0,Delivery,Débito,33.0
2026-03-26,Thursday,0,8,16,Fim de Semana,Mocha Belga,18.0,Croissant Francês,13.0,Delivery,Débito,31.0
2026-03-26,Thursday,0,18,58,Ocasional,Latte Baunilha,16.0,Sanduíche Caprese,19.0,Delivery,Débito,35.0
2026-03-26,Thursday,0,7,283,Fim de Semana,Latte Baunilha,16.0,Torta de Limão Siciliano,16.0,Delivery,Pix,32.0
2026-03-26,Thursday,0,7,250,Fim de Semana,Mocha Belga,18.0,Cookie Artesanal,9.0,Balcão,Débito,27.0
2026-03-26,Thursday,0,11,46,Trabalhador,Chá Orgânico,12.0,Croissant Francês,13.0,Balcão,Crédito,25.0
2026-03-26,Thursday,0,8,90,Ocasional,Espresso Premium,9.5,Croissant Francês,13.0,Delivery,Pix,22.5
2026-03-26,Thursday,0,10,163,Fim de Semana,Cappuccino Italiano,14.0,Bolo Red Velvet,15.0,Delivery,Débito,29.0
2026-03-26,Thursday,0,17,252,Ocasional,Espresso Premium,9.5,Cookie Artesanal,9.0,Balcão,Pix,18.5
2026-03-26,Thursday,0,19,23,Fim de Semana,Chá Orgânico,12.0,Croissant Francês,13.0,Delivery,Débito,25.0
2026-03-26,Thursday,0,20,10,Fim de Semana,Espresso Premium,9.5,Cookie Artesanal,9.0,Balcão,Débito,18.5
2026-03-26,Thursday,0,10,151,Trabalhador,Cold Brew Especial,17.0,Sanduíche Caprese,19.0,Delivery,Crédito,36.0
2026-03-26,Thursday,0,17,10,Trabalhador,Mocha Belga,18.0,Cookie Artesanal,9.0,Delivery,Débito,27.0
2026-03-26,Thursday,0,13,153,Fim de Semana,Mocha Belga,18.0,Cookie Artesanal,9.0,Delivery,Débito,27.0
2026-03-26,Thursday,0,16,112,Trabalhador,Cold Brew Especial,17.0,Croissant Francês,13.0,Balcão,Débito,30.0
2026-03-26,Thursday,0,20,48,Ocasional,Chá Orgânico,12.0,Cookie Artesanal,9.0,Delivery,Débito,21.0
2026-03-26,Thursday,0,7,164,Trabalhador,Cappuccino Italiano,14.0,Bolo Red Velvet,15.0,Balcão,Crédito,29.0
2026-03-26,Thursday,0,20,290,Ocasional,Chá Orgânico,12.0,Quiche de Alho Poró,18.0,Balcão,Crédito,30.0
2026-03-26,Thursday,0,12,52,Trabalhador,Latte Baunilha,16.0,Bolo Red Velvet,15.0,Balcão,Débito,31.0
2026-03-26,Thursday,0,11,54,Trabalhador,Latte Baunilha,16.0,Bolo Red Velvet,15.0,Delivery,Crédito,31.0
2026-03-26,Thursday,0,7,21,Ocasional,Latte Baunilha,16.0,Bolo Red Velvet,15.0,Balcão,Pix,31.0
2026-03-26,Thursday,0,9,11,Fim de Semana,Mocha Belga,18.0,Torta de Limão Siciliano,16.0,Delivery,Crédito,34.0
2026-03-26,Thursday,0,15,95,Ocasional,Cold Brew Especial,17.0,Bolo Red Velvet,15.0,Balcão,Crédito,32.0
2026-03-26,Thursday,0,16,289,Fim de Semana,Chá Orgânico,12.0,Torta de Limão Siciliano,16.0,Delivery,Pix,28.0
2026-03-26,Thursday,0,15,75,Trabalhador,Latte Baunilha,16.0,Cookie Artesanal,9.0,Delivery,Débito,25.0
2026-03-26,Thursday,0,13,156,Fim de Semana,Chá Orgânico,12.0,Cookie Artesanal,9.0,Balcão,Débito,21.0
2026-03-26,Thursday,0,20,99,Ocasional,Cappuccino Italiano,14.0,Croissant Francês,13.0,Delivery,Crédito,27.0
2026-03-26,Thursday,0,8,141,Ocasional,Espresso Premium,9.5,Croissant Francês,13.0,Delivery,Pix,22.5
2026-03-26,Thursday,0,16,190,Ocasional,Chá Orgânico,12.0,Sanduíche Caprese,19.0,Delivery,Pix,31.0
2026-03-26,Thursday,0,11,93,Fim de Semana,Cappuccino Italiano,14.0,Bolo Red Velvet,15.0,Delivery,Pix,29.0
2026-03-26,Thursday,0,8,20,Trabalhador,Chá Orgânico,12.0,Quiche de Alho Poró,18.0,Delivery,Pix,30.0
2026-03-26,Thursday,0,10,111,Ocasional,Espresso Premium,9.5,Torta de Limão Siciliano,16.0,Delivery,Débito,25.5
2026-03-26,Thursday,0,9,25,Ocasional,Cappuccino Italiano,14.0,Bolo Red Velvet,15.0,Delivery,Crédito,29.0
2026-03-26,Thursday,0,13,83,Trabalhador,Latte Baunilha,16.0,Quiche de Alho Poró,18.0,Balcão,Débito,34.0
2026-03-26,Thursday,0,13,176,Trabalhador,Espresso Premium,9.5,Quiche de Alho Poró,18.0,Balcão,Pix,27.5
2026-03-26,Thursday,0,9,263,Fim de Semana,Mocha Belga,18.0,Torta de Limão Siciliano,16.0,Balcão,Pix,34.0
2026-03-26,Thursday,0,20,45,Fim de Semana,Mocha Belga,18.0,Quiche de Alho Poró,18.0,Delivery,Crédito,36.0
2026-03-26,Thursday,0,18,69,Fim de Semana,Cappuccino Italiano,14.0,Quiche de Alho Poró,18.0,Balcão,Pix,32.0
2026-03-26,Thursday,0,17,123,Ocasional,Chá Orgânico,12.0,Cookie Artesanal,9.0,Balcão,Crédito,21.0
2026-03-26,Thursday,0,9,100,Trabalhador,Cold Brew Especial,17.0,Bolo Red Velvet,15.0,Delivery,Débito,32.0
2026-03-26,Thursday,0,17,24,Trabalhador,Chá Orgânico,12.0,Torta de Limão Siciliano,16.0,Delivery,Pix,28.0
2026-03-26,Thursday,0,13,149,Trabalhador,Espresso Premium,9.5,Sanduíche Caprese,19.0,Delivery,Pix,28.5
2026-03-26,Thursday,0,12,194,Fim de Semana,Latte Baunilha,16.0,Bolo Red Velvet,15.0,Balcão,Crédito,31.0
2026-03-26,Thursday,0,10,223,Trabalhador,Latte Baunilha,16.0,Quiche de Alho Poró,18.0,Balcão,Débito,34.0
2026-03-26,Thursday,0,17,248,Trabalhador,Chá Orgânico,12.0,Bolo Red Velvet,15.0,Delivery,Débito,27.0
2026-03-26,Thursday,0,11,29,Fim de Semana,Mocha Belga,18.0,Sanduíche Caprese,19.0,Delivery,Pix,37.0
2026-03-26,Thursday,0,16,78,Trabalhador,Chá Orgânico,12.0,Croissant Francês,13.0,Balcão,Crédito,25.0
2026-03-26,Thursday,0,16,124,Ocasional,Cappuccino Italiano,14.0,Bolo Red Velvet,15.0,Balcão,Pix,29.0
2026-03-26,Thursday,0,13,143,Ocasional,Latte Baunilha,16.0,Torta de Limão Siciliano,16.0,Balcão,Crédito,32.0
2026-03-26,Thursday,0,11,198,Fim de Semana,Mocha Belga,18.0,Cookie Artesanal,9.0,Delivery,Crédito,27.0
2026-03-26,Thursday,0,7,285,Trabalhador,Cold Brew Especial,17.0,Quiche de Alho Poró,18.0,Balcão,Débito,35.0
2026-03-26,Thursday,0,10,15,Fim de Semana,Latte Baunilha,16.0,Cookie Artesanal,9.0,Balcão,Crédito,25.0
2026-03-26,Thursday,0,15,249,Fim de Semana,Latte Baunilha,16.0,Sanduíche Caprese,19.0,Delivery,Pix,35.0
2026-03-26,Thursday,0,12,104,Ocasional,Latte Baunilha,16.0,Quiche de Alho Poró,18.0,Balcão,Crédito,34.0
2026-03-26,Thursday,0,9,192,Fim de Semana,Mocha Belga,18.0,Quiche de Alho Poró,18.0,Balcão,Pix,36.0
2026-03-26,Thursday,0,19,35,Ocasional,Mocha Belga,18.0,Bolo Red Velvet,15.0,Balcão,Crédito,33.0
2026-03-27,Friday,0,9,253,Fim de Semana,Mocha Belga,18.0,Sanduíche Caprese,19.0,Delivery,Pix,37.0
2026-03-27,Friday,0,19,140,Ocasional,Chá Orgânico,12.0,Quiche de Alho Poró,18.0,Delivery,Débito,30.0
2026-03-27,Friday,0,17,31,Trabalhador,Mocha Belga,18.0,Cookie Artesanal,9.0,Balcão,Crédito,27.0
2026-03-27,Friday,0,14,244,Fim de Semana,Mocha Belga,18.0,Torta de Limão Siciliano,16.0,Balcão,Crédito,34.0
2026-03-27,Friday,0,20,234,Ocasional,Cold Brew Especial,17.0,Cookie Artesanal,9.0,Delivery,Pix,26.0
2026-03-27,Friday,0,20,165,Ocasional,Mocha Belga,18.0,Torta de Limão Siciliano,16.0,Balcão,Crédito,34.0
2026-03-27,Friday,0,9,65,Ocasional,Latte Baunilha,16.0,Bolo Red Velvet,15.0,Delivery,Pix,31.0
2026-03-27,Friday,0,11,79,Trabalhador,Cold Brew Especial,17.0,Bolo Red Velvet,15.0,Balcão,Débito,32.0
2026-03-27,Friday,0,16,124,Ocasional,Cappuccino Italiano,14.0,Torta de Limão Siciliano,16.0,Balcão,Débito,30.0
2026-03-27,Friday,0,16,35,Ocasional,Cappuccino Italiano,14.0,Sanduíche Caprese,19.0,Balcão,Crédito,33.0
2026-03-27,Friday,0,17,86,Ocasional,Cold Brew Especial,17.0,Sanduíche Caprese,19.0,Delivery,Crédito,36.0
2026-03-27,Friday,0,10,250,Fim de Semana,Mocha Belga,18.0,Quiche de Alho Poró,18.0,Balcão,Crédito,36.0
2026-03-27,Friday,0,12,271,Fim de Semana,Espresso Premium,9.5,Croissant Francês,13.0,Delivery,Crédito,22.5
2026-03-27,Friday,0,20,124,Ocasional,Chá Orgânico,12.0,Bolo Red Velvet,15.0,Delivery,Pix,27.0
2026-03-27,Friday,0,17,201,Ocasional,Espresso Premium,9.5,Bolo Red Velvet,15.0,Delivery,Crédito,24.5
2026-03-27,Friday,0,20,150,Ocasional,Mocha Belga,18.0,Bolo Red Velvet,15.0,Balcão,Pix,33.0
2026-03-27,Friday,0,19,207,Ocasional,Chá Orgânico,12.0,Cookie Artesanal,9.0,Balcão,Pix,21.0
2026-03-27,Friday,0,20,62,Ocasional,Mocha Belga,18.0,Bolo Red Velvet,15.0,Balcão,Crédito,33.0
2026-03-27,Friday,0,15,186,Fim de Semana,Cold Brew Especial,17.0,Torta de Limão Siciliano,16.0,Delivery,Crédito,33.0
2026-03-27,Friday,0,13,214,Fim de Semana,Cappuccino Italiano,14.0,Croissant Francês,13.0,Balcão,Crédito,27.0
2026-03-27,Friday,0,19,3,Trabalhador,Chá Orgânico,12.0,Sanduíche Caprese,19.0,Delivery,Pix,31.0
2026-03-27,Friday,0,17,39,Fim de Semana,Espresso Premium,9.5,Torta de Limão Siciliano,16.0,Balcão,Crédito,25.5
2026-03-27,Friday,0,13,5,Ocasional,Espresso Premium,9.5,Quiche de Alho Poró,18.0,Balcão,Pix,27.5
2026-03-27,Friday,0,19,67,Fim de Semana,Mocha Belga,18.0,Bolo Red Velvet,15.0,Delivery,Débito,33.0
2026-03-27,Friday,0,12,121,Fim de Semana,Latte Baunilha,16.0,Croissant Francês,13.0,Balcão,Pix,29.0
2026-03-27,Friday,0,7,242,Fim de Semana,Mocha Belga,18.0,Bolo Red Velvet,15.0,Delivery,Pix,33.0
2026-03-27,Friday,0,20,183,Trabalhador,Cold Brew Especial,17.0,Cookie Artesanal,9.0,Delivery,Pix,26.0
2026-03-27,Friday,0,14,11,Ocasional,Cold Brew Especial,17.0,Sanduíche Caprese,19.0,Balcão,Pix,36.0
2026-03-27,Friday,0,17,187,Fim de Semana,Cold Brew Especial,17.0,Sanduíche Caprese,19.0,Balcão,Débito,36.0
2026-03-27,Friday,0,14,284,Trabalhador,Mocha Belga,18.0,Quiche de Alho Poró,18.0,Delivery,Crédito,36.0
2026-03-27,Friday,0,12,289,Trabalhador,Mocha Belga,18.0,Quiche de Alho Poró,18.0,Balcão,Pix,36.0
2026-03-27,Friday,0,12,22,Trabalhador,Cappuccino Italiano,14.0,Quiche de Alho Poró,18.0,Delivery,Pix,32.0
2026-03-27,Friday,0,13,100,Trabalhador,Mocha Belga,18.0,Croissant Francês,13.0,Balcão,Crédito,31.0
2026-03-27,Friday,0,10,135,Fim de Semana,Latte Baunilha,16.0,Croissant Francês,13.0,Balcão,Crédito,29.0
2026-03-27,Friday,0,8,211,Trabalhador,Chá Orgânico,12.0,Sanduíche Caprese,19.0,Delivery,Débito,31.0
2026-03-27,Friday,0,10,56,Trabalhador,Espresso Premium,9.5,Quiche de Alho Poró,18.0,Delivery,Débito,27.5
2026-03-27,Friday,0,14,161,Trabalhador,Cappuccino Italiano,14.0,Bolo Red Velvet,15.0,Delivery,Pix,29.0
2026-03-27,Friday,0,15,37,Ocasional,Espresso Premium,9.5,Cookie Artesanal,9.0,Balcão,Crédito,18.5
2026-03-27,Friday,0,8,162,Trabalhador,Cold Brew Especial,17.0,Quiche de Alho Poró,18.0,Delivery,Débito,35.0
2026-03-27,Friday,0,9,87,Ocasional,Chá Orgânico,12.0,Quiche de Alho Poró,18.0,Delivery,Crédito,30.0
2026-03-27,Friday,0,9,276,Fim de Semana,Cold Brew Especial,17.0,Quiche de Alho Poró,18.0,Balcão,Débito,35.0
2026-03-27,Friday,0,7,52,Ocasional,Espresso Premium,9.5,Quiche de Alho Poró,18.0,Delivery,Débito,27.5
2026-03-27,Friday,0,14,143,Ocasional,Cappuccino Italiano,14.0,Bolo Red Velvet,15.0,Balcão,Débito,29.0
2026-03-27,Friday,0,9,45,Trabalhador,Mocha Belga,18.0,Sanduíche Caprese,19.0,Delivery,Pix,37.0
2026-03-27,Friday,0,18,275,Ocasional,Cold Brew Especial,17.0,Quiche de Alho Poró,18.0,Balcão,Débito,35.0
2026-03-27,Friday,0,11,148,Fim de Semana,Cappuccino Italiano,14.0,Cookie Artesanal,9.0,Delivery,Débito,23.0
2026-03-27,Friday,0,20,65,Ocasional,Mocha Belga,18.0,Sanduíche Caprese,19.0,Balcão,Crédito,37.0
2026-03-27,Friday,0,20,154,Ocasional,Cappuccino Italiano,14.0,Quiche de Alho Poró,18.0,Balcão,Débito,32.0
2026-03-27,Friday,0,18,299,Fim de Semana,Latte Baunilha,16.0,Croissant Francês,13.0,Balcão,Débito,29.0
2026-03-27,Friday,0,19,209,Fim de Semana,Mocha Belga,18.0,Croissant Francês,13.0,Delivery,Crédito,31.0
2026-03-27,Friday,0,20,33,Trabalhador,Chá Orgânico,12.0,Sanduíche Caprese,19.0,Delivery,Pix,31.0
2026-03-27,Friday,0,14,73,Fim de Semana,Chá Orgânico,12.0,Croissant Francês,13.0,Balcão,Crédito,25.0
2026-03-27,Friday,0,15,83,Fim de Semana,Mocha Belga,18.0,Sanduíche Caprese,19.0,Delivery,Crédito,37.0
2026-03-27,Friday,0,17,267,Fim de Semana,Cold Brew Especial,17.0,Quiche de Alho Poró,18.0,Balcão,Crédito,35.0
2026-03-27,Friday,0,11,191,Trabalhador,Cold Brew Especial,17.0,Quiche de Alho Poró,18.0,Delivery,Crédito,35.0
2026-03-27,Friday,0,18,91,Fim de Semana,Espresso Premium,9.5,Torta de Limão Siciliano,16.0,Delivery,Débito,25.5
2026-03-27,Friday,0,10,181,Fim de Semana,Cold Brew Especial,17.0,Cookie Artesanal,9.0,Delivery,Pix,26.0
2026-03-27,Friday,0,19,102,Fim de Semana,Chá Orgânico,12.0,Quiche de Alho Poró,18.0,Balcão,Crédito,30.0
2026-03-27,Friday,0,14,58,Fim de Semana,Chá Orgânico,12.0,Cookie Artesanal,9.0,Balcão,Débito,21.0
2026-03-27,Friday,0,18,93,Trabalhador,Espresso Premium,9.5,Bolo Red Velvet,15.0,Delivery,Pix,24.5
2026-03-27,Friday,0,18,13,Fim de Semana,Cold Brew Especial,17.0,Croissant Francês,13.0,Delivery,Débito,30.0
2026-03-27,Friday,0,14,169,Fim de Semana,Chá Orgânico,12.0,Sanduíche Caprese,19.0,Delivery,Débito,31.0
2026-03-27,Friday,0,16,131,Fim de Semana,Chá Orgânico,12.0,Bolo Red Velvet,15.0,Balcão,Débito,27.0
2026-03-27,Friday,0,9,5,Fim de Semana,Chá Orgânico,12.0,Quiche de Alho Poró,18.0,Delivery,Débito,30.0
2026-03-27,Friday,0,19,139,Fim de Semana,Latte Baunilha,16.0,Cookie Artesanal,9.0,Delivery,Pix,25.0
2026-03-27,Friday,0,20,294,Fim de Semana,Latte Baunilha,16.0,Cookie Artesanal,9.0,Delivery,Débito,25.0
2026-03-27,Friday,0,10,300,Fim de Semana,Latte Baunilha,16.0,Torta de Limão Siciliano,16.0,Balcão,Débito,32.0
2026-03-27,Friday,0,9,242,Trabalhador,Mocha Belga,18.0,Quiche de Alho Poró,18.0,Balcão,Pix,36.0
2026-03-27,Friday,0,10,250,Fim de Semana,Espresso Premium,9.5,Sanduíche Caprese,19.0,Delivery,Pix,28.5
2026-03-27,Friday,0,14,206,Trabalhador,Espresso Premium,9.5,Sanduíche Caprese,19.0,Balcão,Pix,28.5
2026-03-27,Friday,0,10,68,Trabalhador,Mocha Belga,18.0,Sanduíche Caprese,19.0,Delivery,Pix,37.0
2026-03-27,Friday,0,15,7,Trabalhador,Cold Brew Especial,17.0,Cookie Artesanal,9.0,Balcão,Crédito,26.0
2026-03-27,Friday,0,7,199,Trabalhador,Cold Brew Especial,17.0,Sanduíche Caprese,19.0,Delivery,Débito,36.0
2026-03-27,Friday,0,14,77,Fim de Semana,Cold Brew Especial,17.0,Sanduíche Caprese,19.0,Delivery,Crédito,36.0
2026-03-27,Friday,0,18,53,Ocasional,Mocha Belga,18.0,Croissant Francês,13.0,Delivery,Crédito,31.0
2026-03-28,Saturday,1,9,204,Ocasional,Chá Orgânico,12.0,Quiche de Alho Poró,18.0,Balcão,Débito,30.0
2026-03-28,Saturday,1,19,76,Fim de Semana,Cold Brew Especial,17.0,Cookie Artesanal,9.0,Delivery,Pix,26.0
2026-03-28,Saturday,1,15,248,Ocasional,Cappuccino Italiano,14.0,Croissant Francês,13.0,Delivery,Pix,27.0
2026-03-28,Saturday,1,10,37,Fim de Semana,Cold Brew Especial,17.0,Bolo Red Velvet,15.0,Delivery,Pix,32.0
2026-03-28,Saturday,1,8,231,Fim de Semana,Espresso Premium,9.5,Cookie Artesanal,9.0,Balcão,Débito,18.5
2026-03-28,Saturday,1,11,284,Ocasional,Cappuccino Italiano,14.0,Sanduíche Caprese,19.0,Delivery,Débito,33.0
2026-03-28,Saturday,1,7,55,Ocasional,Mocha Belga,18.0,Sanduíche Caprese,19.0,Balcão,Pix,37.0
2026-03-28,Saturday,1,8,12,Trabalhador,Cold Brew Especial,17.0,Torta de Limão Siciliano,16.0,Balcão,Crédito,33.0
2026-03-28,Saturday,1,15,37,Fim de Semana,Espresso Premium,9.5,Croissant Francês,13.0,Delivery,Pix,22.5
2026-03-28,Saturday,1,17,113,Ocasional,Cappuccino Italiano,14.0,Cookie Artesanal,9.0,Delivery,Crédito,23.0
2026-03-28,Saturday,1,18,157,Fim de Semana,Mocha Belga,18.0,Sanduíche Caprese,19.0,Balcão,Débito,37.0
2026-03-28,Saturday,1,7,250,Ocasional,Cappuccino Italiano,14.0,Cookie Artesanal,9.0,Balcão,Crédito,23.0
2026-03-28,Saturday,1,11,216,Ocasional,Cold Brew Especial,17.0,Torta de Limão Siciliano,16.0,Balcão,Pix,33.0
2026-03-28,Saturday,1,7,72,Fim de Semana,Cappuccino Italiano,14.0,Quiche de Alho Poró,18.0,Balcão,Pix,32.0
2026-03-28,Saturday,1,12,154,Ocasional,Cappuccino Italiano,14.0,Croissant Francês,13.0,Delivery,Pix,27.0
2026-03-28,Saturday,1,16,249,Ocasional,Cappuccino Italiano,14.0,Sanduíche Caprese,19.0,Delivery,Crédito,33.0
2026-03-28,Saturday,1,13,244,Trabalhador,Mocha Belga,18.0,Bolo Red Velvet,15.0,Delivery,Débito,33.0
2026-03-28,Saturday,1,8,108,Fim de Semana,Latte Baunilha,16.0,Croissant Francês,13.0,Delivery,Débito,29.0
2026-03-28,Saturday,1,14,225,Trabalhador,Espresso Premium,9.5,Cookie Artesanal,9.0,Balcão,Crédito,18.5
2026-03-28,Saturday,1,8,299,Trabalhador,Cold Brew Especial,17.0,Quiche de Alho Poró,18.0,Balcão,Pix,35.0
2026-03-28,Saturday,1,13,204,Ocasional,Cappuccino Italiano,14.0,Quiche de Alho Poró,18.0,Balcão,Débito,32.0
2026-03-28,Saturday,1,19,7,Trabalhador,Espresso Premium,9.5,Torta de Limão Siciliano,16.0,Balcão,Débito,25.5
2026-03-28,Saturday,1,9,228,Ocasional,Espresso Premium,9.5,Croissant Francês,13.0,Delivery,Crédito,22.5
2026-03-28,Saturday,1,17,289,Trabalhador,Cappuccino Italiano,14.0,Torta de Limão Siciliano,16.0,Delivery,Débito,30.0
2026-03-28,Saturday,1,19,197,Fim de Semana,Latte Baunilha,16.0,Quiche de Alho Poró,18.0,Delivery,Crédito,34.0
2026-03-28,Saturday,1,16,235,Fim de Semana,Cold Brew Especial,17.0,Croissant Francês,13.0,Delivery,Débito,30.0
2026-03-28,Saturday,1,7,135,Trabalhador,Cappuccino Italiano,14.0,Bolo Red Velvet,15.0,Balcão,Débito,29.0
2026-03-28,Saturday,1,19,257,Fim de Semana,Mocha Belga,18.0,Croissant Francês,13.0,Delivery,Crédito,31.0
2026-03-28,Saturday,1,9,69,Fim de Semana,Espresso Premium,9.5,Torta de Limão Siciliano,16.0,Delivery,Crédito,25.5
2026-03-28,Saturday,1,12,71,Fim de Semana,Latte Baunilha,16.0,Cookie Artesanal,9.0,Balcão,Crédito,25.0
2026-03-28,Saturday,1,8,133,Fim de Semana,Latte Baunilha,16.0,Torta de Limão Siciliano,16.0,Balcão,Crédito,32.0
2026-03-28,Saturday,1,17,270,Trabalhador,Mocha Belga,18.0,Quiche de Alho Poró,18.0,Delivery,Pix,36.0
2026-03-28,Saturday,1,17,82,Ocasional,Cold Brew Especial,17.0,Torta de Limão Siciliano,16.0,Delivery,Crédito,33.0
2026-03-28,Saturday,1,8,92,Trabalhador,Mocha Belga,18.0,Bolo Red Velvet,15.0,Balcão,Pix,33.0
2026-03-28,Saturday,1,12,29,Ocasional,Latte Baunilha,16.0,Cookie Artesanal,9.0,Delivery,Crédito,25.0
2026-03-28,Saturday,1,17,269,Fim de Semana,Cappuccino Italiano,14.0,Torta de Limão Siciliano,16.0,Balcão,Crédito,30.0
2026-03-28,Saturday,1,13,44,Trabalhador,Espresso Premium,9.5,Torta de Limão Siciliano,16.0,Balcão,Crédito,25.5
2026-03-28,Saturday,1,10,40,Fim de Semana,Chá Orgânico,12.0,Quiche de Alho Poró,18.0,Balcão,Pix,30.0
2026-03-28,Saturday,1,17,108,Fim de Semana,Latte Baunilha,16.0,Cookie Artesanal,9.0,Delivery,Débito,25.0
2026-03-28,Saturday,1,16,37,Fim de Semana,Espresso Premium,9.5,Bolo Red Velvet,15.0,Delivery,Pix,24.5
2026-03-28,Saturday,1,19,119,Trabalhador,Cappuccino Italiano,14.0,Torta de Limão Siciliano,16.0,Balcão,Débito,30.0
2026-03-28,Saturday,1,15,133,Trabalhador,Cappuccino Italiano,14.0,Cookie Artesanal,9.0,Balcão,Pix,23.0
2026-03-28,Saturday,1,10,196,Trabalhador,Latte Baunilha,16.0,Torta de Limão Siciliano,16.0,Delivery,Débito,32.0
2026-03-28,Saturday,1,17,184,Ocasional,Latte Baunilha,16.0,Sanduíche Caprese,19.0,Delivery,Pix,35.0
2026-03-28,Saturday,1,20,220,Trabalhador,Latte Baunilha,16.0,Torta de Limão Siciliano,16.0,Balcão,Débito,32.0
2026-03-28,Saturday,1,7,252,Trabalhador,Mocha Belga,18.0,Bolo Red Velvet,15.0,Balcão,Débito,33.0
2026-03-28,Saturday,1,13,240,Fim de Semana,Cold Brew Especial,17.0,Cookie Artesanal,9.0,Balcão,Débito,26.0
2026-03-28,Saturday,1,7,144,Trabalhador,Latte Baunilha,16.0,Quiche de Alho Poró,18.0,Balcão,Pix,34.0
2026-03-28,Saturday,1,18,26,Ocasional,Cappuccino Italiano,14.0,Cookie Artesanal,9.0,Delivery,Débito,23.0
2026-03-28,Saturday,1,13,109,Trabalhador,Cold Brew Especial,17.0,Bolo Red Velvet,15.0,Balcão,Pix,32.0
2026-03-28,Saturday,1,14,221,Ocasional,Chá Orgânico,12.0,Quiche de Alho Poró,18.0,Delivery,Crédito,30.0
2026-03-28,Saturday,1,15,34,Ocasional,Cold Brew Especial,17.0,Quiche de Alho Poró,18.0,Delivery,Pix,35.0
2026-03-28,Saturday,1,10,173,Trabalhador,Chá Orgânico,12.0,Bolo Red Velvet,15.0,Balcão,Crédito,27.0
2026-03-28,Saturday,1,20,83,Ocasional,Mocha Belga,18.0,Sanduíche Caprese,19.0,Delivery,Crédito,37.0
2026-03-28,Saturday,1,7,244,Fim de Semana,Cappuccino Italiano,14.0,Bolo Red Velvet,15.0,Delivery,Débito,29.0
2026-03-28,Saturday,1,19,97,Fim de Semana,Espresso Premium,9.5,Sanduíche Caprese,19.0,Delivery,Débito,28.5
2026-03-28,Saturday,1,13,87,Ocasional,Mocha Belga,18.0,Sanduíche Caprese,19.0,Delivery,Crédito,37.0
2026-03-28,Saturday,1,10,167,Fim de Semana,Cappuccino Italiano,14.0,Torta de Limão Siciliano,16.0,Delivery,Débito,30.0
2026-03-28,Saturday,1,9,182,Fim de Semana,Chá Orgânico,12.0,Sanduíche Caprese,19.0,Balcão,Pix,31.0
2026-03-28,Saturday,1,14,95,Ocasional,Latte Baunilha,16.0,Bolo Red Velvet,15.0,Delivery,Pix,31.0
2026-03-28,Saturday,1,9,243,Ocasional,Espresso Premium,9.5,Sanduíche Caprese,19.0,Delivery,Débito,28.5
2026-03-28,Saturday,1,16,186,Trabalhador,Latte Baunilha,16.0,Bolo Red Velvet,15.0,Balcão,Débito,31.0
2026-03-28,Saturday,1,18,42,Ocasional,Cold Brew Especial,17.0,Quiche de Alho Poró,18.0,Balcão,Débito,35.0
2026-03-28,Saturday,1,7,289,Fim de Semana,Cappuccino Italiano,14.0,Croissant Francês,13.0,Balcão,Crédito,27.0
2026-03-28,Saturday,1,13,107,Ocasional,Mocha Belga,18.0,Quiche de Alho Poró,18.0,Balcão,Pix,36.0
2026-03-28,Saturday,1,7,205,Ocasional,Espresso Premium,9.5,Croissant Francês,13.0,Balcão,Crédito,22.5
2026-03-28,Saturday,1,17,138,Ocasional,Latte Baunilha,16.0,Cookie Artesanal,9.0,Balcão,Crédito,25.0
2026-03-28,Saturday,1,11,269,Trabalhador,Espresso Premium,9.5,Cookie Artesanal,9.0,Balcão,Débito,18.5
2026-03-28,Saturday,1,8,145,Trabalhador,Mocha Belga,18.0,Cookie Artesanal,9.0,Delivery,Crédito,27.0
2026-03-28,Saturday,1,10,257,Ocasional,Chá Orgânico,12.0,Croissant Francês,13.0,Balcão,Pix,25.0
2026-03-28,Saturday,1,15,110,Ocasional,Latte Baunilha,16.0,Sanduíche Caprese,19.0,Balcão,Pix,35.0
2026-03-28,Saturday,1,8,157,Ocasional,Espresso Premium,9.5,Torta de Limão Siciliano,16.0,Delivery,Crédito,25.5
2026-03-28,Saturday,1,11,208,Fim de Semana,Espresso Premium,9.5,Cookie Artesanal,9.0,Balcão,Débito,18.5
2026-03-28,Saturday,1,12,90,Trabalhador,Chá Orgânico,12.0,Cookie Artesanal,9.0,Balcão,Crédito,21.0
2026-03-28,Saturday,1,18,85,Fim de Semana,Chá Orgânico,12.0,Quiche de Alho Poró,18.0,Balcão,Débito,30.0
2026-03-28,Saturday,1,15,265,Trabalhador,Espresso Premium,9.5,Cookie Artesanal,9.0,Delivery,Crédito,18.5
2026-03-28,Saturday,1,11,20,Fim de Semana,Espresso Premium,9.5,Sanduíche Caprese,19.0,Balcão,Pix,28.5
2026-03-28,Saturday,1,18,172,Ocasional,Cold Brew Especial,17.0,Quiche de Alho Poró,18.0,Balcão,Crédito,35.0
2026-03-28,Saturday,1,14,197,Fim de Semana,Cappuccino Italiano,14.0,Bolo Red Velvet,15.0,Balcão,Pix,29.0
2026-03-28,Saturday,1,8,189,Fim de Semana,Cappuccino Italiano,14.0,Bolo Red Velvet,15.0,Balcão,Crédito,29.0
2026-03-28,Saturday,1,7,295,Ocasional,Cappuccino Italiano,14.0,Cookie Artesanal,9.0,Delivery,Crédito,23.0
2026-03-28,Saturday,1,9,174,Trabalhador,Cold Brew Especial,17.0,Torta de Limão Siciliano,16.0,Delivery,Crédito,33.0
2026-03-28,Saturday,1,15,107,Trabalhador,Cold Brew Especial,17.0,Croissant Francês,13.0,Balcão,Pix,30.0
2026-03-28,Saturday,1,19,20,Ocasional,Cold Brew Especial,17.0,Torta de Limão Siciliano,16.0,Delivery,Crédito,33.0
2026-03-28,Saturday,1,7,157,Trabalhador,Cappuccino Italiano,14.0,Cookie Artesanal,9.0,Balcão,Pix,23.0
2026-03-28,Saturday,1,16,111,Ocasional,Cappuccino Italiano,14.0,Quiche de Alho Poró,18.0,Balcão,Crédito,32.0
2026-03-29,Sunday,1,17,147,Trabalhador,Espresso Premium,9.5,Quiche de Alho Poró,18.0,Balcão,Débito,27.5
2026-03-29,Sunday,1,12,191,Ocasional,Cappuccino Italiano,14.0,Quiche de Alho Poró,18.0,Delivery,Débito,32.0
2026-03-29,Sunday,1,14,51,Ocasional,Latte Baunilha,16.0,Quiche de Alho Poró,18.0,Delivery,Débito,34.0
2026-03-29,Sunday,1,18,286,Trabalhador,Cold Brew Especial,17.0,Bolo Red Velvet,15.0,Delivery,Crédito,32.0
2026-03-29,Sunday,1,12,176,Trabalhador,Cold Brew Especial,17.0,Cookie Artesanal,9.0,Delivery,Débito,26.0
2026-03-29,Sunday,1,17,300,Ocasional,Chá Orgânico,12.0,Cookie Artesanal,9.0,Delivery,Débito,21.0
2026-03-29,Sunday,1,11,87,Fim de Semana,Latte Baunilha,16.0,Bolo Red Velvet,15.0,Delivery,Crédito,31.0
2026-03-29,Sunday,1,9,288,Trabalhador,Espresso Premium,9.5,Sanduíche Caprese,19.0,Delivery,Crédito,28.5
2026-03-29,Sunday,1,7,277,Ocasional,Mocha Belga,18.0,Croissant Francês,13.0,Delivery,Crédito,31.0
2026-03-29,Sunday,1,7,185,Ocasional,Espresso Premium,9.5,Croissant Francês,13.0,Balcão,Crédito,22.5
2026-03-29,Sunday,1,19,32,Trabalhador,Cold Brew Especial,17.0,Quiche de Alho Poró,18.0,Delivery,Pix,35.0
2026-03-29,Sunday,1,15,135,Trabalhador,Cappuccino Italiano,14.0,Sanduíche Caprese,19.0,Delivery,Pix,33.0
2026-03-29,Sunday,1,12,52,Ocasional,Latte Baunilha,16.0,Cookie Artesanal,9.0,Balcão,Crédito,25.0
2026-03-29,Sunday,1,18,71,Ocasional,Chá Orgânico,12.0,Croissant Francês,13.0,Delivery,Débito,25.0
2026-03-29,Sunday,1,7,101,Ocasional,Chá Orgânico,12.0,Croissant Francês,13.0,Balcão,Pix,25.0
2026-03-29,Sunday,1,13,256,Fim de Semana,Espresso Premium,9.5,Cookie Artesanal,9.0,Delivery,Débito,18.5
2026-03-29,Sunday,1,17,242,Ocasional,Chá Orgânico,12.0,Cookie Artesanal,9.0,Delivery,Débito,21.0
2026-03-29,Sunday,1,16,17,Fim de Semana,Espresso Premium,9.5,Croissant Francês,13.0,Delivery,Débito,22.5
2026-03-29,Sunday,1,20,258,Fim de Semana,Cappuccino Italiano,14.0,Quiche de Alho Poró,18.0,Balcão,Crédito,32.0
2026-03-29,Sunday,1,8,232,Trabalhador,Cappuccino Italiano,14.0,Torta de Limão Siciliano,16.0,Delivery,Débito,30.0
2026-03-29,Sunday,1,13,152,Trabalhador,Chá Orgânico,12.0,Bolo Red Velvet,15.0,Delivery,Crédito,27.0
2026-03-29,Sunday,1,14,247,Trabalhador,Mocha Belga,18.0,Bolo Red Velvet,15.0,Delivery,Débito,33.0
2026-03-29,Sunday,1,9,81,Fim de Semana,Chá Orgânico,12.0,Cookie Artesanal,9.0,Delivery,Débito,21.0
2026-03-29,Sunday,1,20,101,Trabalhador,Cold Brew Especial,17.0,Croissant Francês,13.0,Delivery,Crédito,30.0
2026-03-29,Sunday,1,20,263,Ocasional,Mocha Belga,18.0,Cookie Artesanal,9.0,Delivery,Pix,27.0
2026-03-29,Sunday,1,15,205,Ocasional,Cappuccino Italiano,14.0,Croissant Francês,13.0,Delivery,Débito,27.0
2026-03-29,Sunday,1,12,231,Ocasional,Latte Baunilha,16.0,Quiche de Alho Poró,18.0,Balcão,Crédito,34.0
2026-03-29,Sunday,1,14,279,Fim de Semana,Cappuccino Italiano,14.0,Croissant Francês,13.0,Balcão,Pix,27.0
2026-03-29,Sunday,1,12,275,Fim de Semana,Chá Orgânico,12.0,Torta de Limão Siciliano,16.0,Balcão,Débito,28.0
2026-03-29,Sunday,1,9,68,Fim de Semana,Mocha Belga,18.0,Bolo Red Velvet,15.0,Balcão,Débito,33.0
2026-03-29,Sunday,1,15,241,Ocasional,Latte Baunilha,16.0,Sanduíche Caprese,19.0,Balcão,Débito,35.0
2026-03-29,Sunday,1,20,11,Ocasional,Cold Brew Especial,17.0,Torta de Limão Siciliano,16.0,Delivery,Débito,33.0
2026-03-29,Sunday,1,15,60,Fim de Semana,Cappuccino Italiano,14.0,Quiche de Alho Poró,18.0,Delivery,Crédito,32.0
2026-03-29,Sunday,1,9,162,Fim de Semana,Cold Brew Especial,17.0,Quiche de Alho Poró,18.0,Balcão,Crédito,35.0
2026-03-29,Sunday,1,11,191,Trabalhador,Cappuccino Italiano,14.0,Cookie Artesanal,9.0,Balcão,Crédito,23.0
2026-03-29,Sunday,1,19,193,Fim de Semana,Cappuccino Italiano,14.0,Bolo Red Velvet,15.0,Delivery,Crédito,29.0
2026-03-29,Sunday,1,11,298,Fim de Semana,Espresso Premium,9.5,Quiche de Alho Poró,18.0,Balcão,Pix,27.5
2026-03-29,Sunday,1,11,14,Trabalhador,Cold Brew Especial,17.0,Cookie Artesanal,9.0,Delivery,Pix,26.0
2026-03-29,Sunday,1,17,63,Fim de Semana,Latte Baunilha,16.0,Quiche de Alho Poró,18.0,Balcão,Crédito,34.0
2026-03-29,Sunday,1,20,206,Ocasional,Chá Orgânico,12.0,Cookie Artesanal,9.0,Balcão,Débito,21.0
2026-03-29,Sunday,1,7,100,Ocasional,Chá Orgânico,12.0,Sanduíche Caprese,19.0,Delivery,Pix,31.0
2026-03-29,Sunday,1,20,218,Trabalhador,Mocha Belga,18.0,Sanduíche Caprese,19.0,Balcão,Crédito,37.0
2026-03-29,Sunday,1,7,96,Trabalhador,Cappuccino Italiano,14.0,Sanduíche Caprese,19.0,Delivery,Crédito,33.0
2026-03-29,Sunday,1,15,217,Ocasional,Cold Brew Especial,17.0,Sanduíche Caprese,19.0,Delivery,Pix,36.0
2026-03-29,Sunday,1,19,137,Ocasional,Espresso Premium,9.5,Sanduíche Caprese,19.0,Balcão,Débito,28.5
2026-03-29,Sunday,1,14,276,Trabalhador,Espresso Premium,9.5,Quiche de Alho Poró,18.0,Delivery,Débito,27.5
2026-03-29,Sunday,1,15,43,Fim de Semana,Chá Orgânico,12.0,Cookie Artesanal,9.0,Delivery,Crédito,21.0
2026-03-29,Sunday,1,18,228,Ocasional,Espresso Premium,9.5,Quiche de Alho Poró,18.0,Balcão,Pix,27.5
2026-03-29,Sunday,1,14,86,Fim de Semana,Espresso Premium,9.5,Quiche de Alho Poró,18.0,Delivery,Crédito,27.5
2026-03-29,Sunday,1,19,149,Fim de Semana,Chá Orgânico,12.0,Cookie Artesanal,9.0,Delivery,Pix,21.0
2026-03-29,Sunday,1,20,176,Fim de Semana,Cappuccino Italiano,14.0,Sanduíche Caprese,19.0,Balcão,Pix,33.0
2026-03-29,Sunday,1,14,32,Ocasional,Mocha Belga,18.0,Cookie Artesanal,9.0,Balcão,Crédito,27.0
2026-03-29,Sunday,1,17,118,Trabalhador,Chá Orgânico,12.0,Torta de Limão Siciliano,16.0,Delivery,Débito,28.0
2026-03-29,Sunday,1,7,193,Trabalhador,Chá Orgânico,12.0,Torta de Limão Siciliano,16.0,Delivery,Crédito,28.0
2026-03-29,Sunday,1,7,145,Ocasional,Mocha Belga,18.0,Torta de Limão Siciliano,16.0,Balcão,Pix,34.0
2026-03-29,Sunday,1,18,149,Ocasional,Cappuccino Italiano,14.0,Bolo Red Velvet,15.0,Delivery,Pix,29.0
2026-03-29,Sunday,1,18,99,Fim de Semana,Latte Baunilha,16.0,Quiche de Alho Poró,18.0,Balcão,Pix,34.0
2026-03-29,Sunday,1,16,2,Trabalhador,Chá Orgânico,12.0,Sanduíche Caprese,19.0,Balcão,Crédito,31.0
2026-03-29,Sunday,1,16,273,Ocasional,Latte Baunilha,16.0,Torta de Limão Siciliano,16.0,Balcão,Pix,32.0
2026-03-29,Sunday,1,15,189,Ocasional,Cappuccino Italiano,14.0,Sanduíche Caprese,19.0,Delivery,Crédito,33.0
2026-03-29,Sunday,1,14,190,Fim de Semana,Cold Brew Especial,17.0,Croissant Francês,13.0,Balcão,Crédito,30.0
2026-03-29,Sunday,1,18,243,Trabalhador,Cappuccino Italiano,14.0,Bolo Red Velvet,15.0,Balcão,Crédito,29.0
2026-03-29,Sunday,1,15,268,Fim de Semana,Mocha Belga,18.0,Bolo Red Velvet,15.0,Balcão,Pix,33.0
2026-03-29,Sunday,1,18,219,Trabalhador,Latte Baunilha,16.0,Bolo Red Velvet,15.0,Balcão,Débito,31.0
2026-03-29,Sunday,1,19,170,Trabalhador,Mocha Belga,18.0,Sanduíche Caprese,19.0,Balcão,Pix,37.0
2026-03-29,Sunday,1,18,180,Fim de Semana,Latte Baunilha,16.0,Bolo Red Velvet,15.0,Balcão,Pix,31.0
2026-03-29,Sunday,1,16,4,Trabalhador,Chá Orgânico,12.0,Croissant Francês,13.0,Balcão,Débito,25.0
2026-03-29,Sunday,1,12,231,Fim de Semana,Espresso Premium,9.5,Croissant Francês,13.0,Delivery,Débito,22.5
2026-03-29,Sunday,1,16,137,Fim de Semana,Cold Brew Especial,17.0,Cookie Artesanal,9.0,Delivery,Débito,26.0
2026-03-29,Sunday,1,17,278,Ocasional,Mocha Belga,18.0,Croissant Francês,13.0,Balcão,Débito,31.0
2026-03-29,Sunday,1,17,209,Fim de Semana,Latte Baunilha,16.0,Cookie Artesanal,9.0,Delivery,Pix,25.0
2026-03-29,Sunday,1,10,107,Ocasional,Espresso Premium,9.5,Croissant Francês,13.0,Balcão,Débito,22.5
2026-03-29,Sunday,1,11,88,Ocasional,Cappuccino Italiano,14.0,Sanduíche Caprese,19.0,Balcão,Crédito,33.0
2026-03-29,Sunday,1,17,11,Fim de Semana,Latte Baunilha,16.0,Quiche de Alho Poró,18.0,Delivery,Crédito,34.0
2026-03-29,Sunday,1,17,123,Ocasional,Latte Baunilha,16.0,Cookie Artesanal,9.0,Delivery,Pix,25.0
2026-03-29,Sunday,1,18,93,Ocasional,Cappuccino Italiano,14.0,Sanduíche Caprese,19.0,Balcão,Pix,33.0
2026-03-29,Sunday,1,7,298,Trabalhador,Cold Brew Especial,17.0,Torta de Limão Siciliano,16.0,Balcão,Crédito,33.0
2026-03-29,Sunday,1,19,296,Trabalhador,Mocha Belga,18.0,Quiche de Alho Poró,18.0,Balcão,Pix,36.0
2026-03-29,Sunday,1,12,199,Trabalhador,Cold Brew Especial,17.0,Sanduíche Caprese,19.0,Balcão,Crédito,36.0
2026-03-29,Sunday,1,8,243,Ocasional,Cappuccino Italiano,14.0,Cookie Artesanal,9.0,Delivery,Crédito,23.0
2026-03-29,Sunday,1,9,198,Trabalhador,Espresso Premium,9.5,Croissant Francês,13.0,Balcão,Crédito,22.5
2026-03-29,Sunday,1,10,177,Ocasional,Mocha Belga,18.0,Cookie Artesanal,9.0,Delivery,Débito,27.0
2026-03-29,Sunday,1,11,294,Ocasional,Mocha Belga,18.0,Croissant Francês,13.0,Balcão,Débito,31.0
2026-03-29,Sunday,1,17,142,Fim de Semana,Cold Brew Especial,17.0,Torta de Limão Siciliano,16.0,Delivery,Pix,33.0
2026-03-29,Sunday,1,16,134,Ocasional,Chá Orgânico,12.0,Cookie Artesanal,9.0,Balcão,Débito,21.0
2026-03-30,Monday,0,15,119,Trabalhador,Latte Baunilha,16.0,Croissant Francês,13.0,Balcão,Débito,29.0
2026-03-30,Monday,0,16,137,Fim de Semana,Cappuccino Italiano,14.0,Sanduíche Caprese,19.0,Balcão,Pix,33.0
2026-03-30,Monday,0,9,87,Ocasional,Cappuccino Italiano,14.0,Quiche de Alho Poró,18.0,Delivery,Pix,32.0
2026-03-30,Monday,0,13,177,Ocasional,Mocha Belga,18.0,Sanduíche Caprese,19.0,Balcão,Pix,37.0
2026-03-30,Monday,0,18,33,Trabalhador,Mocha Belga,18.0,Sanduíche Caprese,19.0,Balcão,Débito,37.0
2026-03-30,Monday,0,11,97,Fim de Semana,Espresso Premium,9.5,Sanduíche Caprese,19.0,Balcão,Crédito,28.5
2026-03-30,Monday,0,7,266,Trabalhador,Latte Baunilha,16.0,Bolo Red Velvet,15.0,Delivery,Débito,31.0
2026-03-30,Monday,0,18,138,Fim de Semana,Espresso Premium,9.5,Quiche de Alho Poró,18.0,Balcão,Crédito,27.5
2026-03-30,Monday,0,7,183,Ocasional,Mocha Belga,18.0,Cookie Artesanal,9.0,Balcão,Crédito,27.0
2026-03-30,Monday,0,7,209,Fim de Semana,Cappuccino Italiano,14.0,Sanduíche Caprese,19.0,Delivery,Crédito,33.0
2026-03-30,Monday,0,9,209,Fim de Semana,Chá Orgânico,12.0,Bolo Red Velvet,15.0,Delivery,Pix,27.0
2026-03-30,Monday,0,20,172,Trabalhador,Cappuccino Italiano,14.0,Torta de Limão Siciliano,16.0,Balcão,Crédito,30.0
2026-03-30,Monday,0,14,37,Trabalhador,Espresso Premium,9.5,Torta de Limão Siciliano,16.0,Balcão,Pix,25.5
2026-03-30,Monday,0,16,217,Trabalhador,Mocha Belga,18.0,Croissant Francês,13.0,Delivery,Débito,31.0
2026-03-30,Monday,0,7,269,Ocasional,Mocha Belga,18.0,Quiche de Alho Poró,18.0,Delivery,Débito,36.0
2026-03-30,Monday,0,16,171,Trabalhador,Espresso Premium,9.5,Quiche de Alho Poró,18.0,Delivery,Pix,27.5
2026-03-30,Monday,0,11,136,Trabalhador,Mocha Belga,18.0,Cookie Artesanal,9.0,Balcão,Crédito,27.0
2026-03-30,Monday,0,9,52,Ocasional,Cappuccino Italiano,14.0,Sanduíche Caprese,19.0,Delivery,Pix,33.0
2026-03-30,Monday,0,11,60,Trabalhador,Chá Orgânico,12.0,Bolo Red Velvet,15.0,Delivery,Débito,27.0
2026-03-30,Monday,0,20,80,Ocasional,Latte Baunilha,16.0,Sanduíche Caprese,19.0,Balcão,Pix,35.0
2026-03-30,Monday,0,16,95,Ocasional,Cappuccino Italiano,14.0,Croissant Francês,13.0,Delivery,Débito,27.0
2026-03-30,Monday,0,12,241,Fim de Semana,Latte Baunilha,16.0,Bolo Red Velvet,15.0,Delivery,Crédito,31.0
2026-03-30,Monday,0,10,113,Fim de Semana,Cold Brew Especial,17.0,Bolo Red Velvet,15.0,Delivery,Crédito,32.0
2026-03-30,Monday,0,13,273,Ocasional,Espresso Premium,9.5,Quiche de Alho Poró,18.0,Delivery,Pix,27.5
2026-03-30,Monday,0,19,73,Trabalhador,Latte Baunilha,16.0,Sanduíche Caprese,19.0,Delivery,Crédito,35.0
2026-03-30,Monday,0,17,187,Fim de Semana,Mocha Belga,18.0,Sanduíche Caprese,19.0,Balcão,Crédito,37.0
2026-03-30,Monday,0,11,107,Trabalhador,Cappuccino Italiano,14.0,Quiche de Alho Poró,18.0,Delivery,Pix,32.0
2026-03-30,Monday,0,12,198,Fim de Semana,Cold Brew Especial,17.0,Bolo Red Velvet,15.0,Balcão,Débito,32.0
2026-03-30,Monday,0,15,240,Fim de Semana,Latte Baunilha,16.0,Bolo Red Velvet,15.0,Delivery,Crédito,31.0
2026-03-30,Monday,0,7,104,Fim de Semana,Cold Brew Especial,17.0,Bolo Red Velvet,15.0,Balcão,Pix,32.0
2026-03-30,Monday,0,19,200,Fim de Semana,Latte Baunilha,16.0,Sanduíche Caprese,19.0,Balcão,Crédito,35.0
2026-03-30,Monday,0,19,105,Fim de Semana,Cold Brew Especial,17.0,Torta de Limão Siciliano,16.0,Delivery,Crédito,33.0
2026-03-30,Monday,0,10,245,Fim de Semana,Chá Orgânico,12.0,Croissant Francês,13.0,Delivery,Crédito,25.0
2026-03-30,Monday,0,7,257,Ocasional,Cold Brew Especial,17.0,Bolo Red Velvet,15.0,Balcão,Débito,32.0
2026-03-30,Monday,0,10,49,Trabalhador,Espresso Premium,9.5,Sanduíche Caprese,19.0,Delivery,Débito,28.5
2026-03-30,Monday,0,19,61,Fim de Semana,Espresso Premium,9.5,Cookie Artesanal,9.0,Balcão,Crédito,18.5
2026-03-30,Monday,0,12,30,Ocasional,Chá Orgânico,12.0,Cookie Artesanal,9.0,Balcão,Crédito,21.0
2026-03-30,Monday,0,17,164,Trabalhador,Cold Brew Especial,17.0,Bolo Red Velvet,15.0,Delivery,Crédito,32.0
2026-03-30,Monday,0,16,26,Fim de Semana,Cappuccino Italiano,14.0,Croissant Francês,13.0,Delivery,Crédito,27.0
2026-03-30,Monday,0,12,246,Ocasional,Espresso Premium,9.5,Croissant Francês,13.0,Delivery,Débito,22.5
2026-03-30,Monday,0,20,191,Ocasional,Mocha Belga,18.0,Torta de Limão Siciliano,16.0,Balcão,Pix,34.0
2026-03-30,Monday,0,10,141,Fim de Semana,Mocha Belga,18.0,Cookie Artesanal,9.0,Balcão,Pix,27.0
2026-03-30,Monday,0,11,285,Fim de Semana,Cappuccino Italiano,14.0,Cookie Artesanal,9.0,Delivery,Pix,23.0
2026-03-30,Monday,0,20,103,Ocasional,Mocha Belga,18.0,Quiche de Alho Poró,18.0,Delivery,Pix,36.0
2026-03-30,Monday,0,14,255,Fim de Semana,Cold Brew Especial,17.0,Croissant Francês,13.0,Balcão,Pix,30.0
2026-03-30,Monday,0,19,23,Ocasional,Cold Brew Especial,17.0,Bolo Red Velvet,15.0,Balcão,Débito,32.0
2026-03-30,Monday,0,19,80,Trabalhador,Cappuccino Italiano,14.0,Sanduíche Caprese,19.0,Balcão,Pix,33.0
2026-03-30,Monday,0,12,152,Trabalhador,Espresso Premium,9.5,Cookie Artesanal,9.0,Delivery,Crédito,18.5
2026-03-30,Monday,0,12,43,Ocasional,Cappuccino Italiano,14.0,Cookie Artesanal,9.0,Balcão,Débito,23.0
2026-03-30,Monday,0,17,210,Fim de Semana,Espresso Premium,9.5,Quiche de Alho Poró,18.0,Delivery,Débito,27.5
2026-03-30,Monday,0,18,178,Fim de Semana,Espresso Premium,9.5,Sanduíche Caprese,19.0,Delivery,Pix,28.5
2026-03-30,Monday,0,17,153,Fim de Semana,Mocha Belga,18.0,Bolo Red Velvet,15.0,Delivery,Pix,33.0
2026-03-30,Monday,0,16,271,Ocasional,Latte Baunilha,16.0,Croissant Francês,13.0,Balcão,Pix,29.0
2026-03-30,Monday,0,13,39,Trabalhador,Cold Brew Especial,17.0,Croissant Francês,13.0,Delivery,Crédito,30.0
2026-03-30,Monday,0,12,91,Trabalhador,Chá Orgânico,12.0,Croissant Francês,13.0,Balcão,Crédito,25.0
2026-03-30,Monday,0,10,50,Fim de Semana,Espresso Premium,9.5,Torta de Limão Siciliano,16.0,Delivery,Crédito,25.5
2026-03-30,Monday,0,14,201,Trabalhador,Latte Baunilha,16.0,Croissant Francês,13.0,Delivery,Crédito,29.0
2026-03-30,Monday,0,19,122,Fim de Semana,Mocha Belga,18.0,Quiche de Alho Poró,18.0,Balcão,Pix,36.0
2026-03-30,Monday,0,7,139,Ocasional,Latte Baunilha,16.0,Quiche de Alho Poró,18.0,Balcão,Crédito,34.0
2026-03-30,Monday,0,18,159,Fim de Semana,Mocha Belga,18.0,Croissant Francês,13.0,Delivery,Crédito,31.0
2026-03-30,Monday,0,13,64,Trabalhador,Cappuccino Italiano,14.0,Bolo Red Velvet,15.0,Delivery,Débito,29.0
2026-03-30,Monday,0,7,28,Fim de Semana,Espresso Premium,9.5,Sanduíche Caprese,19.0,Delivery,Crédito,28.5
2026-03-30,Monday,0,14,223,Fim de Semana,Chá Orgânico,12.0,Quiche de Alho Poró,18.0,Balcão,Débito,30.0
2026-03-30,Monday,0,19,109,Fim de Semana,Mocha Belga,18.0,Torta de Limão Siciliano,16.0,Delivery,Débito,34.0
2026-03-30,Monday,0,10,167,Fim de Semana,Chá Orgânico,12.0,Quiche de Alho Poró,18.0,Delivery,Pix,30.0
2026-03-30,Monday,0,18,76,Fim de Semana,Espresso Premium,9.5,Croissant Francês,13.0,Balcão,Pix,22.5
2026-03-30,Monday,0,9,113,Ocasional,Latte Baunilha,16.0,Torta de Limão Siciliano,16.0,Balcão,Pix,32.0
2026-03-30,Monday,0,9,268,Trabalhador,Mocha Belga,18.0,Bolo Red Velvet,15.0,Delivery,Crédito,33.0
2026-03-30,Monday,0,12,193,Trabalhador,Chá Orgânico,12.0,Quiche de Alho Poró,18.0,Balcão,Pix,30.0
2026-03-30,Monday,0,19,251,Ocasional,Chá Orgânico,12.0,Quiche de Alho Poró,18.0,Balcão,Crédito,30.0
2026-03-30,Monday,0,7,85,Fim de Semana,Chá Orgânico,12.0,Bolo Red Velvet,15.0,Delivery,Crédito,27.0
2026-03-30,Monday,0,8,18,Trabalhador,Latte Baunilha,16.0,Sanduíche Caprese,19.0,Balcão,Pix,35.0
2026-03-30,Monday,0,12,136,Fim de Semana,Chá Orgânico,12.0,Quiche de Alho Poró,18.0,Delivery,Crédito,30.0
2026-03-30,Monday,0,15,157,Trabalhador,Espresso Premium,9.5,Sanduíche Caprese,19.0,Balcão,Débito,28.5
2026-03-30,Monday,0,14,87,Ocasional,Latte Baunilha,16.0,Sanduíche Caprese,19.0,Delivery,Pix,35.0
2026-03-31,Tuesday,0,20,189,Trabalhador,Latte Baunilha,16.0,Torta de Limão Siciliano,16.0,Balcão,Débito,32.0
2026-03-31,Tuesday,0,11,187,Trabalhador,Chá Orgânico,12.0,Torta de Limão Siciliano,16.0,Balcão,Crédito,28.0
2026-03-31,Tuesday,0,17,289,Fim de Semana,Chá Orgânico,12.0,Quiche de Alho Poró,18.0,Delivery,Pix,30.0
2026-03-31,Tuesday,0,19,145,Fim de Semana,Mocha Belga,18.0,Sanduíche Caprese,19.0,Delivery,Pix,37.0
2026-03-31,Tuesday,0,20,223,Trabalhador,Espresso Premium,9.5,Bolo Red Velvet,15.0,Delivery,Pix,24.5
2026-03-31,Tuesday,0,17,258,Trabalhador,Latte Baunilha,16.0,Torta de Limão Siciliano,16.0,Balcão,Pix,32.0
2026-03-31,Tuesday,0,20,295,Ocasional,Chá Orgânico,12.0,Quiche de Alho Poró,18.0,Balcão,Pix,30.0
2026-03-31,Tuesday,0,10,295,Fim de Semana,Cold Brew Especial,17.0,Torta de Limão Siciliano,16.0,Balcão,Débito,33.0
2026-03-31,Tuesday,0,9,175,Trabalhador,Cappuccino Italiano,14.0,Torta de Limão Siciliano,16.0,Balcão,Crédito,30.0
2026-03-31,Tuesday,0,15,63,Fim de Semana,Espresso Premium,9.5,Quiche de Alho Poró,18.0,Balcão,Pix,27.5
2026-03-31,Tuesday,0,9,131,Ocasional,Cold Brew Especial,17.0,Sanduíche Caprese,19.0,Delivery,Pix,36.0
2026-03-31,Tuesday,0,15,136,Ocasional,Cold Brew Especial,17.0,Quiche de Alho Poró,18.0,Delivery,Débito,35.0
2026-03-31,Tuesday,0,11,120,Ocasional,Chá Orgânico,12.0,Croissant Francês,13.0,Delivery,Débito,25.0
2026-03-31,Tuesday,0,18,300,Fim de Semana,Mocha Belga,18.0,Quiche de Alho Poró,18.0,Balcão,Débito,36.0
2026-03-31,Tuesday,0,11,93,Fim de Semana,Cappuccino Italiano,14.0,Torta de Limão Siciliano,16.0,Balcão,Débito,30.0
2026-03-31,Tuesday,0,12,268,Trabalhador,Latte Baunilha,16.0,Sanduíche Caprese,19.0,Balcão,Débito,35.0
2026-03-31,Tuesday,0,8,89,Ocasional,Espresso Premium,9.5,Cookie Artesanal,9.0,Delivery,Débito,18.5
2026-03-31,Tuesday,0,16,95,Trabalhador,Cold Brew Especial,17.0,Sanduíche Caprese,19.0,Delivery,Crédito,36.0
2026-03-31,Tuesday,0,9,290,Ocasional,Chá Orgânico,12.0,Croissant Francês,13.0,Balcão,Pix,25.0
2026-03-31,Tuesday,0,16,62,Fim de Semana,Cappuccino Italiano,14.0,Torta de Limão Siciliano,16.0,Balcão,Débito,30.0
2026-03-31,Tuesday,0,9,69,Trabalhador,Mocha Belga,18.0,Cookie Artesanal,9.0,Balcão,Débito,27.0
2026-03-31,Tuesday,0,11,87,Trabalhador,Mocha Belga,18.0,Quiche de Alho Poró,18.0,Delivery,Pix,36.0
2026-03-31,Tuesday,0,16,178,Trabalhador,Cold Brew Especial,17.0,Croissant Francês,13.0,Delivery,Débito,30.0
2026-03-31,Tuesday,0,14,110,Trabalhador,Mocha Belga,18.0,Cookie Artesanal,9.0,Balcão,Crédito,27.0
2026-03-31,Tuesday,0,19,300,Trabalhador,Mocha Belga,18.0,Torta de Limão Siciliano,16.0,Delivery,Crédito,34.0
2026-03-31,Tuesday,0,15,253,Ocasional,Cold Brew Especial,17.0,Cookie Artesanal,9.0,Balcão,Pix,26.0
2026-03-31,Tuesday,0,7,29,Fim de Semana,Mocha Belga,18.0,Cookie Artesanal,9.0,Balcão,Débito,27.0
2026-03-31,Tuesday,0,8,167,Ocasional,Cold Brew Especial,17.0,Bolo Red Velvet,15.0,Delivery,Débito,32.0
2026-03-31,Tuesday,0,18,194,Fim de Semana,Latte Baunilha,16.0,Cookie Artesanal,9.0,Balcão,Débito,25.0
2026-03-31,Tuesday,0,17,243,Fim de Semana,Latte Baunilha,16.0,Quiche de Alho Poró,18.0,Balcão,Crédito,34.0
2026-03-31,Tuesday,0,8,55,Ocasional,Cappuccino Italiano,14.0,Cookie Artesanal,9.0,Balcão,Débito,23.0
2026-03-31,Tuesday,0,12,281,Ocasional,Chá Orgânico,12.0,Sanduíche Caprese,19.0,Balcão,Crédito,31.0
2026-03-31,Tuesday,0,16,15,Ocasional,Chá Orgânico,12.0,Sanduíche Caprese,19.0,Balcão,Crédito,31.0
2026-03-31,Tuesday,0,10,160,Ocasional,Latte Baunilha,16.0,Cookie Artesanal,9.0,Delivery,Débito,25.0
2026-03-31,Tuesday,0,15,158,Ocasional,Cold Brew Especial,17.0,Bolo Red Velvet,15.0,Balcão,Débito,32.0
2026-03-31,Tuesday,0,15,62,Trabalhador,Chá Orgânico,12.0,Bolo Red Velvet,15.0,Balcão,Débito,27.0
2026-03-31,Tuesday,0,17,252,Trabalhador,Mocha Belga,18.0,Bolo Red Velvet,15.0,Delivery,Crédito,33.0
2026-03-31,Tuesday,0,9,80,Trabalhador,Cappuccino Italiano,14.0,Sanduíche Caprese,19.0,Balcão,Crédito,33.0
2026-03-31,Tuesday,0,18,167,Fim de Semana,Latte Baunilha,16.0,Torta de Limão Siciliano,16.0,Balcão,Débito,32.0
2026-03-31,Tuesday,0,11,229,Ocasional,Mocha Belga,18.0,Croissant Francês,13.0,Balcão,Pix,31.0
2026-03-31,Tuesday,0,10,55,Trabalhador,Cappuccino Italiano,14.0,Sanduíche Caprese,19.0,Delivery,Crédito,33.0
2026-03-31,Tuesday,0,9,213,Fim de Semana,Latte Baunilha,16.0,Sanduíche Caprese,19.0,Balcão,Pix,35.0
2026-03-31,Tuesday,0,17,13,Fim de Semana,Chá Orgânico,12.0,Croissant Francês,13.0,Delivery,Débito,25.0
2026-03-31,Tuesday,0,18,149,Fim de Semana,Mocha Belga,18.0,Sanduíche Caprese,19.0,Delivery,Débito,37.0
2026-03-31,Tuesday,0,10,83,Fim de Semana,Cold Brew Especial,17.0,Torta de Limão Siciliano,16.0,Balcão,Débito,33.0
2026-03-31,Tuesday,0,20,221,Ocasional,Espresso Premium,9.5,Cookie Artesanal,9.0,Balcão,Crédito,18.5
2026-03-31,Tuesday,0,16,275,Trabalhador,Chá Orgânico,12.0,Quiche de Alho Poró,18.0,Balcão,Débito,30.0
2026-03-31,Tuesday,0,8,176,Fim de Semana,Cold Brew Especial,17.0,Cookie Artesanal,9.0,Balcão,Crédito,26.0
2026-03-31,Tuesday,0,14,65,Trabalhador,Latte Baunilha,16.0,Sanduíche Caprese,19.0,Delivery,Pix,35.0
2026-03-31,Tuesday,0,17,170,Ocasional,Espresso Premium,9.5,Sanduíche Caprese,19.0,Delivery,Débito,28.5
2026-03-31,Tuesday,0,11,240,Trabalhador,Chá Orgânico,12.0,Sanduíche Caprese,19.0,Balcão,Crédito,31.0
2026-03-31,Tuesday,0,15,44,Fim de Semana,Espresso Premium,9.5,Torta de Limão Siciliano,16.0,Delivery,Pix,25.5
2026-03-31,Tuesday,0,9,189,Fim de Semana,Latte Baunilha,16.0,Torta de Limão Siciliano,16.0,Delivery,Débito,32.0
2026-03-31,Tuesday,0,10,90,Fim de Semana,Latte Baunilha,16.0,Torta de Limão Siciliano,16.0,Delivery,Crédito,32.0
2026-03-31,Tuesday,0,9,213,Fim de Semana,Espresso Premium,9.5,Sanduíche Caprese,19.0,Balcão,Pix,28.5
2026-03-31,Tuesday,0,11,294,Ocasional,Mocha Belga,18.0,Cookie Artesanal,9.0,Delivery,Crédito,27.0
2026-03-31,Tuesday,0,7,42,Trabalhador,Mocha Belga,18.0,Quiche de Alho Poró,18.0,Delivery,Crédito,36.0
2026-03-31,Tuesday,0,10,45,Fim de Semana,Latte Baunilha,16.0,Torta de Limão Siciliano,16.0,Balcão,Débito,32.0
2026-03-31,Tuesday,0,9,182,Fim de Semana,Cold Brew Especial,17.0,Quiche de Alho Poró,18.0,Balcão,Crédito,35.0
2026-03-31,Tuesday,0,14,226,Trabalhador,Cappuccino Italiano,14.0,Torta de Limão Siciliano,16.0,Balcão,Crédito,30.0
2026-03-31,Tuesday,0,8,207,Trabalhador,Chá Orgânico,12.0,Quiche de Alho Poró,18.0,Delivery,Pix,30.0
2026-03-31,Tuesday,0,18,300,Ocasional,Chá Orgânico,12.0,Bolo Red Velvet,15.0,Balcão,Crédito,27.0
2026-03-31,Tuesday,0,12,140,Ocasional,Cold Brew Especial,17.0,Cookie Artesanal,9.0,Balcão,Crédito,26.0
2026-03-31,Tuesday,0,9,23,Ocasional,Latte Baunilha,16.0,Cookie Artesanal,9.0,Delivery,Crédito,25.0
2026-03-31,Tuesday,0,12,21,Fim de Semana,Mocha Belga,18.0,Torta de Limão Siciliano,16.0,Delivery,Débito,34.0
2026-03-31,Tuesday,0,16,233,Trabalhador,Mocha Belga,18.0,Bolo Red Velvet,15.0,Delivery,Débito,33.0
2026-03-31,Tuesday,0,20,125,Trabalhador,Chá Orgânico,12.0,Sanduíche Caprese,19.0,Delivery,Pix,31.0
2026-03-31,Tuesday,0,10,15,Fim de Semana,Cold Brew Especial,17.0,Croissant Francês,13.0,Delivery,Débito,30.0
2026-03-31,Tuesday,0,8,92,Trabalhador,Chá Orgânico,12.0,Sanduíche Caprese,19.0,Delivery,Crédito,31.0
2026-03-31,Tuesday,0,11,238,Fim de Semana,Cappuccino Italiano,14.0,Torta de Limão Siciliano,16.0,Delivery,Débito,30.0
2026-03-31,Tuesday,0,14,255,Ocasional,Mocha Belga,18.0,Sanduíche Caprese,19.0,Balcão,Crédito,37.0
2026-03-31,Tuesday,0,9,256,Trabalhador,Cappuccino Italiano,14.0,Croissant Francês,13.0,Balcão,Pix,27.0
2026-03-31,Tuesday,0,15,1,Fim de Semana,Cold Brew Especial,17.0,Quiche de Alho Poró,18.0,Delivery,Crédito,35.0
2026-03-31,Tuesday,0,10,211,Fim de Semana,Espresso Premium,9.5,Sanduíche Caprese,19.0,Delivery,Débito,28.5
2026-03-31,Tuesday,0,7,38,Fim de Semana,Chá Orgânico,12.0,Torta de Limão Siciliano,16.0,Balcão,Crédito,28.0
2026-03-31,Tuesday,0,20,176,Ocasional,Chá Orgânico,12.0,Croissant Francês,13.0,Delivery,Pix,25.0
2026-03-31,Tuesday,0,8,1,Ocasional,Espresso Premium,9.5,Torta de Limão Siciliano,16.0,Delivery,Pix,25.5
2026-03-31,Tuesday,0,14,151,Ocasional,Cold Brew Especial,17.0,Quiche de Alho Poró,18.0,Balcão,Crédito,35.0
2026-03-31,Tuesday,0,20,2,Trabalhador,Espresso Premium,9.5,Torta de Limão Siciliano,16.0,Delivery,Pix,25.5
2026-03-31,Tuesday,0,18,148,Trabalhador,Cappuccino Italiano,14.0,Bolo Red Velvet,15.0,Delivery,Crédito,29.0
2026-03-31,Tuesday,0,9,43,Trabalhador,Chá Orgânico,12.0,Bolo Red Velvet,15.0,Delivery,Débito,27.0
2026-03-31,Tuesday,0,7,9,Trabalhador,Cappuccino Italiano,14.0,Sanduíche Caprese,19.0,Balcão,Pix,33.0
2026-04-01,Wednesday,0,10,206,Fim de Semana,Cappuccino Italiano,14.0,Croissant Francês,13.0,Delivery,Crédito,27.0
2026-04-01,Wednesday,0,9,23,Fim de Semana,Mocha Belga,18.0,Bolo Red Velvet,15.0,Delivery,Pix,33.0
2026-04-01,Wednesday,0,13,64,Fim de Semana,Mocha Belga,18.0,Cookie Artesanal,9.0,Delivery,Crédito,27.0
2026-04-01,Wednesday,0,11,102,Ocasional,Chá Orgânico,12.0,Sanduíche Caprese,19.0,Balcão,Pix,31.0
2026-04-01,Wednesday,0,9,148,Ocasional,Espresso Premium,9.5,Sanduíche Caprese,19.0,Delivery,Débito,28.5
2026-04-01,Wednesday,0,13,11,Fim de Semana,Chá Orgânico,12.0,Bolo Red Velvet,15.0,Delivery,Débito,27.0
2026-04-01,Wednesday,0,12,224,Ocasional,Latte Baunilha,16.0,Croissant Francês,13.0,Delivery,Pix,29.0
2026-04-01,Wednesday,0,17,92,Fim de Semana,Cold Brew Especial,17.0,Cookie Artesanal,9.0,Delivery,Débito,26.0
2026-04-01,Wednesday,0,9,138,Fim de Semana,Chá Orgânico,12.0,Bolo Red Velvet,15.0,Delivery,Crédito,27.0
2026-04-01,Wednesday,0,19,159,Fim de Semana,Cappuccino Italiano,14.0,Croissant Francês,13.0,Balcão,Débito,27.0
2026-04-01,Wednesday,0,18,58,Trabalhador,Cold Brew Especial,17.0,Cookie Artesanal,9.0,Delivery,Crédito,26.0
2026-04-01,Wednesday,0,17,110,Trabalhador,Latte Baunilha,16.0,Cookie Artesanal,9.0,Balcão,Débito,25.0
2026-04-01,Wednesday,0,12,218,Fim de Semana,Espresso Premium,9.5,Croissant Francês,13.0,Delivery,Crédito,22.5
2026-04-01,Wednesday,0,16,5,Fim de Semana,Latte Baunilha,16.0,Cookie Artesanal,9.0,Balcão,Débito,25.0
2026-04-01,Wednesday,0,19,59,Ocasional,Espresso Premium,9.5,Sanduíche Caprese,19.0,Balcão,Pix,28.5
2026-04-01,Wednesday,0,8,298,Fim de Semana,Mocha Belga,18.0,Croissant Francês,13.0,Balcão,Pix,31.0
2026-04-01,Wednesday,0,8,210,Ocasional,Latte Baunilha,16.0,Sanduíche Caprese,19.0,Balcão,Débito,35.0
2026-04-01,Wednesday,0,11,184,Trabalhador,Latte Baunilha,16.0,Croissant Francês,13.0,Balcão,Pix,29.0
2026-04-01,Wednesday,0,12,51,Trabalhador,Latte Baunilha,16.0,Croissant Francês,13.0,Balcão,Pix,29.0
2026-04-01,Wednesday,0,16,170,Fim de Semana,Cappuccino Italiano,14.0,Bolo Red Velvet,15.0,Balcão,Débito,29.0
2026-04-01,Wednesday,0,11,24,Trabalhador,Espresso Premium,9.5,Sanduíche Caprese,19.0,Balcão,Pix,28.5
2026-04-01,Wednesday,0,11,192,Ocasional,Cappuccino Italiano,14.0,Cookie Artesanal,9.0,Delivery,Crédito,23.0
2026-04-01,Wednesday,0,20,168,Fim de Semana,Mocha Belga,18.0,Bolo Red Velvet,15.0,Delivery,Pix,33.0
2026-04-01,Wednesday,0,10,1,Trabalhador,Espresso Premium,9.5,Croissant Francês,13.0,Balcão,Crédito,22.5
2026-04-01,Wednesday,0,10,50,Fim de Semana,Latte Baunilha,16.0,Torta de Limão Siciliano,16.0,Delivery,Pix,32.0
2026-04-01,Wednesday,0,13,193,Ocasional,Cold Brew Especial,17.0,Cookie Artesanal,9.0,Balcão,Débito,26.0
2026-04-01,Wednesday,0,7,13,Trabalhador,Mocha Belga,18.0,Quiche de Alho Poró,18.0,Balcão,Pix,36.0
2026-04-01,Wednesday,0,12,234,Ocasional,Mocha Belga,18.0,Sanduíche Caprese,19.0,Balcão,Débito,37.0
2026-04-01,Wednesday,0,17,278,Fim de Semana,Chá Orgânico,12.0,Torta de Limão Siciliano,16.0,Balcão,Crédito,28.0
2026-04-01,Wednesday,0,9,31,Fim de Semana,Espresso Premium,9.5,Quiche de Alho Poró,18.0,Delivery,Pix,27.5
2026-04-01,Wednesday,0,7,12,Fim de Semana,Espresso Premium,9.5,Croissant Francês,13.0,Delivery,Crédito,22.5
2026-04-01,Wednesday,0,7,76,Ocasional,Latte Baunilha,16.0,Cookie Artesanal,9.0,Delivery,Débito,25.0
2026-04-01,Wednesday,0,10,110,Fim de Semana,Latte Baunilha,16.0,Quiche de Alho Poró,18.0,Balcão,Débito,34.0
2026-04-01,Wednesday,0,18,98,Fim de Semana,Latte Baunilha,16.0,Sanduíche Caprese,19.0,Balcão,Pix,35.0
2026-04-01,Wednesday,0,10,73,Trabalhador,Cappuccino Italiano,14.0,Bolo Red Velvet,15.0,Delivery,Crédito,29.0
2026-04-01,Wednesday,0,8,120,Trabalhador,Cappuccino Italiano,14.0,Bolo Red Velvet,15.0,Delivery,Crédito,29.0
2026-04-01,Wednesday,0,12,99,Ocasional,Cappuccino Italiano,14.0,Torta de Limão Siciliano,16.0,Balcão,Crédito,30.0
2026-04-01,Wednesday,0,15,115,Ocasional,Latte Baunilha,16.0,Cookie Artesanal,9.0,Delivery,Crédito,25.0
2026-04-01,Wednesday,0,14,88,Fim de Semana,Espresso Premium,9.5,Cookie Artesanal,9.0,Delivery,Débito,18.5
2026-04-01,Wednesday,0,15,100,Trabalhador,Cold Brew Especial,17.0,Torta de Limão Siciliano,16.0,Delivery,Pix,33.0
2026-04-01,Wednesday,0,15,225,Trabalhador,Cappuccino Italiano,14.0,Quiche de Alho Poró,18.0,Balcão,Pix,32.0
2026-04-01,Wednesday,0,8,260,Fim de Semana,Cappuccino Italiano,14.0,Quiche de Alho Poró,18.0,Delivery,Débito,32.0
2026-04-01,Wednesday,0,16,74,Fim de Semana,Cold Brew Especial,17.0,Torta de Limão Siciliano,16.0,Delivery,Débito,33.0
2026-04-01,Wednesday,0,10,76,Ocasional,Cappuccino Italiano,14.0,Bolo Red Velvet,15.0,Delivery,Crédito,29.0
2026-04-01,Wednesday,0,8,266,Fim de Semana,Cold Brew Especial,17.0,Croissant Francês,13.0,Delivery,Débito,30.0
2026-04-01,Wednesday,0,16,32,Ocasional,Chá Orgânico,12.0,Quiche de Alho Poró,18.0,Balcão,Débito,30.0
2026-04-01,Wednesday,0,9,286,Ocasional,Cappuccino Italiano,14.0,Croissant Francês,13.0,Delivery,Débito,27.0
2026-04-01,Wednesday,0,14,216,Ocasional,Latte Baunilha,16.0,Sanduíche Caprese,19.0,Balcão,Pix,35.0
2026-04-01,Wednesday,0,10,62,Trabalhador,Cappuccino Italiano,14.0,Bolo Red Velvet,15.0,Delivery,Crédito,29.0
2026-04-01,Wednesday,0,7,4,Ocasional,Cappuccino Italiano,14.0,Bolo Red Velvet,15.0,Delivery,Pix,29.0
2026-04-01,Wednesday,0,20,87,Trabalhador,Espresso Premium,9.5,Croissant Francês,13.0,Balcão,Débito,22.5
2026-04-01,Wednesday,0,11,282,Fim de Semana,Latte Baunilha,16.0,Cookie Artesanal,9.0,Delivery,Pix,25.0
2026-04-01,Wednesday,0,13,104,Trabalhador,Cold Brew Especial,17.0,Quiche de Alho Poró,18.0,Delivery,Pix,35.0
2026-04-01,Wednesday,0,8,111,Fim de Semana,Espresso Premium,9.5,Sanduíche Caprese,19.0,Balcão,Crédito,28.5
2026-04-01,Wednesday,0,10,294,Fim de Semana,Cappuccino Italiano,14.0,Cookie Artesanal,9.0,Delivery,Pix,23.0
2026-04-01,Wednesday,0,17,197,Trabalhador,Chá Orgânico,12.0,Torta de Limão Siciliano,16.0,Balcão,Pix,28.0
2026-04-01,Wednesday,0,9,65,Fim de Semana,Mocha Belga,18.0,Bolo Red Velvet,15.0,Balcão,Débito,33.0
2026-04-01,Wednesday,0,11,240,Fim de Semana,Cold Brew Especial,17.0,Sanduíche Caprese,19.0,Balcão,Pix,36.0
2026-04-01,Wednesday,0,10,21,Fim de Semana,Espresso Premium,9.5,Bolo Red Velvet,15.0,Delivery,Débito,24.5
2026-04-01,Wednesday,0,13,118,Fim de Semana,Espresso Premium,9.5,Sanduíche Caprese,19.0,Delivery,Pix,28.5
2026-04-01,Wednesday,0,9,229,Trabalhador,Espresso Premium,9.5,Cookie Artesanal,9.0,Balcão,Pix,18.5
2026-04-01,Wednesday,0,12,55,Trabalhador,Cappuccino Italiano,14.0,Bolo Red Velvet,15.0,Delivery,Pix,29.0
2026-04-01,Wednesday,0,10,53,Trabalhador,Cappuccino Italiano,14.0,Cookie Artesanal,9.0,Balcão,Pix,23.0
2026-04-01,Wednesday,0,15,71,Trabalhador,Latte Baunilha,16.0,Sanduíche Caprese,19.0,Delivery,Débito,35.0
2026-04-01,Wednesday,0,16,187,Trabalhador,Latte Baunilha,16.0,Sanduíche Caprese,19.0,Delivery,Pix,35.0
2026-04-01,Wednesday,0,20,107,Fim de Semana,Cold Brew Especial,17.0,Quiche de Alho Poró,18.0,Delivery,Débito,35.0
2026-04-01,Wednesday,0,12,241,Fim de Semana,Cappuccino Italiano,14.0,Quiche de Alho Poró,18.0,Balcão,Crédito,32.0
2026-04-01,Wednesday,0,14,205,Ocasional,Espresso Premium,9.5,Torta de Limão Siciliano,16.0,Delivery,Crédito,25.5
2026-04-01,Wednesday,0,20,285,Fim de Semana,Chá Orgânico,12.0,Bolo Red Velvet,15.0,Delivery,Débito,27.0
2026-04-01,Wednesday,0,14,146,Fim de Semana,Espresso Premium,9.5,Cookie Artesanal,9.0,Balcão,Débito,18.5
2026-04-01,Wednesday,0,20,70,Trabalhador,Latte Baunilha,16.0,Bolo Red Velvet,15.0,Balcão,Débito,31.0
2026-04-01,Wednesday,0,10,143,Trabalhador,Espresso Premium,9.5,Torta de Limão Siciliano,16.0,Balcão,Crédito,25.5
2026-04-01,Wednesday,0,14,292,Fim de Semana,Mocha Belga,18.0,Torta de Limão Siciliano,16.0,Delivery,Débito,34.0
2026-04-01,Wednesday,0,12,59,Trabalhador,Chá Orgânico,12.0,Torta de Limão Siciliano,16.0,Delivery,Pix,28.0
2026-04-01,Wednesday,0,15,77,Ocasional,Chá Orgânico,12.0,Torta de Limão Siciliano,16.0,Delivery,Pix,28.0
2026-04-01,Wednesday,0,12,156,Fim de Semana,Mocha Belga,18.0,Bolo Red Velvet,15.0,Delivery,Débito,33.0
2026-04-01,Wednesday,0,15,52,Fim de Semana,Chá Orgânico,12.0,Croissant Francês,13.0,Balcão,Crédito,25.0
2026-04-02,Thursday,0,13,15,Trabalhador,Latte Baunilha,16.0,Sanduíche Caprese,19.0,Balcão,Débito,35.0
2026-04-02,Thursday,0,20,239,Trabalhador,Latte Baunilha,16.0,Cookie Artesanal,9.0,Delivery,Pix,25.0
2026-04-02,Thursday,0,10,266,Ocasional,Espresso Premium,9.5,Croissant Francês,13.0,Balcão,Pix,22.5
2026-04-02,Thursday,0,11,87,Fim de Semana,Cold Brew Especial,17.0,Croissant Francês,13.0,Delivery,Débito,30.0
2026-04-02,Thursday,0,16,294,Trabalhador,Cold Brew Especial,17.0,Sanduíche Caprese,19.0,Balcão,Crédito,36.0
2026-04-02,Thursday,0,7,206,Fim de Semana,Cappuccino Italiano,14.0,Cookie Artesanal,9.0,Balcão,Débito,23.0
2026-04-02,Thursday,0,15,75,Ocasional,Cappuccino Italiano,14.0,Torta de Limão Siciliano,16.0,Delivery,Débito,30.0
2026-04-02,Thursday,0,12,96,Fim de Semana,Chá Orgânico,12.0,Torta de Limão Siciliano,16.0,Balcão,Crédito,28.0
2026-04-02,Thursday,0,10,231,Fim de Semana,Mocha Belga,18.0,Bolo Red Velvet,15.0,Delivery,Pix,33.0
2026-04-02,Thursday,0,10,227,Fim de Semana,Cappuccino Italiano,14.0,Bolo Red Velvet,15.0,Balcão,Crédito,29.0
2026-04-02,Thursday,0,7,243,Fim de Semana,Espresso Premium,9.5,Sanduíche Caprese,19.0,Balcão,Crédito,28.5
2026-04-02,Thursday,0,8,196,Trabalhador,Cold Brew Especial,17.0,Sanduíche Caprese,19.0,Delivery,Pix,36.0
2026-04-02,Thursday,0,18,57,Fim de Semana,Latte Baunilha,16.0,Torta de Limão Siciliano,16.0,Balcão,Pix,32.0
2026-04-02,Thursday,0,8,257,Fim de Semana,Latte Baunilha,16.0,Sanduíche Caprese,19.0,Delivery,Débito,35.0
2026-04-02,Thursday,0,7,76,Ocasional,Mocha Belga,18.0,Sanduíche Caprese,19.0,Delivery,Débito,37.0
2026-04-02,Thursday,0,8,251,Trabalhador,Latte Baunilha,16.0,Cookie Artesanal,9.0,Balcão,Débito,25.0
2026-04-02,Thursday,0,17,82,Ocasional,Cappuccino Italiano,14.0,Bolo Red Velvet,15.0,Delivery,Pix,29.0
2026-04-02,Thursday,0,12,100,Fim de Semana,Cold Brew Especial,17.0,Sanduíche Caprese,19.0,Balcão,Débito,36.0
2026-04-02,Thursday,0,20,224,Fim de Semana,Latte Baunilha,16.0,Torta de Limão Siciliano,16.0,Balcão,Débito,32.0
2026-04-02,Thursday,0,15,42,Ocasional,Latte Baunilha,16.0,Quiche de Alho Poró,18.0,Balcão,Pix,34.0
2026-04-02,Thursday,0,11,181,Ocasional,Espresso Premium,9.5,Quiche de Alho Poró,18.0,Balcão,Pix,27.5
2026-04-02,Thursday,0,14,143,Trabalhador,Chá Orgânico,12.0,Torta de Limão Siciliano,16.0,Balcão,Débito,28.0
2026-04-02,Thursday,0,15,64,Fim de Semana,Espresso Premium,9.5,Torta de Limão Siciliano,16.0,Delivery,Débito,25.5
2026-04-02,Thursday,0,14,298,Fim de Semana,Mocha Belga,18.0,Sanduíche Caprese,19.0,Balcão,Débito,37.0
2026-04-02,Thursday,0,12,278,Trabalhador,Cappuccino Italiano,14.0,Torta de Limão Siciliano,16.0,Balcão,Pix,30.0
2026-04-02,Thursday,0,7,8,Trabalhador,Chá Orgânico,12.0,Croissant Francês,13.0,Delivery,Crédito,25.0
2026-04-02,Thursday,0,20,232,Trabalhador,Cappuccino Italiano,14.0,Croissant Francês,13.0,Balcão,Pix,27.0
2026-04-02,Thursday,0,19,211,Fim de Semana,Cappuccino Italiano,14.0,Torta de Limão Siciliano,16.0,Balcão,Débito,30.0
2026-04-02,Thursday,0,9,188,Fim de Semana,Mocha Belga,18.0,Quiche de Alho Poró,18.0,Delivery,Pix,36.0
2026-04-02,Thursday,0,20,185,Trabalhador,Chá Orgânico,12.0,Torta de Limão Siciliano,16.0,Balcão,Pix,28.0
2026-04-02,Thursday,0,9,3,Trabalhador,Espresso Premium,9.5,Croissant Francês,13.0,Delivery,Débito,22.5
2026-04-02,Thursday,0,7,29,Ocasional,Mocha Belga,18.0,Croissant Francês,13.0,Delivery,Crédito,31.0
2026-04-02,Thursday,0,8,130,Trabalhador,Chá Orgânico,12.0,Cookie Artesanal,9.0,Delivery,Débito,21.0
2026-04-02,Thursday,0,16,175,Ocasional,Chá Orgânico,12.0,Croissant Francês,13.0,Balcão,Pix,25.0
2026-04-02,Thursday,0,7,47,Fim de Semana,Cold Brew Especial,17.0,Sanduíche Caprese,19.0,Delivery,Débito,36.0
2026-04-02,Thursday,0,12,281,Fim de Semana,Espresso Premium,9.5,Croissant Francês,13.0,Balcão,Débito,22.5
2026-04-02,Thursday,0,10,228,Fim de Semana,Latte Baunilha,16.0,Cookie Artesanal,9.0,Balcão,Débito,25.0
2026-04-02,Thursday,0,11,102,Trabalhador,Mocha Belga,18.0,Croissant Francês,13.0,Delivery,Crédito,31.0
2026-04-02,Thursday,0,9,212,Trabalhador,Latte Baunilha,16.0,Sanduíche Caprese,19.0,Delivery,Pix,35.0
2026-04-02,Thursday,0,18,194,Ocasional,Mocha Belga,18.0,Croissant Francês,13.0,Delivery,Crédito,31.0
2026-04-02,Thursday,0,18,7,Trabalhador,Espresso Premium,9.5,Bolo Red Velvet,15.0,Balcão,Crédito,24.5
2026-04-02,Thursday,0,10,21,Ocasional,Cappuccino Italiano,14.0,Torta de Limão Siciliano,16.0,Balcão,Pix,30.0
2026-04-02,Thursday,0,8,33,Trabalhador,Cold Brew Especial,17.0,Bolo Red Velvet,15.0,Delivery,Débito,32.0
2026-04-02,Thursday,0,11,120,Ocasional,Cappuccino Italiano,14.0,Quiche de Alho Poró,18.0,Delivery,Pix,32.0
2026-04-02,Thursday,0,12,74,Trabalhador,Espresso Premium,9.5,Cookie Artesanal,9.0,Balcão,Pix,18.5
2026-04-02,Thursday,0,14,18,Ocasional,Cappuccino Italiano,14.0,Bolo Red Velvet,15.0,Balcão,Débito,29.0
2026-04-02,Thursday,0,15,173,Fim de Semana,Espresso Premium,9.5,Quiche de Alho Poró,18.0,Delivery,Débito,27.5
2026-04-02,Thursday,0,16,220,Ocasional,Latte Baunilha,16.0,Sanduíche Caprese,19.0,Balcão,Débito,35.0
2026-04-02,Thursday,0,18,38,Fim de Semana,Cappuccino Italiano,14.0,Quiche de Alho Poró,18.0,Balcão,Pix,32.0
2026-04-02,Thursday,0,17,20,Fim de Semana,Latte Baunilha,16.0,Croissant Francês,13.0,Delivery,Crédito,29.0
2026-04-02,Thursday,0,10,244,Ocasional,Cold Brew Especial,17.0,Sanduíche Caprese,19.0,Balcão,Débito,36.0
2026-04-02,Thursday,0,7,283,Ocasional,Latte Baunilha,16.0,Sanduíche Caprese,19.0,Delivery,Débito,35.0
2026-04-02,Thursday,0,16,134,Ocasional,Cold Brew Especial,17.0,Sanduíche Caprese,19.0,Balcão,Crédito,36.0
2026-04-02,Thursday,0,12,109,Fim de Semana,Chá Orgânico,12.0,Quiche de Alho Poró,18.0,Delivery,Débito,30.0
2026-04-02,Thursday,0,11,68,Trabalhador,Chá Orgânico,12.0,Torta de Limão Siciliano,16.0,Delivery,Pix,28.0
2026-04-02,Thursday,0,16,104,Fim de Semana,Cold Brew Especial,17.0,Cookie Artesanal,9.0,Delivery,Crédito,26.0
2026-04-02,Thursday,0,19,92,Trabalhador,Cappuccino Italiano,14.0,Torta de Limão Siciliano,16.0,Balcão,Pix,30.0
2026-04-02,Thursday,0,14,166,Trabalhador,Espresso Premium,9.5,Cookie Artesanal,9.0,Balcão,Crédito,18.5
2026-04-02,Thursday,0,15,208,Fim de Semana,Espresso Premium,9.5,Bolo Red Velvet,15.0,Delivery,Débito,24.5
2026-04-02,Thursday,0,13,217,Trabalhador,Cold Brew Especial,17.0,Quiche de Alho Poró,18.0,Delivery,Débito,35.0
2026-04-02,Thursday,0,19,91,Ocasional,Cappuccino Italiano,14.0,Cookie Artesanal,9.0,Balcão,Crédito,23.0
2026-04-02,Thursday,0,8,142,Ocasional,Espresso Premium,9.5,Croissant Francês,13.0,Delivery,Pix,22.5
2026-04-02,Thursday,0,16,272,Ocasional,Latte Baunilha,16.0,Croissant Francês,13.0,Balcão,Débito,29.0
2026-04-02,Thursday,0,7,287,Ocasional,Espresso Premium,9.5,Quiche de Alho Poró,18.0,Balcão,Pix,27.5
2026-04-02,Thursday,0,8,178,Fim de Semana,Cold Brew Especial,17.0,Sanduíche Caprese,19.0,Delivery,Pix,36.0
2026-04-02,Thursday,0,19,112,Ocasional,Cold Brew Especial,17.0,Bolo Red Velvet,15.0,Balcão,Pix,32.0
2026-04-02,Thursday,0,8,110,Trabalhador,Latte Baunilha,16.0,Bolo Red Velvet,15.0,Balcão,Pix,31.0
2026-04-02,Thursday,0,9,102,Fim de Semana,Latte Baunilha,16.0,Quiche de Alho Poró,18.0,Balcão,Débito,34.0
2026-04-02,Thursday,0,19,194,Trabalhador,Chá Orgânico,12.0,Croissant Francês,13.0,Balcão,Pix,25.0
2026-04-02,Thursday,0,11,213,Fim de Semana,Cold Brew Especial,17.0,Croissant Francês,13.0,Delivery,Débito,30.0
2026-04-02,Thursday,0,20,211,Ocasional,Chá Orgânico,12.0,Sanduíche Caprese,19.0,Delivery,Débito,31.0
2026-04-02,Thursday,0,7,253,Fim de Semana,Mocha Belga,18.0,Sanduíche Caprese,19.0,Balcão,Crédito,37.0
2026-04-02,Thursday,0,18,248,Ocasional,Cold Brew Especial,17.0,Quiche de Alho Poró,18.0,Delivery,Pix,35.0
2026-04-03,Friday,0,15,13,Ocasional,Espresso Premium,9.5,Quiche de Alho Poró,18.0,Balcão,Pix,27.5
2026-04-03,Friday,0,8,237,Trabalhador,Latte Baunilha,16.0,Torta de Limão Siciliano,16.0,Delivery,Crédito,32.0
2026-04-03,Friday,0,8,288,Trabalhador,Espresso Premium,9.5,Sanduíche Caprese,19.0,Delivery,Pix,28.5
2026-04-03,Friday,0,8,84,Trabalhador,Latte Baunilha,16.0,Torta de Limão Siciliano,16.0,Balcão,Pix,32.0
2026-04-03,Friday,0,8,278,Trabalhador,Latte Baunilha,16.0,Croissant Francês,13.0,Balcão,Débito,29.0
2026-04-03,Friday,0,8,255,Trabalhador,Mocha Belga,18.0,Bolo Red Velvet,15.0,Delivery,Débito,33.0
2026-04-03,Friday,0,13,99,Ocasional,Cappuccino Italiano,14.0,Torta de Limão Siciliano,16.0,Balcão,Crédito,30.0
2026-04-03,Friday,0,7,261,Ocasional,Chá Orgânico,12.0,Sanduíche Caprese,19.0,Delivery,Pix,31.0
2026-04-03,Friday,0,11,170,Fim de Semana,Cold Brew Especial,17.0,Croissant Francês,13.0,Balcão,Pix,30.0
2026-04-03,Friday,0,11,35,Ocasional,Espresso Premium,9.5,Cookie Artesanal,9.0,Delivery,Crédito,18.5
2026-04-03,Friday,0,7,127,Trabalhador,Latte Baunilha,16.0,Bolo Red Velvet,15.0,Delivery,Pix,31.0
2026-04-03,Friday,0,10,177,Trabalhador,Espresso Premium,9.5,Croissant Francês,13.0,Balcão,Débito,22.5
2026-04-03,Friday,0,9,148,Trabalhador,Espresso Premium,9.5,Cookie Artesanal,9.0,Delivery,Débito,18.5
2026-04-03,Friday,0,11,192,Fim de Semana,Cappuccino Italiano,14.0,Torta de Limão Siciliano,16.0,Delivery,Pix,30.0
2026-04-03,Friday,0,20,67,Trabalhador,Latte Baunilha,16.0,Bolo Red Velvet,15.0,Balcão,Pix,31.0
2026-04-03,Friday,0,20,30,Ocasional,Mocha Belga,18.0,Quiche de Alho Poró,18.0,Balcão,Débito,36.0
2026-04-03,Friday,0,11,214,Ocasional,Cold Brew Especial,17.0,Torta de Limão Siciliano,16.0,Balcão,Crédito,33.0
2026-04-03,Friday,0,7,243,Ocasional,Cold Brew Especial,17.0,Quiche de Alho Poró,18.0,Balcão,Débito,35.0
2026-04-03,Friday,0,18,173,Trabalhador,Latte Baunilha,16.0,Torta de Limão Siciliano,16.0,Balcão,Pix,32.0
2026-04-03,Friday,0,18,166,Ocasional,Cold Brew Especial,17.0,Cookie Artesanal,9.0,Balcão,Débito,26.0
2026-04-03,Friday,0,12,187,Fim de Semana,Chá Orgânico,12.0,Bolo Red Velvet,15.0,Delivery,Débito,27.0
2026-04-03,Friday,0,16,30,Ocasional,Espresso Premium,9.5,Quiche de Alho Poró,18.0,Balcão,Crédito,27.5
2026-04-03,Friday,0,10,170,Fim de Semana,Chá Orgânico,12.0,Bolo Red Velvet,15.0,Delivery,Pix,27.0
2026-04-03,Friday,0,10,45,Fim de Semana,Chá Orgânico,12.0,Croissant Francês,13.0,Delivery,Pix,25.0
2026-04-03,Friday,0,16,23,Trabalhador,Mocha Belga,18.0,Cookie Artesanal,9.0,Delivery,Pix,27.0
2026-04-03,Friday,0,17,287,Fim de Semana,Latte Baunilha,16.0,Croissant Francês,13.0,Balcão,Crédito,29.0
2026-04-03,Friday,0,11,73,Trabalhador,Chá Orgânico,12.0,Quiche de Alho Poró,18.0,Balcão,Pix,30.0
2026-04-03,Friday,0,7,242,Ocasional,Cappuccino Italiano,14.0,Quiche de Alho Poró,18.0,Delivery,Débito,32.0
2026-04-03,Friday,0,18,296,Fim de Semana,Chá Orgânico,12.0,Croissant Francês,13.0,Balcão,Débito,25.0
2026-04-03,Friday,0,14,90,Fim de Semana,Latte Baunilha,16.0,Bolo Red Velvet,15.0,Balcão,Débito,31.0
2026-04-03,Friday,0,14,88,Fim de Semana,Latte Baunilha,16.0,Bolo Red Velvet,15.0,Delivery,Pix,31.0
2026-04-03,Friday,0,9,154,Trabalhador,Chá Orgânico,12.0,Quiche de Alho Poró,18.0,Balcão,Pix,30.0
2026-04-03,Friday,0,10,110,Fim de Semana,Cappuccino Italiano,14.0,Cookie Artesanal,9.0,Delivery,Débito,23.0
2026-04-03,Friday,0,11,21,Fim de Semana,Cappuccino Italiano,14.0,Croissant Francês,13.0,Balcão,Crédito,27.0
2026-04-03,Friday,0,13,249,Ocasional,Cappuccino Italiano,14.0,Bolo Red Velvet,15.0,Balcão,Crédito,29.0
2026-04-03,Friday,0,20,145,Fim de Semana,Cappuccino Italiano,14.0,Quiche de Alho Poró,18.0,Delivery,Crédito,32.0
2026-04-03,Friday,0,17,109,Trabalhador,Chá Orgânico,12.0,Torta de Limão Siciliano,16.0,Delivery,Crédito,28.0
2026-04-03,Friday,0,14,146,Fim de Semana,Latte Baunilha,16.0,Croissant Francês,13.0,Delivery,Crédito,29.0
2026-04-03,Friday,0,13,184,Trabalhador,Latte Baunilha,16.0,Quiche de Alho Poró,18.0,Balcão,Pix,34.0
2026-04-03,Friday,0,11,258,Ocasional,Cappuccino Italiano,14.0,Sanduíche Caprese,19.0,Delivery,Pix,33.0
2026-04-03,Friday,0,13,160,Trabalhador,Cold Brew Especial,17.0,Torta de Limão Siciliano,16.0,Delivery,Pix,33.0
2026-04-03,Friday,0,10,66,Ocasional,Cappuccino Italiano,14.0,Cookie Artesanal,9.0,Delivery,Débito,23.0
2026-04-03,Friday,0,17,211,Ocasional,Espresso Premium,9.5,Bolo Red Velvet,15.0,Delivery,Crédito,24.5
2026-04-03,Friday,0,18,174,Fim de Semana,Chá Orgânico,12.0,Quiche de Alho Poró,18.0,Balcão,Pix,30.0
2026-04-03,Friday,0,19,172,Trabalhador,Latte Baunilha,16.0,Croissant Francês,13.0,Balcão,Pix,29.0
2026-04-03,Friday,0,7,299,Ocasional,Cappuccino Italiano,14.0,Torta de Limão Siciliano,16.0,Delivery,Pix,30.0
2026-04-03,Friday,0,20,76,Fim de Semana,Latte Baunilha,16.0,Sanduíche Caprese,19.0,Delivery,Pix,35.0
2026-04-03,Friday,0,9,295,Fim de Semana,Latte Baunilha,16.0,Sanduíche Caprese,19.0,Delivery,Pix,35.0
2026-04-03,Friday,0,19,12,Trabalhador,Cold Brew Especial,17.0,Quiche de Alho Poró,18.0,Delivery,Pix,35.0
2026-04-03,Friday,0,18,190,Trabalhador,Mocha Belga,18.0,Croissant Francês,13.0,Delivery,Débito,31.0
2026-04-03,Friday,0,15,143,Fim de Semana,Chá Orgânico,12.0,Quiche de Alho Poró,18.0,Delivery,Débito,30.0
2026-04-03,Friday,0,14,289,Fim de Semana,Cappuccino Italiano,14.0,Quiche de Alho Poró,18.0,Balcão,Débito,32.0
2026-04-03,Friday,0,10,180,Fim de Semana,Mocha Belga,18.0,Torta de Limão Siciliano,16.0,Delivery,Débito,34.0
2026-04-03,Friday,0,18,200,Fim de Semana,Latte Baunilha,16.0,Torta de Limão Siciliano,16.0,Balcão,Crédito,32.0
2026-04-03,Friday,0,15,79,Ocasional,Chá Orgânico,12.0,Croissant Francês,13.0,Balcão,Pix,25.0
2026-04-03,Friday,0,16,98,Fim de Semana,Espresso Premium,9.5,Cookie Artesanal,9.0,Balcão,Débito,18.5
2026-04-03,Friday,0,14,26,Ocasional,Chá Orgânico,12.0,Bolo Red Velvet,15.0,Delivery,Débito,27.0
2026-04-03,Friday,0,14,93,Ocasional,Latte Baunilha,16.0,Sanduíche Caprese,19.0,Balcão,Crédito,35.0
2026-04-03,Friday,0,8,16,Trabalhador,Cappuccino Italiano,14.0,Sanduíche Caprese,19.0,Balcão,Pix,33.0
2026-04-03,Friday,0,13,276,Fim de Semana,Latte Baunilha,16.0,Bolo Red Velvet,15.0,Delivery,Crédito,31.0
2026-04-03,Friday,0,19,142,Fim de Semana,Mocha Belga,18.0,Quiche de Alho Poró,18.0,Delivery,Pix,36.0
2026-04-03,Friday,0,9,1,Ocasional,Cappuccino Italiano,14.0,Cookie Artesanal,9.0,Balcão,Crédito,23.0
2026-04-03,Friday,0,9,125,Fim de Semana,Espresso Premium,9.5,Sanduíche Caprese,19.0,Balcão,Débito,28.5
2026-04-03,Friday,0,16,121,Trabalhador,Chá Orgânico,12.0,Cookie Artesanal,9.0,Balcão,Débito,21.0
2026-04-03,Friday,0,19,178,Trabalhador,Mocha Belga,18.0,Torta de Limão Siciliano,16.0,Balcão,Pix,34.0
2026-04-03,Friday,0,9,196,Trabalhador,Cold Brew Especial,17.0,Bolo Red Velvet,15.0,Balcão,Pix,32.0
2026-04-03,Friday,0,20,85,Ocasional,Chá Orgânico,12.0,Torta de Limão Siciliano,16.0,Delivery,Crédito,28.0
2026-04-03,Friday,0,15,7,Trabalhador,Latte Baunilha,16.0,Cookie Artesanal,9.0,Delivery,Pix,25.0
2026-04-03,Friday,0,14,216,Trabalhador,Cold Brew Especial,17.0,Cookie Artesanal,9.0,Balcão,Crédito,26.0
2026-04-03,Friday,0,10,212,Trabalhador,Cold Brew Especial,17.0,Sanduíche Caprese,19.0,Balcão,Crédito,36.0
2026-04-03,Friday,0,11,132,Ocasional,Cappuccino Italiano,14.0,Torta de Limão Siciliano,16.0,Balcão,Crédito,30.0
2026-04-03,Friday,0,20,258,Trabalhador,Chá Orgânico,12.0,Torta de Limão Siciliano,16.0,Balcão,Pix,28.0
2026-04-03,Friday,0,20,146,Fim de Semana,Cold Brew Especial,17.0,Cookie Artesanal,9.0,Delivery,Crédito,26.0
2026-04-03,Friday,0,19,243,Ocasional,Latte Baunilha,16.0,Cookie Artesanal,9.0,Delivery,Crédito,25.0
2026-04-03,Friday,0,16,257,Ocasional,Chá Orgânico,12.0,Bolo Red Velvet,15.0,Delivery,Pix,27.0
2026-04-03,Friday,0,14,288,Fim de Semana,Latte Baunilha,16.0,Bolo Red Velvet,15.0,Balcão,Débito,31.0
2026-04-03,Friday,0,16,40,Ocasional,Cappuccino Italiano,14.0,Bolo Red Velvet,15.0,Balcão,Crédito,29.0
2026-04-03,Friday,0,19,131,Ocasional,Chá Orgânico,12.0,Quiche de Alho Poró,18.0,Balcão,Crédito,30.0
2026-04-03,Friday,0,8,92,Ocasional,Latte Baunilha,16.0,Bolo Red Velvet,15.0,Balcão,Crédito,31.0
2026-04-03,Friday,0,15,263,Trabalhador,Cappuccino Italiano,14.0,Quiche de Alho Poró,18.0,Delivery,Débito,32.0
2026-04-03,Friday,0,15,211,Fim de Semana,Chá Orgânico,12.0,Bolo Red Velvet,15.0,Delivery,Pix,27.0
2026-04-04,Saturday,1,9,6,Ocasional,Mocha Belga,18.0,Sanduíche Caprese,19.0,Delivery,Débito,37.0
2026-04-04,Saturday,1,18,161,Ocasional,Chá Orgânico,12.0,Bolo Red Velvet,15.0,Delivery,Pix,27.0
2026-04-04,Saturday,1,17,168,Trabalhador,Latte Baunilha,16.0,Sanduíche Caprese,19.0,Balcão,Pix,35.0
2026-04-04,Saturday,1,7,284,Fim de Semana,Cappuccino Italiano,14.0,Bolo Red Velvet,15.0,Balcão,Crédito,29.0
2026-04-04,Saturday,1,14,274,Ocasional,Cold Brew Especial,17.0,Cookie Artesanal,9.0,Balcão,Crédito,26.0
2026-04-04,Saturday,1,19,211,Trabalhador,Chá Orgânico,12.0,Quiche de Alho Poró,18.0,Delivery,Débito,30.0
2026-04-04,Saturday,1,16,206,Ocasional,Espresso Premium,9.5,Sanduíche Caprese,19.0,Delivery,Débito,28.5
2026-04-04,Saturday,1,8,29,Fim de Semana,Cappuccino Italiano,14.0,Torta de Limão Siciliano,16.0,Balcão,Pix,30.0
2026-04-04,Saturday,1,16,172,Fim de Semana,Cappuccino Italiano,14.0,Quiche de Alho Poró,18.0,Balcão,Débito,32.0
2026-04-04,Saturday,1,11,292,Trabalhador,Latte Baunilha,16.0,Torta de Limão Siciliano,16.0,Delivery,Crédito,32.0
2026-04-04,Saturday,1,7,248,Trabalhador,Mocha Belga,18.0,Sanduíche Caprese,19.0,Delivery,Débito,37.0
2026-04-04,Saturday,1,8,298,Ocasional,Chá Orgânico,12.0,Sanduíche Caprese,19.0,Delivery,Pix,31.0
2026-04-04,Saturday,1,16,68,Ocasional,Cold Brew Especial,17.0,Sanduíche Caprese,19.0,Delivery,Crédito,36.0
2026-04-04,Saturday,1,11,119,Fim de Semana,Latte Baunilha,16.0,Bolo Red Velvet,15.0,Balcão,Débito,31.0
2026-04-04,Saturday,1,15,80,Ocasional,Cold Brew Especial,17.0,Torta de Limão Siciliano,16.0,Balcão,Débito,33.0
2026-04-04,Saturday,1,19,106,Ocasional,Espresso Premium,9.5,Quiche de Alho Poró,18.0,Balcão,Crédito,27.5
2026-04-04,Saturday,1,15,298,Ocasional,Latte Baunilha,16.0,Croissant Francês,13.0,Balcão,Pix,29.0
2026-04-04,Saturday,1,11,227,Fim de Semana,Cappuccino Italiano,14.0,Sanduíche Caprese,19.0,Balcão,Pix,33.0
2026-04-04,Saturday,1,16,259,Fim de Semana,Mocha Belga,18.0,Torta de Limão Siciliano,16.0,Delivery,Crédito,34.0
2026-04-04,Saturday,1,10,241,Ocasional,Cappuccino Italiano,14.0,Cookie Artesanal,9.0,Balcão,Crédito,23.0
2026-04-04,Saturday,1,8,211,Ocasional,Cold Brew Especial,17.0,Sanduíche Caprese,19.0,Delivery,Débito,36.0
2026-04-04,Saturday,1,15,76,Ocasional,Espresso Premium,9.5,Quiche de Alho Poró,18.0,Delivery,Crédito,27.5
2026-04-04,Saturday,1,11,38,Fim de Semana,Cold Brew Especial,17.0,Bolo Red Velvet,15.0,Delivery,Pix,32.0
2026-04-04,Saturday,1,9,33,Ocasional,Chá Orgânico,12.0,Sanduíche Caprese,19.0,Balcão,Débito,31.0
2026-04-04,Saturday,1,10,123,Trabalhador,Espresso Premium,9.5,Cookie Artesanal,9.0,Delivery,Crédito,18.5
2026-04-04,Saturday,1,16,207,Fim de Semana,Cold Brew Especial,17.0,Bolo Red Velvet,15.0,Balcão,Pix,32.0
2026-04-04,Saturday,1,19,288,Ocasional,Latte Baunilha,16.0,Quiche de Alho Poró,18.0,Delivery,Crédito,34.0
2026-04-04,Saturday,1,13,245,Fim de Semana,Cappuccino Italiano,14.0,Quiche de Alho Poró,18.0,Delivery,Pix,32.0
2026-04-04,Saturday,1,8,297,Trabalhador,Espresso Premium,9.5,Torta de Limão Siciliano,16.0,Delivery,Crédito,25.5
2026-04-04,Saturday,1,16,163,Fim de Semana,Cappuccino Italiano,14.0,Torta de Limão Siciliano,16.0,Delivery,Crédito,30.0
2026-04-04,Saturday,1,7,32,Trabalhador,Latte Baunilha,16.0,Bolo Red Velvet,15.0,Delivery,Pix,31.0
2026-04-04,Saturday,1,7,46,Trabalhador,Latte Baunilha,16.0,Sanduíche Caprese,19.0,Balcão,Pix,35.0
2026-04-04,Saturday,1,11,126,Ocasional,Mocha Belga,18.0,Sanduíche Caprese,19.0,Balcão,Pix,37.0
2026-04-04,Saturday,1,8,169,Ocasional,Espresso Premium,9.5,Croissant Francês,13.0,Delivery,Crédito,22.5
2026-04-04,Saturday,1,14,42,Trabalhador,Espresso Premium,9.5,Bolo Red Velvet,15.0,Delivery,Crédito,24.5
2026-04-04,Saturday,1,18,181,Fim de Semana,Chá Orgânico,12.0,Bolo Red Velvet,15.0,Balcão,Crédito,27.0
2026-04-04,Saturday,1,20,186,Fim de Semana,Espresso Premium,9.5,Bolo Red Velvet,15.0,Balcão,Pix,24.5
2026-04-04,Saturday,1,20,215,Trabalhador,Mocha Belga,18.0,Sanduíche Caprese,19.0,Delivery,Débito,37.0
2026-04-04,Saturday,1,7,13,Fim de Semana,Chá Orgânico,12.0,Bolo Red Velvet,15.0,Balcão,Crédito,27.0
2026-04-04,Saturday,1,15,75,Ocasional,Espresso Premium,9.5,Sanduíche Caprese,19.0,Balcão,Crédito,28.5
2026-04-04,Saturday,1,13,282,Fim de Semana,Espresso Premium,9.5,Croissant Francês,13.0,Delivery,Débito,22.5
2026-04-04,Saturday,1,14,233,Trabalhador,Espresso Premium,9.5,Croissant Francês,13.0,Delivery,Débito,22.5
2026-04-04,Saturday,1,15,155,Ocasional,Chá Orgânico,12.0,Sanduíche Caprese,19.0,Delivery,Débito,31.0
2026-04-04,Saturday,1,8,58,Trabalhador,Espresso Premium,9.5,Quiche de Alho Poró,18.0,Balcão,Crédito,27.5
2026-04-04,Saturday,1,17,121,Fim de Semana,Latte Baunilha,16.0,Croissant Francês,13.0,Balcão,Débito,29.0
2026-04-04,Saturday,1,8,291,Ocasional,Cold Brew Especial,17.0,Bolo Red Velvet,15.0,Balcão,Débito,32.0
2026-04-04,Saturday,1,9,14,Fim de Semana,Cold Brew Especial,17.0,Torta de Limão Siciliano,16.0,Balcão,Crédito,33.0
2026-04-04,Saturday,1,13,58,Trabalhador,Latte Baunilha,16.0,Sanduíche Caprese,19.0,Balcão,Débito,35.0
2026-04-04,Saturday,1,15,10,Trabalhador,Latte Baunilha,16.0,Croissant Francês,13.0,Balcão,Pix,29.0
2026-04-04,Saturday,1,13,24,Ocasional,Cappuccino Italiano,14.0,Croissant Francês,13.0,Balcão,Crédito,27.0
2026-04-04,Saturday,1,12,121,Fim de Semana,Latte Baunilha,16.0,Cookie Artesanal,9.0,Balcão,Crédito,25.0
2026-04-04,Saturday,1,15,245,Fim de Semana,Chá Orgânico,12.0,Bolo Red Velvet,15.0,Delivery,Pix,27.0
2026-04-04,Saturday,1,7,200,Trabalhador,Espresso Premium,9.5,Cookie Artesanal,9.0,Delivery,Débito,18.5
2026-04-04,Saturday,1,19,117,Ocasional,Cold Brew Especial,17.0,Torta de Limão Siciliano,16.0,Balcão,Crédito,33.0
2026-04-04,Saturday,1,19,176,Trabalhador,Mocha Belga,18.0,Croissant Francês,13.0,Balcão,Débito,31.0
2026-04-04,Saturday,1,17,4,Trabalhador,Latte Baunilha,16.0,Sanduíche Caprese,19.0,Balcão,Crédito,35.0
2026-04-04,Saturday,1,19,1,Trabalhador,Espresso Premium,9.5,Bolo Red Velvet,15.0,Delivery,Pix,24.5
2026-04-04,Saturday,1,11,146,Trabalhador,Espresso Premium,9.5,Bolo Red Velvet,15.0,Delivery,Pix,24.5
2026-04-04,Saturday,1,7,109,Trabalhador,Chá Orgânico,12.0,Torta de Limão Siciliano,16.0,Balcão,Débito,28.0
2026-04-04,Saturday,1,16,49,Ocasional,Latte Baunilha,16.0,Cookie Artesanal,9.0,Delivery,Débito,25.0
2026-04-04,Saturday,1,7,289,Trabalhador,Mocha Belga,18.0,Quiche de Alho Poró,18.0,Balcão,Crédito,36.0
2026-04-04,Saturday,1,20,231,Trabalhador,Mocha Belga,18.0,Cookie Artesanal,9.0,Delivery,Pix,27.0
2026-04-04,Saturday,1,7,40,Fim de Semana,Chá Orgânico,12.0,Quiche de Alho Poró,18.0,Balcão,Crédito,30.0
2026-04-04,Saturday,1,17,115,Trabalhador,Latte Baunilha,16.0,Torta de Limão Siciliano,16.0,Balcão,Crédito,32.0
2026-04-04,Saturday,1,8,101,Trabalhador,Espresso Premium,9.5,Torta de Limão Siciliano,16.0,Balcão,Crédito,25.5
2026-04-04,Saturday,1,14,90,Ocasional,Chá Orgânico,12.0,Bolo Red Velvet,15.0,Balcão,Pix,27.0
2026-04-04,Saturday,1,8,146,Ocasional,Cappuccino Italiano,14.0,Croissant Francês,13.0,Delivery,Crédito,27.0
2026-04-04,Saturday,1,13,262,Fim de Semana,Cold Brew Especial,17.0,Cookie Artesanal,9.0,Balcão,Débito,26.0
2026-04-04,Saturday,1,8,133,Ocasional,Cold Brew Especial,17.0,Bolo Red Velvet,15.0,Balcão,Crédito,32.0
2026-04-04,Saturday,1,17,117,Ocasional,Latte Baunilha,16.0,Cookie Artesanal,9.0,Balcão,Pix,25.0
2026-04-04,Saturday,1,17,108,Fim de Semana,Espresso Premium,9.5,Croissant Francês,13.0,Delivery,Crédito,22.5
2026-04-04,Saturday,1,14,237,Fim de Semana,Latte Baunilha,16.0,Bolo Red Velvet,15.0,Balcão,Crédito,31.0
2026-04-04,Saturday,1,15,132,Ocasional,Cold Brew Especial,17.0,Torta de Limão Siciliano,16.0,Balcão,Crédito,33.0
2026-04-04,Saturday,1,19,146,Fim de Semana,Cold Brew Especial,17.0,Sanduíche Caprese,19.0,Balcão,Pix,36.0
2026-04-04,Saturday,1,18,44,Ocasional,Espresso Premium,9.5,Cookie Artesanal,9.0,Balcão,Crédito,18.5
2026-04-04,Saturday,1,16,120,Ocasional,Cappuccino Italiano,14.0,Sanduíche Caprese,19.0,Balcão,Pix,33.0
2026-04-04,Saturday,1,8,83,Ocasional,Cold Brew Especial,17.0,Croissant Francês,13.0,Balcão,Pix,30.0
2026-04-04,Saturday,1,13,119,Ocasional,Cold Brew Especial,17.0,Croissant Francês,13.0,Delivery,Débito,30.0
2026-04-04,Saturday,1,19,11,Trabalhador,Mocha Belga,18.0,Bolo Red Velvet,15.0,Delivery,Crédito,33.0
2026-04-04,Saturday,1,8,4,Ocasional,Espresso Premium,9.5,Cookie Artesanal,9.0,Balcão,Crédito,18.5
2026-04-04,Saturday,1,7,178,Fim de Semana,Cappuccino Italiano,14.0,Bolo Red Velvet,15.0,Delivery,Débito,29.0
2026-04-04,Saturday,1,14,90,Ocasional,Latte Baunilha,16.0,Croissant Francês,13.0,Delivery,Débito,29.0
2026-04-04,Saturday,1,16,86,Ocasional,Cold Brew Especial,17.0,Cookie Artesanal,9.0,Delivery,Pix,26.0
2026-04-04,Saturday,1,15,122,Trabalhador,Cold Brew Especial,17.0,Cookie Artesanal,9.0,Delivery,Pix,26.0
2026-04-04,Saturday,1,17,135,Trabalhador,Espresso Premium,9.5,Sanduíche Caprese,19.0,Delivery,Débito,28.5
2026-04-04,Saturday,1,20,212,Ocasional,Espresso Premium,9.5,Cookie Artesanal,9.0,Balcão,Crédito,18.5
2026-04-04,Saturday,1,16,222,Trabalhador,Latte Baunilha,16.0,Cookie Artesanal,9.0,Balcão,Crédito,25.0
2026-04-05,Sunday,1,10,54,Trabalhador,Cappuccino Italiano,14.0,Sanduíche Caprese,19.0,Delivery,Crédito,33.0
2026-04-05,Sunday,1,20,29,Ocasional,Cold Brew Especial,17.0,Sanduíche Caprese,19.0,Delivery,Débito,36.0
2026-04-05,Sunday,1,9,14,Ocasional,Cappuccino Italiano,14.0,Cookie Artesanal,9.0,Balcão,Crédito,23.0
2026-04-05,Sunday,1,8,8,Trabalhador,Mocha Belga,18.0,Sanduíche Caprese,19.0,Balcão,Pix,37.0
2026-04-05,Sunday,1,14,297,Trabalhador,Espresso Premium,9.5,Bolo Red Velvet,15.0,Balcão,Crédito,24.5
2026-04-05,Sunday,1,13,265,Fim de Semana,Mocha Belga,18.0,Cookie Artesanal,9.0,Balcão,Crédito,27.0
2026-04-05,Sunday,1,14,152,Fim de Semana,Mocha Belga,18.0,Cookie Artesanal,9.0,Delivery,Crédito,27.0
2026-04-05,Sunday,1,13,15,Ocasional,Latte Baunilha,16.0,Torta de Limão Siciliano,16.0,Balcão,Débito,32.0
2026-04-05,Sunday,1,14,284,Trabalhador,Latte Baunilha,16.0,Croissant Francês,13.0,Balcão,Débito,29.0
2026-04-05,Sunday,1,10,163,Ocasional,Cappuccino Italiano,14.0,Sanduíche Caprese,19.0,Delivery,Crédito,33.0
2026-04-05,Sunday,1,7,195,Ocasional,Cappuccino Italiano,14.0,Torta de Limão Siciliano,16.0,Delivery,Débito,30.0
2026-04-05,Sunday,1,20,153,Fim de Semana,Chá Orgânico,12.0,Quiche de Alho Poró,18.0,Delivery,Pix,30.0
2026-04-05,Sunday,1,16,12,Fim de Semana,Cappuccino Italiano,14.0,Croissant Francês,13.0,Balcão,Débito,27.0
2026-04-05,Sunday,1,9,264,Fim de Semana,Latte Baunilha,16.0,Bolo Red Velvet,15.0,Delivery,Débito,31.0
2026-04-05,Sunday,1,9,110,Ocasional,Cappuccino Italiano,14.0,Quiche de Alho Poró,18.0,Delivery,Pix,32.0
2026-04-05,Sunday,1,9,222,Ocasional,Cold Brew Especial,17.0,Sanduíche Caprese,19.0,Delivery,Crédito,36.0
2026-04-05,Sunday,1,9,220,Fim de Semana,Latte Baunilha,16.0,Quiche de Alho Poró,18.0,Balcão,Crédito,34.0
2026-04-05,Sunday,1,8,154,Trabalhador,Chá Orgânico,12.0,Sanduíche Caprese,19.0,Balcão,Pix,31.0
2026-04-05,Sunday,1,15,178,Trabalhador,Latte Baunilha,16.0,Cookie Artesanal,9.0,Delivery,Débito,25.0
2026-04-05,Sunday,1,11,278,Ocasional,Latte Baunilha,16.0,Bolo Red Velvet,15.0,Balcão,Crédito,31.0
2026-04-05,Sunday,1,13,200,Trabalhador,Cappuccino Italiano,14.0,Cookie Artesanal,9.0,Balcão,Pix,23.0
2026-04-05,Sunday,1,9,46,Fim de Semana,Chá Orgânico,12.0,Quiche de Alho Poró,18.0,Delivery,Crédito,30.0
2026-04-05,Sunday,1,20,125,Fim de Semana,Cold Brew Especial,17.0,Quiche de Alho Poró,18.0,Delivery,Pix,35.0
2026-04-05,Sunday,1,17,276,Trabalhador,Mocha Belga,18.0,Cookie Artesanal,9.0,Balcão,Crédito,27.0
2026-04-05,Sunday,1,12,226,Fim de Semana,Cold Brew Especial,17.0,Bolo Red Velvet,15.0,Balcão,Crédito,32.0
2026-04-05,Sunday,1,7,214,Ocasional,Chá Orgânico,12.0,Quiche de Alho Poró,18.0,Balcão,Débito,30.0
2026-04-05,Sunday,1,8,71,Fim de Semana,Cold Brew Especial,17.0,Quiche de Alho Poró,18.0,Delivery,Pix,35.0
2026-04-05,Sunday,1,13,276,Ocasional,Cold Brew Especial,17.0,Croissant Francês,13.0,Balcão,Débito,30.0
2026-04-05,Sunday,1,8,36,Trabalhador,Mocha Belga,18.0,Cookie Artesanal,9.0,Balcão,Crédito,27.0
2026-04-05,Sunday,1,10,149,Trabalhador,Cold Brew Especial,17.0,Bolo Red Velvet,15.0,Delivery,Débito,32.0
2026-04-05,Sunday,1,14,151,Fim de Semana,Cappuccino Italiano,14.0,Croissant Francês,13.0,Delivery,Pix,27.0
2026-04-05,Sunday,1,16,56,Fim de Semana,Mocha Belga,18.0,Cookie Artesanal,9.0,Balcão,Pix,27.0
2026-04-05,Sunday,1,10,95,Ocasional,Cappuccino Italiano,14.0,Torta de Limão Siciliano,16.0,Balcão,Crédito,30.0
2026-04-05,Sunday,1,8,183,Fim de Semana,Cappuccino Italiano,14.0,Bolo Red Velvet,15.0,Balcão,Débito,29.0
2026-04-05,Sunday,1,15,123,Fim de Semana,Espresso Premium,9.5,Quiche de Alho Poró,18.0,Delivery,Pix,27.5
2026-04-05,Sunday,1,19,36,Trabalhador,Chá Orgânico,12.0,Croissant Francês,13.0,Balcão,Pix,25.0
2026-04-05,Sunday,1,15,75,Ocasional,Cold Brew Especial,17.0,Croissant Francês,13.0,Balcão,Débito,30.0
2026-04-05,Sunday,1,11,20,Fim de Semana,Cappuccino Italiano,14.0,Quiche de Alho Poró,18.0,Balcão,Pix,32.0
2026-04-05,Sunday,1,8,57,Trabalhador,Mocha Belga,18.0,Sanduíche Caprese,19.0,Balcão,Pix,37.0
2026-04-05,Sunday,1,13,6,Trabalhador,Cappuccino Italiano,14.0,Croissant Francês,13.0,Delivery,Pix,27.0
2026-04-05,Sunday,1,8,209,Ocasional,Cappuccino Italiano,14.0,Cookie Artesanal,9.0,Delivery,Débito,23.0
2026-04-05,Sunday,1,18,174,Ocasional,Mocha Belga,18.0,Sanduíche Caprese,19.0,Balcão,Crédito,37.0
2026-04-05,Sunday,1,13,27,Trabalhador,Cold Brew Especial,17.0,Cookie Artesanal,9.0,Delivery,Pix,26.0
2026-04-05,Sunday,1,8,262,Ocasional,Espresso Premium,9.5,Croissant Francês,13.0,Delivery,Débito,22.5
2026-04-05,Sunday,1,13,253,Fim de Semana,Cold Brew Especial,17.0,Cookie Artesanal,9.0,Delivery,Crédito,26.0
2026-04-05,Sunday,1,18,5,Ocasional,Chá Orgânico,12.0,Croissant Francês,13.0,Balcão,Débito,25.0
2026-04-05,Sunday,1,8,85,Ocasional,Espresso Premium,9.5,Croissant Francês,13.0,Balcão,Pix,22.5
2026-04-05,Sunday,1,8,255,Ocasional,Chá Orgânico,12.0,Cookie Artesanal,9.0,Delivery,Pix,21.0
2026-04-05,Sunday,1,17,279,Fim de Semana,Cappuccino Italiano,14.0,Torta de Limão Siciliano,16.0,Delivery,Débito,30.0
2026-04-05,Sunday,1,15,118,Trabalhador,Latte Baunilha,16.0,Croissant Francês,13.0,Delivery,Pix,29.0
2026-04-05,Sunday,1,12,187,Trabalhador,Mocha Belga,18.0,Croissant Francês,13.0,Delivery,Pix,31.0
2026-04-05,Sunday,1,9,260,Ocasional,Latte Baunilha,16.0,Quiche de Alho Poró,18.0,Balcão,Pix,34.0
2026-04-05,Sunday,1,15,133,Trabalhador,Cold Brew Especial,17.0,Cookie Artesanal,9.0,Delivery,Crédito,26.0
2026-04-05,Sunday,1,12,272,Trabalhador,Cappuccino Italiano,14.0,Torta de Limão Siciliano,16.0,Balcão,Débito,30.0
2026-04-05,Sunday,1,7,183,Fim de Semana,Latte Baunilha,16.0,Croissant Francês,13.0,Delivery,Débito,29.0
2026-04-05,Sunday,1,17,246,Ocasional,Latte Baunilha,16.0,Cookie Artesanal,9.0,Delivery,Pix,25.0
2026-04-05,Sunday,1,20,24,Trabalhador,Cappuccino Italiano,14.0,Quiche de Alho Poró,18.0,Balcão,Pix,32.0
2026-04-05,Sunday,1,15,27,Fim de Semana,Chá Orgânico,12.0,Quiche de Alho Poró,18.0,Balcão,Pix,30.0
2026-04-05,Sunday,1,11,37,Trabalhador,Chá Orgânico,12.0,Torta de Limão Siciliano,16.0,Delivery,Débito,28.0
2026-04-05,Sunday,1,16,128,Trabalhador,Cappuccino Italiano,14.0,Sanduíche Caprese,19.0,Balcão,Crédito,33.0
2026-04-05,Sunday,1,11,112,Fim de Semana,Chá Orgânico,12.0,Sanduíche Caprese,19.0,Delivery,Crédito,31.0
2026-04-05,Sunday,1,9,190,Ocasional,Cappuccino Italiano,14.0,Torta de Limão Siciliano,16.0,Balcão,Débito,30.0
2026-04-05,Sunday,1,8,78,Trabalhador,Mocha Belga,18.0,Torta de Limão Siciliano,16.0,Balcão,Débito,34.0
2026-04-05,Sunday,1,19,133,Fim de Semana,Latte Baunilha,16.0,Croissant Francês,13.0,Delivery,Crédito,29.0
2026-04-05,Sunday,1,13,235,Fim de Semana,Mocha Belga,18.0,Torta de Limão Siciliano,16.0,Balcão,Crédito,34.0
2026-04-05,Sunday,1,19,182,Trabalhador,Cold Brew Especial,17.0,Bolo Red Velvet,15.0,Delivery,Débito,32.0
2026-04-05,Sunday,1,12,13,Fim de Semana,Latte Baunilha,16.0,Quiche de Alho Poró,18.0,Balcão,Débito,34.0
2026-04-05,Sunday,1,12,1,Trabalhador,Cappuccino Italiano,14.0,Croissant Francês,13.0,Delivery,Crédito,27.0
2026-04-05,Sunday,1,17,194,Fim de Semana,Mocha Belga,18.0,Croissant Francês,13.0,Delivery,Crédito,31.0
2026-04-05,Sunday,1,20,279,Ocasional,Latte Baunilha,16.0,Quiche de Alho Poró,18.0,Balcão,Pix,34.0
2026-04-05,Sunday,1,17,108,Trabalhador,Espresso Premium,9.5,Torta de Limão Siciliano,16.0,Delivery,Crédito,25.5
2026-04-05,Sunday,1,9,147,Trabalhador,Cold Brew Especial,17.0,Quiche de Alho Poró,18.0,Delivery,Débito,35.0
2026-04-05,Sunday,1,16,42,Fim de Semana,Latte Baunilha,16.0,Quiche de Alho Poró,18.0,Delivery,Pix,34.0
2026-04-05,Sunday,1,10,128,Trabalhador,Chá Orgânico,12.0,Quiche de Alho Poró,18.0,Delivery,Débito,30.0
2026-04-05,Sunday,1,15,221,Ocasional,Mocha Belga,18.0,Sanduíche Caprese,19.0,Balcão,Crédito,37.0
2026-04-05,Sunday,1,17,185,Ocasional,Espresso Premium,9.5,Sanduíche Caprese,19.0,Balcão,Crédito,28.5
2026-04-05,Sunday,1,16,244,Ocasional,Mocha Belga,18.0,Quiche de Alho Poró,18.0,Delivery,Crédito,36.0
2026-04-05,Sunday,1,12,90,Ocasional,Espresso Premium,9.5,Croissant Francês,13.0,Delivery,Crédito,22.5
2026-04-05,Sunday,1,17,33,Ocasional,Latte Baunilha,16.0,Torta de Limão Siciliano,16.0,Balcão,Débito,32.0
2026-04-05,Sunday,1,9,102,Fim de Semana,Espresso Premium,9.5,Croissant Francês,13.0,Balcão,Débito,22.5
2026-04-05,Sunday,1,11,62,Trabalhador,Cappuccino Italiano,14.0,Croissant Francês,13.0,Delivery,Pix,27.0
2026-04-05,Sunday,1,13,283,Fim de Semana,Mocha Belga,18.0,Croissant Francês,13.0,Delivery,Débito,31.0
2026-04-05,Sunday,1,19,197,Trabalhador,Latte Baunilha,16.0,Torta de Limão Siciliano,16.0,Delivery,Crédito,32.0
2026-04-05,Sunday,1,15,163,Ocasional,Chá Orgânico,12.0,Sanduíche Caprese,19.0,Balcão,Débito,31.0
2026-04-05,Sunday,1,18,144,Ocasional,Chá Orgânico,12.0,Croissant Francês,13.0,Balcão,Débito,25.0
2026-04-05,Sunday,1,9,233,Fim de Semana,Cappuccino Italiano,14.0,Torta de Limão Siciliano,16.0,Delivery,Pix,30.0
2026-04-05,Sunday,1,8,172,Ocasional,Mocha Belga,18.0,Sanduíche Caprese,19.0,Balcão,Pix,37.0
2026-04-05,Sunday,1,10,112,Trabalhador,Cold Brew Especial,17.0,Sanduíche Caprese,19.0,Balcão,Pix,36.0
2026-04-06,Monday,0,20,140,Ocasional,Chá Orgânico,12.0,Sanduíche Caprese,19.0,Delivery,Débito,31.0
2026-04-06,Monday,0,16,60,Ocasional,Cold Brew Especial,17.0,Croissant Francês,13.0,Delivery,Débito,30.0
2026-04-06,Monday,0,9,176,Fim de Semana,Latte Baunilha,16.0,Torta de Limão Siciliano,16.0,Delivery,Crédito,32.0
2026-04-06,Monday,0,14,17,Fim de Semana,Cold Brew Especial,17.0,Quiche de Alho Poró,18.0,Delivery,Débito,35.0
2026-04-06,Monday,0,10,179,Fim de Semana,Latte Baunilha,16.0,Torta de Limão Siciliano,16.0,Delivery,Débito,32.0
2026-04-06,Monday,0,19,20,Ocasional,Latte Baunilha,16.0,Torta de Limão Siciliano,16.0,Balcão,Débito,32.0
2026-04-06,Monday,0,9,297,Fim de Semana,Mocha Belga,18.0,Quiche de Alho Poró,18.0,Delivery,Crédito,36.0
2026-04-06,Monday,0,17,69,Ocasional,Mocha Belga,18.0,Sanduíche Caprese,19.0,Balcão,Débito,37.0
2026-04-06,Monday,0,12,252,Ocasional,Espresso Premium,9.5,Sanduíche Caprese,19.0,Delivery,Débito,28.5
2026-04-06,Monday,0,10,214,Fim de Semana,Latte Baunilha,16.0,Cookie Artesanal,9.0,Delivery,Pix,25.0
2026-04-06,Monday,0,9,63,Trabalhador,Mocha Belga,18.0,Sanduíche Caprese,19.0,Delivery,Débito,37.0
2026-04-06,Monday,0,12,251,Trabalhador,Cappuccino Italiano,14.0,Cookie Artesanal,9.0,Balcão,Crédito,23.0
2026-04-06,Monday,0,8,211,Fim de Semana,Cold Brew Especial,17.0,Cookie Artesanal,9.0,Delivery,Crédito,26.0
2026-04-06,Monday,0,8,111,Fim de Semana,Cappuccino Italiano,14.0,Bolo Red Velvet,15.0,Balcão,Crédito,29.0
2026-04-06,Monday,0,8,211,Fim de Semana,Mocha Belga,18.0,Quiche de Alho Poró,18.0,Balcão,Pix,36.0
2026-04-06,Monday,0,19,297,Ocasional,Latte Baunilha,16.0,Sanduíche Caprese,19.0,Balcão,Pix,35.0
2026-04-06,Monday,0,16,218,Fim de Semana,Cold Brew Especial,17.0,Sanduíche Caprese,19.0,Delivery,Crédito,36.0
2026-04-06,Monday,0,14,85,Ocasional,Latte Baunilha,16.0,Cookie Artesanal,9.0,Balcão,Pix,25.0
2026-04-06,Monday,0,17,90,Fim de Semana,Mocha Belga,18.0,Bolo Red Velvet,15.0,Delivery,Crédito,33.0
2026-04-06,Monday,0,20,160,Fim de Semana,Mocha Belga,18.0,Torta de Limão Siciliano,16.0,Balcão,Pix,34.0
2026-04-06,Monday,0,9,54,Trabalhador,Chá Orgânico,12.0,Torta de Limão Siciliano,16.0,Balcão,Pix,28.0
2026-04-06,Monday,0,10,227,Ocasional,Latte Baunilha,16.0,Quiche de Alho Poró,18.0,Balcão,Crédito,34.0
2026-04-06,Monday,0,20,142,Ocasional,Chá Orgânico,12.0,Cookie Artesanal,9.0,Balcão,Crédito,21.0
2026-04-06,Monday,0,11,258,Ocasional,Cold Brew Especial,17.0,Sanduíche Caprese,19.0,Delivery,Pix,36.0
2026-04-06,Monday,0,13,237,Ocasional,Cold Brew Especial,17.0,Croissant Francês,13.0,Balcão,Débito,30.0
2026-04-06,Monday,0,16,49,Fim de Semana,Mocha Belga,18.0,Cookie Artesanal,9.0,Delivery,Pix,27.0
2026-04-06,Monday,0,13,253,Fim de Semana,Chá Orgânico,12.0,Torta de Limão Siciliano,16.0,Balcão,Débito,28.0
2026-04-06,Monday,0,8,41,Trabalhador,Latte Baunilha,16.0,Quiche de Alho Poró,18.0,Balcão,Crédito,34.0
2026-04-06,Monday,0,8,181,Trabalhador,Mocha Belga,18.0,Cookie Artesanal,9.0,Balcão,Débito,27.0
2026-04-06,Monday,0,14,134,Ocasional,Latte Baunilha,16.0,Sanduíche Caprese,19.0,Delivery,Crédito,35.0
2026-04-06,Monday,0,9,149,Fim de Semana,Cold Brew Especial,17.0,Bolo Red Velvet,15.0,Delivery,Débito,32.0
2026-04-06,Monday,0,20,227,Fim de Semana,Mocha Belga,18.0,Croissant Francês,13.0,Balcão,Crédito,31.0
2026-04-06,Monday,0,10,202,Trabalhador,Mocha Belga,18.0,Sanduíche Caprese,19.0,Balcão,Pix,37.0
2026-04-06,Monday,0,17,280,Fim de Semana,Espresso Premium,9.5,Torta de Limão Siciliano,16.0,Delivery,Pix,25.5
2026-04-06,Monday,0,15,72,Ocasional,Cappuccino Italiano,14.0,Torta de Limão Siciliano,16.0,Balcão,Crédito,30.0
2026-04-06,Monday,0,18,48,Fim de Semana,Espresso Premium,9.5,Cookie Artesanal,9.0,Delivery,Crédito,18.5
2026-04-06,Monday,0,10,228,Trabalhador,Cappuccino Italiano,14.0,Torta de Limão Siciliano,16.0,Delivery,Pix,30.0
2026-04-06,Monday,0,13,17,Trabalhador,Latte Baunilha,16.0,Croissant Francês,13.0,Balcão,Débito,29.0
2026-04-06,Monday,0,16,8,Ocasional,Mocha Belga,18.0,Torta de Limão Siciliano,16.0,Delivery,Débito,34.0
2026-04-06,Monday,0,18,75,Fim de Semana,Cold Brew Especial,17.0,Bolo Red Velvet,15.0,Delivery,Pix,32.0
2026-04-06,Monday,0,12,252,Fim de Semana,Cold Brew Especial,17.0,Torta de Limão Siciliano,16.0,Balcão,Crédito,33.0
2026-04-06,Monday,0,9,238,Trabalhador,Espresso Premium,9.5,Torta de Limão Siciliano,16.0,Delivery,Pix,25.5
2026-04-06,Monday,0,7,77,Fim de Semana,Chá Orgânico,12.0,Quiche de Alho Poró,18.0,Balcão,Crédito,30.0
2026-04-06,Monday,0,16,99,Fim de Semana,Mocha Belga,18.0,Torta de Limão Siciliano,16.0,Balcão,Débito,34.0
2026-04-06,Monday,0,7,78,Trabalhador,Espresso Premium,9.5,Bolo Red Velvet,15.0,Balcão,Pix,24.5
2026-04-06,Monday,0,18,53,Trabalhador,Cold Brew Especial,17.0,Sanduíche Caprese,19.0,Delivery,Crédito,36.0
2026-04-06,Monday,0,8,267,Ocasional,Chá Orgânico,12.0,Bolo Red Velvet,15.0,Delivery,Pix,27.0
2026-04-06,Monday,0,7,279,Ocasional,Chá Orgânico,12.0,Sanduíche Caprese,19.0,Delivery,Débito,31.0
2026-04-06,Monday,0,20,105,Fim de Semana,Chá Orgânico,12.0,Cookie Artesanal,9.0,Delivery,Débito,21.0
2026-04-06,Monday,0,19,82,Fim de Semana,Cold Brew Especial,17.0,Croissant Francês,13.0,Balcão,Crédito,30.0
2026-04-06,Monday,0,12,132,Trabalhador,Cappuccino Italiano,14.0,Sanduíche Caprese,19.0,Delivery,Pix,33.0
2026-04-06,Monday,0,17,19,Fim de Semana,Chá Orgânico,12.0,Quiche de Alho Poró,18.0,Balcão,Débito,30.0
2026-04-06,Monday,0,8,115,Ocasional,Mocha Belga,18.0,Croissant Francês,13.0,Balcão,Débito,31.0
2026-04-06,Monday,0,19,182,Ocasional,Latte Baunilha,16.0,Torta de Limão Siciliano,16.0,Delivery,Débito,32.0
2026-04-06,Monday,0,11,66,Ocasional,Chá Orgânico,12.0,Sanduíche Caprese,19.0,Delivery,Pix,31.0
2026-04-06,Monday,0,16,264,Trabalhador,Espresso Premium,9.5,Torta de Limão Siciliano,16.0,Balcão,Débito,25.5
2026-04-06,Monday,0,17,291,Trabalhador,Cold Brew Especial,17.0,Torta de Limão Siciliano,16.0,Delivery,Pix,33.0
2026-04-06,Monday,0,17,36,Ocasional,Mocha Belga,18.0,Croissant Francês,13.0,Balcão,Débito,31.0
2026-04-06,Monday,0,19,214,Fim de Semana,Cold Brew Especial,17.0,Sanduíche Caprese,19.0,Delivery,Crédito,36.0
2026-04-06,Monday,0,7,38,Trabalhador,Chá Orgânico,12.0,Sanduíche Caprese,19.0,Delivery,Crédito,31.0
2026-04-06,Monday,0,16,223,Fim de Semana,Cappuccino Italiano,14.0,Torta de Limão Siciliano,16.0,Balcão,Crédito,30.0
2026-04-06,Monday,0,9,116,Ocasional,Espresso Premium,9.5,Croissant Francês,13.0,Balcão,Pix,22.5
2026-04-06,Monday,0,17,214,Trabalhador,Cappuccino Italiano,14.0,Quiche de Alho Poró,18.0,Balcão,Pix,32.0
2026-04-06,Monday,0,19,271,Fim de Semana,Chá Orgânico,12.0,Croissant Francês,13.0,Delivery,Crédito,25.0
2026-04-06,Monday,0,7,140,Trabalhador,Latte Baunilha,16.0,Bolo Red Velvet,15.0,Balcão,Crédito,31.0
2026-04-06,Monday,0,11,174,Trabalhador,Mocha Belga,18.0,Cookie Artesanal,9.0,Delivery,Pix,27.0
2026-04-06,Monday,0,16,9,Trabalhador,Mocha Belga,18.0,Torta de Limão Siciliano,16.0,Delivery,Crédito,34.0
2026-04-06,Monday,0,15,141,Fim de Semana,Chá Orgânico,12.0,Croissant Francês,13.0,Balcão,Crédito,25.0
2026-04-06,Monday,0,18,198,Ocasional,Cappuccino Italiano,14.0,Torta de Limão Siciliano,16.0,Balcão,Débito,30.0
2026-04-06,Monday,0,16,17,Fim de Semana,Espresso Premium,9.5,Quiche de Alho Poró,18.0,Delivery,Débito,27.5
2026-04-06,Monday,0,19,99,Fim de Semana,Latte Baunilha,16.0,Croissant Francês,13.0,Delivery,Pix,29.0
2026-04-06,Monday,0,11,99,Ocasional,Cold Brew Especial,17.0,Bolo Red Velvet,15.0,Delivery,Pix,32.0
2026-04-06,Monday,0,11,138,Ocasional,Cold Brew Especial,17.0,Croissant Francês,13.0,Balcão,Crédito,30.0
2026-04-06,Monday,0,15,117,Trabalhador,Chá Orgânico,12.0,Torta de Limão Siciliano,16.0,Balcão,Pix,28.0
2026-04-06,Monday,0,7,249,Ocasional,Cold Brew Especial,17.0,Cookie Artesanal,9.0,Delivery,Crédito,26.0
2026-04-06,Monday,0,13,248,Fim de Semana,Chá Orgânico,12.0,Cookie Artesanal,9.0,Balcão,Débito,21.0
2026-04-06,Monday,0,14,300,Trabalhador,Espresso Premium,9.5,Quiche de Alho Poró,18.0,Balcão,Pix,27.5
2026-04-06,Monday,0,17,68,Fim de Semana,Espresso Premium,9.5,Cookie Artesanal,9.0,Delivery,Débito,18.5
2026-04-06,Monday,0,9,9,Ocasional,Latte Baunilha,16.0,Cookie Artesanal,9.0,Delivery,Pix,25.0
2026-04-06,Monday,0,8,101,Trabalhador,Latte Baunilha,16.0,Croissant Francês,13.0,Delivery,Pix,29.0
2026-04-06,Monday,0,18,243,Ocasional,Cappuccino Italiano,14.0,Sanduíche Caprese,19.0,Balcão,Pix,33.0
2026-04-06,Monday,0,14,52,Fim de Semana,Latte Baunilha,16.0,Bolo Red Velvet,15.0,Balcão,Pix,31.0
2026-04-06,Monday,0,11,124,Ocasional,Mocha Belga,18.0,Cookie Artesanal,9.0,Delivery,Crédito,27.0
2026-04-06,Monday,0,12,47,Ocasional,Mocha Belga,18.0,Cookie Artesanal,9.0,Balcão,Débito,27.0
2026-04-06,Monday,0,10,167,Ocasional,Mocha Belga,18.0,Torta de Limão Siciliano,16.0,Balcão,Pix,34.0
2026-04-06,Monday,0,15,158,Trabalhador,Latte Baunilha,16.0,Torta de Limão Siciliano,16.0,Delivery,Débito,32.0
2026-04-06,Monday,0,13,158,Fim de Semana,Chá Orgânico,12.0,Sanduíche Caprese,19.0,Balcão,Crédito,31.0
2026-04-07,Tuesday,0,15,113,Fim de Semana,Mocha Belga,18.0,Sanduíche Caprese,19.0,Delivery,Pix,37.0
2026-04-07,Tuesday,0,12,36,Trabalhador,Cold Brew Especial,17.0,Bolo Red Velvet,15.0,Delivery,Pix,32.0
2026-04-07,Tuesday,0,7,135,Fim de Semana,Chá Orgânico,12.0,Torta de Limão Siciliano,16.0,Delivery,Débito,28.0
2026-04-07,Tuesday,0,20,158,Ocasional,Cold Brew Especial,17.0,Sanduíche Caprese,19.0,Delivery,Pix,36.0
2026-04-07,Tuesday,0,16,118,Fim de Semana,Espresso Premium,9.5,Sanduíche Caprese,19.0,Delivery,Pix,28.5
2026-04-07,Tuesday,0,16,77,Fim de Semana,Latte Baunilha,16.0,Sanduíche Caprese,19.0,Balcão,Crédito,35.0
2026-04-07,Tuesday,0,20,100,Trabalhador,Mocha Belga,18.0,Croissant Francês,13.0,Balcão,Crédito,31.0
2026-04-07,Tuesday,0,14,98,Ocasional,Latte Baunilha,16.0,Sanduíche Caprese,19.0,Balcão,Débito,35.0
2026-04-07,Tuesday,0,17,275,Ocasional,Mocha Belga,18.0,Torta de Limão Siciliano,16.0,Delivery,Crédito,34.0
2026-04-07,Tuesday,0,11,65,Fim de Semana,Latte Baunilha,16.0,Croissant Francês,13.0,Balcão,Débito,29.0
2026-04-07,Tuesday,0,17,241,Trabalhador,Espresso Premium,9.5,Sanduíche Caprese,19.0,Balcão,Pix,28.5
2026-04-07,Tuesday,0,18,215,Trabalhador,Chá Orgânico,12.0,Cookie Artesanal,9.0,Delivery,Pix,21.0
2026-04-07,Tuesday,0,19,275,Trabalhador,Cappuccino Italiano,14.0,Cookie Artesanal,9.0,Delivery,Débito,23.0
2026-04-07,Tuesday,0,12,40,Trabalhador,Espresso Premium,9.5,Bolo Red Velvet,15.0,Delivery,Débito,24.5
2026-04-07,Tuesday,0,8,34,Ocasional,Espresso Premium,9.5,Croissant Francês,13.0,Delivery,Pix,22.5
2026-04-07,Tuesday,0,11,95,Trabalhador,Latte Baunilha,16.0,Quiche de Alho Poró,18.0,Balcão,Pix,34.0
2026-04-07,Tuesday,0,11,260,Trabalhador,Cappuccino Italiano,14.0,Quiche de Alho Poró,18.0,Delivery,Débito,32.0
2026-04-07,Tuesday,0,8,194,Trabalhador,Mocha Belga,18.0,Quiche de Alho Poró,18.0,Delivery,Crédito,36.0
2026-04-07,Tuesday,0,9,257,Trabalhador,Espresso Premium,9.5,Sanduíche Caprese,19.0,Balcão,Pix,28.5
2026-04-07,Tuesday,0,15,272,Fim de Semana,Cold Brew Especial,17.0,Croissant Francês,13.0,Balcão,Crédito,30.0
2026-04-07,Tuesday,0,13,166,Fim de Semana,Latte Baunilha,16.0,Cookie Artesanal,9.0,Balcão,Pix,25.0
2026-04-07,Tuesday,0,10,140,Trabalhador,Cappuccino Italiano,14.0,Cookie Artesanal,9.0,Balcão,Pix,23.0
2026-04-07,Tuesday,0,20,243,Ocasional,Chá Orgânico,12.0,Bolo Red Velvet,15.0,Balcão,Pix,27.0
2026-04-07,Tuesday,0,16,111,Fim de Semana,Latte Baunilha,16.0,Cookie Artesanal,9.0,Delivery,Pix,25.0
2026-04-07,Tuesday,0,15,183,Fim de Semana,Cold Brew Especial,17.0,Bolo Red Velvet,15.0,Delivery,Pix,32.0
2026-04-07,Tuesday,0,18,210,Fim de Semana,Cappuccino Italiano,14.0,Quiche de Alho Poró,18.0,Delivery,Pix,32.0
2026-04-07,Tuesday,0,8,199,Trabalhador,Chá Orgânico,12.0,Sanduíche Caprese,19.0,Balcão,Crédito,31.0
2026-04-07,Tuesday,0,13,127,Fim de Semana,Latte Baunilha,16.0,Sanduíche Caprese,19.0,Balcão,Débito,35.0
2026-04-07,Tuesday,0,8,167,Fim de Semana,Espresso Premium,9.5,Torta de Limão Siciliano,16.0,Balcão,Pix,25.5
2026-04-07,Tuesday,0,7,157,Ocasional,Espresso Premium,9.5,Croissant Francês,13.0,Delivery,Crédito,22.5
2026-04-07,Tuesday,0,18,116,Fim de Semana,Mocha Belga,18.0,Croissant Francês,13.0,Balcão,Crédito,31.0
2026-04-07,Tuesday,0,19,91,Fim de Semana,Espresso Premium,9.5,Croissant Francês,13.0,Balcão,Pix,22.5
2026-04-07,Tuesday,0,15,241,Fim de Semana,Cappuccino Italiano,14.0,Bolo Red Velvet,15.0,Balcão,Pix,29.0
2026-04-07,Tuesday,0,19,59,Trabalhador,Latte Baunilha,16.0,Croissant Francês,13.0,Balcão,Débito,29.0
2026-04-07,Tuesday,0,8,85,Trabalhador,Latte Baunilha,16.0,Torta de Limão Siciliano,16.0,Delivery,Crédito,32.0
2026-04-07,Tuesday,0,13,182,Trabalhador,Latte Baunilha,16.0,Bolo Red Velvet,15.0,Delivery,Crédito,31.0
2026-04-07,Tuesday,0,10,226,Fim de Semana,Cappuccino Italiano,14.0,Croissant Francês,13.0,Delivery,Débito,27.0
2026-04-07,Tuesday,0,11,164,Trabalhador,Cold Brew Especial,17.0,Sanduíche Caprese,19.0,Delivery,Crédito,36.0
2026-04-07,Tuesday,0,15,32,Ocasional,Cold Brew Especial,17.0,Cookie Artesanal,9.0,Balcão,Pix,26.0
2026-04-07,Tuesday,0,14,114,Fim de Semana,Latte Baunilha,16.0,Cookie Artesanal,9.0,Balcão,Débito,25.0
2026-04-07,Tuesday,0,13,4,Ocasional,Cold Brew Especial,17.0,Sanduíche Caprese,19.0,Delivery,Crédito,36.0
2026-04-07,Tuesday,0,14,257,Ocasional,Chá Orgânico,12.0,Cookie Artesanal,9.0,Delivery,Pix,21.0
2026-04-07,Tuesday,0,20,38,Fim de Semana,Cappuccino Italiano,14.0,Croissant Francês,13.0,Balcão,Pix,27.0
2026-04-07,Tuesday,0,8,126,Ocasional,Latte Baunilha,16.0,Torta de Limão Siciliano,16.0,Delivery,Débito,32.0
2026-04-07,Tuesday,0,16,72,Trabalhador,Latte Baunilha,16.0,Quiche de Alho Poró,18.0,Delivery,Débito,34.0
2026-04-07,Tuesday,0,16,275,Ocasional,Espresso Premium,9.5,Torta de Limão Siciliano,16.0,Delivery,Débito,25.5
2026-04-07,Tuesday,0,15,145,Trabalhador,Latte Baunilha,16.0,Torta de Limão Siciliano,16.0,Delivery,Débito,32.0
2026-04-07,Tuesday,0,10,285,Trabalhador,Mocha Belga,18.0,Torta de Limão Siciliano,16.0,Delivery,Pix,34.0
2026-04-07,Tuesday,0,13,280,Ocasional,Cold Brew Especial,17.0,Cookie Artesanal,9.0,Delivery,Crédito,26.0
2026-04-07,Tuesday,0,20,13,Fim de Semana,Cappuccino Italiano,14.0,Croissant Francês,13.0,Balcão,Pix,27.0
2026-04-07,Tuesday,0,8,91,Trabalhador,Mocha Belga,18.0,Quiche de Alho Poró,18.0,Balcão,Débito,36.0
2026-04-07,Tuesday,0,15,221,Ocasional,Mocha Belga,18.0,Torta de Limão Siciliano,16.0,Balcão,Pix,34.0
2026-04-07,Tuesday,0,19,265,Trabalhador,Cold Brew Especial,17.0,Torta de Limão Siciliano,16.0,Balcão,Débito,33.0
2026-04-07,Tuesday,0,16,165,Fim de Semana,Espresso Premium,9.5,Sanduíche Caprese,19.0,Balcão,Crédito,28.5
2026-04-07,Tuesday,0,7,36,Trabalhador,Cappuccino Italiano,14.0,Sanduíche Caprese,19.0,Delivery,Débito,33.0
2026-04-07,Tuesday,0,17,207,Fim de Semana,Espresso Premium,9.5,Bolo Red Velvet,15.0,Balcão,Pix,24.5
2026-04-07,Tuesday,0,18,146,Ocasional,Espresso Premium,9.5,Quiche de Alho Poró,18.0,Delivery,Débito,27.5
2026-04-07,Tuesday,0,13,102,Trabalhador,Latte Baunilha,16.0,Torta de Limão Siciliano,16.0,Delivery,Crédito,32.0
2026-04-07,Tuesday,0,20,226,Trabalhador,Latte Baunilha,16.0,Sanduíche Caprese,19.0,Balcão,Crédito,35.0
2026-04-07,Tuesday,0,17,296,Fim de Semana,Cappuccino Italiano,14.0,Croissant Francês,13.0,Delivery,Pix,27.0
2026-04-07,Tuesday,0,7,202,Trabalhador,Espresso Premium,9.5,Sanduíche Caprese,19.0,Delivery,Pix,28.5
2026-04-07,Tuesday,0,9,54,Fim de Semana,Chá Orgânico,12.0,Torta de Limão Siciliano,16.0,Delivery,Pix,28.0
2026-04-07,Tuesday,0,12,32,Fim de Semana,Cappuccino Italiano,14.0,Bolo Red Velvet,15.0,Delivery,Débito,29.0
2026-04-07,Tuesday,0,17,137,Fim de Semana,Chá Orgânico,12.0,Cookie Artesanal,9.0,Delivery,Pix,21.0
2026-04-07,Tuesday,0,7,117,Trabalhador,Espresso Premium,9.5,Torta de Limão Siciliano,16.0,Balcão,Débito,25.5
2026-04-07,Tuesday,0,19,297,Fim de Semana,Cappuccino Italiano,14.0,Sanduíche Caprese,19.0,Delivery,Pix,33.0
2026-04-07,Tuesday,0,18,93,Ocasional,Latte Baunilha,16.0,Quiche de Alho Poró,18.0,Balcão,Pix,34.0
2026-04-07,Tuesday,0,18,21,Fim de Semana,Espresso Premium,9.5,Quiche de Alho Poró,18.0,Balcão,Débito,27.5
2026-04-07,Tuesday,0,15,261,Ocasional,Cappuccino Italiano,14.0,Sanduíche Caprese,19.0,Delivery,Crédito,33.0
2026-04-07,Tuesday,0,13,58,Ocasional,Cappuccino Italiano,14.0,Sanduíche Caprese,19.0,Delivery,Débito,33.0
2026-04-07,Tuesday,0,8,287,Ocasional,Mocha Belga,18.0,Croissant Francês,13.0,Delivery,Pix,31.0
2026-04-08,Wednesday,0,10,81,Ocasional,Chá Orgânico,12.0,Cookie Artesanal,9.0,Delivery,Pix,21.0
2026-04-08,Wednesday,0,7,158,Ocasional,Espresso Premium,9.5,Cookie Artesanal,9.0,Balcão,Pix,18.5
2026-04-08,Wednesday,0,7,227,Ocasional,Cappuccino Italiano,14.0,Torta de Limão Siciliano,16.0,Balcão,Débito,30.0
2026-04-08,Wednesday,0,14,94,Trabalhador,Cold Brew Especial,17.0,Bolo Red Velvet,15.0,Delivery,Crédito,32.0
2026-04-08,Wednesday,0,10,51,Trabalhador,Latte Baunilha,16.0,Quiche de Alho Poró,18.0,Balcão,Débito,34.0
2026-04-08,Wednesday,0,18,167,Trabalhador,Latte Baunilha,16.0,Quiche de Alho Poró,18.0,Delivery,Débito,34.0
2026-04-08,Wednesday,0,13,167,Trabalhador,Chá Orgânico,12.0,Cookie Artesanal,9.0,Balcão,Crédito,21.0
2026-04-08,Wednesday,0,8,150,Ocasional,Latte Baunilha,16.0,Sanduíche Caprese,19.0,Balcão,Crédito,35.0
2026-04-08,Wednesday,0,18,141,Trabalhador,Latte Baunilha,16.0,Bolo Red Velvet,15.0,Balcão,Débito,31.0
2026-04-08,Wednesday,0,19,98,Fim de Semana,Cold Brew Especial,17.0,Cookie Artesanal,9.0,Delivery,Crédito,26.0
2026-04-08,Wednesday,0,12,16,Ocasional,Cappuccino Italiano,14.0,Cookie Artesanal,9.0,Delivery,Pix,23.0
2026-04-08,Wednesday,0,11,254,Ocasional,Chá Orgânico,12.0,Cookie Artesanal,9.0,Balcão,Pix,21.0
2026-04-08,Wednesday,0,16,57,Fim de Semana,Cold Brew Especial,17.0,Bolo Red Velvet,15.0,Delivery,Crédito,32.0
2026-04-08,Wednesday,0,16,150,Trabalhador,Cold Brew Especial,17.0,Quiche de Alho Poró,18.0,Balcão,Débito,35.0
2026-04-08,Wednesday,0,18,82,Trabalhador,Espresso Premium,9.5,Torta de Limão Siciliano,16.0,Delivery,Pix,25.5
2026-04-08,Wednesday,0,20,109,Trabalhador,Chá Orgânico,12.0,Torta de Limão Siciliano,16.0,Balcão,Pix,28.0
2026-04-08,Wednesday,0,13,249,Ocasional,Chá Orgânico,12.0,Croissant Francês,13.0,Delivery,Débito,25.0
2026-04-08,Wednesday,0,16,150,Ocasional,Cold Brew Especial,17.0,Cookie Artesanal,9.0,Balcão,Crédito,26.0
2026-04-08,Wednesday,0,11,252,Ocasional,Latte Baunilha,16.0,Cookie Artesanal,9.0,Balcão,Pix,25.0
2026-04-08,Wednesday,0,18,20,Trabalhador,Cold Brew Especial,17.0,Bolo Red Velvet,15.0,Balcão,Débito,32.0
2026-04-08,Wednesday,0,8,250,Ocasional,Mocha Belga,18.0,Bolo Red Velvet,15.0,Balcão,Crédito,33.0
2026-04-08,Wednesday,0,9,129,Ocasional,Mocha Belga,18.0,Sanduíche Caprese,19.0,Balcão,Débito,37.0
2026-04-08,Wednesday,0,9,284,Fim de Semana,Chá Orgânico,12.0,Torta de Limão Siciliano,16.0,Balcão,Débito,28.0
2026-04-08,Wednesday,0,10,58,Ocasional,Espresso Premium,9.5,Sanduíche Caprese,19.0,Delivery,Débito,28.5
2026-04-08,Wednesday,0,10,232,Ocasional,Latte Baunilha,16.0,Quiche de Alho Poró,18.0,Delivery,Crédito,34.0
2026-04-08,Wednesday,0,13,177,Trabalhador,Espresso Premium,9.5,Sanduíche Caprese,19.0,Delivery,Pix,28.5
2026-04-08,Wednesday,0,10,241,Trabalhador,Espresso Premium,9.5,Sanduíche Caprese,19.0,Balcão,Crédito,28.5
2026-04-08,Wednesday,0,12,35,Ocasional,Espresso Premium,9.5,Torta de Limão Siciliano,16.0,Balcão,Débito,25.5
2026-04-08,Wednesday,0,11,180,Ocasional,Espresso Premium,9.5,Cookie Artesanal,9.0,Balcão,Crédito,18.5
2026-04-08,Wednesday,0,20,160,Fim de Semana,Latte Baunilha,16.0,Sanduíche Caprese,19.0,Delivery,Pix,35.0
2026-04-08,Wednesday,0,12,83,Trabalhador,Latte Baunilha,16.0,Quiche de Alho Poró,18.0,Delivery,Crédito,34.0
2026-04-08,Wednesday,0,7,84,Trabalhador,Cappuccino Italiano,14.0,Croissant Francês,13.0,Delivery,Débito,27.0
2026-04-08,Wednesday,0,16,128,Ocasional,Mocha Belga,18.0,Bolo Red Velvet,15.0,Delivery,Débito,33.0
2026-04-08,Wednesday,0,17,100,Ocasional,Chá Orgânico,12.0,Bolo Red Velvet,15.0,Balcão,Crédito,27.0
2026-04-08,Wednesday,0,13,158,Fim de Semana,Mocha Belga,18.0,Quiche de Alho Poró,18.0,Balcão,Crédito,36.0
2026-04-08,Wednesday,0,10,287,Fim de Semana,Latte Baunilha,16.0,Quiche de Alho Poró,18.0,Balcão,Crédito,34.0
2026-04-08,Wednesday,0,20,174,Fim de Semana,Latte Baunilha,16.0,Sanduíche Caprese,19.0,Delivery,Crédito,35.0
2026-04-08,Wednesday,0,14,209,Fim de Semana,Mocha Belga,18.0,Sanduíche Caprese,19.0,Delivery,Débito,37.0
2026-04-08,Wednesday,0,18,276,Ocasional,Latte Baunilha,16.0,Bolo Red Velvet,15.0,Delivery,Crédito,31.0
2026-04-08,Wednesday,0,12,70,Fim de Semana,Mocha Belga,18.0,Bolo Red Velvet,15.0,Delivery,Crédito,33.0
2026-04-08,Wednesday,0,12,269,Ocasional,Cappuccino Italiano,14.0,Cookie Artesanal,9.0,Balcão,Pix,23.0
2026-04-08,Wednesday,0,11,20,Trabalhador,Espresso Premium,9.5,Bolo Red Velvet,15.0,Delivery,Pix,24.5
2026-04-08,Wednesday,0,11,51,Trabalhador,Espresso Premium,9.5,Croissant Francês,13.0,Balcão,Crédito,22.5
2026-04-08,Wednesday,0,16,237,Trabalhador,Cappuccino Italiano,14.0,Torta de Limão Siciliano,16.0,Balcão,Crédito,30.0
2026-04-08,Wednesday,0,12,147,Fim de Semana,Chá Orgânico,12.0,Croissant Francês,13.0,Delivery,Crédito,25.0
2026-04-08,Wednesday,0,13,229,Trabalhador,Latte Baunilha,16.0,Torta de Limão Siciliano,16.0,Delivery,Crédito,32.0
2026-04-08,Wednesday,0,15,293,Fim de Semana,Cappuccino Italiano,14.0,Sanduíche Caprese,19.0,Balcão,Crédito,33.0
2026-04-08,Wednesday,0,10,295,Trabalhador,Chá Orgânico,12.0,Torta de Limão Siciliano,16.0,Delivery,Débito,28.0
2026-04-08,Wednesday,0,20,281,Ocasional,Cappuccino Italiano,14.0,Croissant Francês,13.0,Balcão,Débito,27.0
2026-04-08,Wednesday,0,17,94,Fim de Semana,Latte Baunilha,16.0,Croissant Francês,13.0,Balcão,Crédito,29.0
2026-04-08,Wednesday,0,9,200,Trabalhador,Mocha Belga,18.0,Sanduíche Caprese,19.0,Balcão,Débito,37.0
2026-04-08,Wednesday,0,11,263,Ocasional,Latte Baunilha,16.0,Bolo Red Velvet,15.0,Delivery,Débito,31.0
2026-04-08,Wednesday,0,12,78,Trabalhador,Cappuccino Italiano,14.0,Torta de Limão Siciliano,16.0,Balcão,Crédito,30.0
2026-04-08,Wednesday,0,11,10,Ocasional,Cappuccino Italiano,14.0,Torta de Limão Siciliano,16.0,Delivery,Crédito,30.0
2026-04-08,Wednesday,0,10,127,Trabalhador,Chá Orgânico,12.0,Croissant Francês,13.0,Delivery,Débito,25.0
2026-04-08,Wednesday,0,10,219,Trabalhador,Cappuccino Italiano,14.0,Bolo Red Velvet,15.0,Balcão,Pix,29.0
2026-04-08,Wednesday,0,11,54,Ocasional,Latte Baunilha,16.0,Quiche de Alho Poró,18.0,Balcão,Crédito,34.0
2026-04-08,Wednesday,0,20,16,Ocasional,Espresso Premium,9.5,Torta de Limão Siciliano,16.0,Delivery,Débito,25.5
2026-04-08,Wednesday,0,12,196,Ocasional,Espresso Premium,9.5,Torta de Limão Siciliano,16.0,Delivery,Débito,25.5
2026-04-08,Wednesday,0,15,263,Ocasional,Latte Baunilha,16.0,Sanduíche Caprese,19.0,Delivery,Débito,35.0
2026-04-08,Wednesday,0,11,174,Trabalhador,Chá Orgânico,12.0,Quiche de Alho Poró,18.0,Delivery,Pix,30.0
2026-04-08,Wednesday,0,17,154,Ocasional,Mocha Belga,18.0,Cookie Artesanal,9.0,Balcão,Crédito,27.0
2026-04-08,Wednesday,0,19,63,Ocasional,Espresso Premium,9.5,Sanduíche Caprese,19.0,Delivery,Pix,28.5
2026-04-08,Wednesday,0,16,203,Fim de Semana,Mocha Belga,18.0,Quiche de Alho Poró,18.0,Balcão,Pix,36.0
2026-04-08,Wednesday,0,20,212,Trabalhador,Chá Orgânico,12.0,Cookie Artesanal,9.0,Delivery,Crédito,21.0
2026-04-08,Wednesday,0,12,110,Fim de Semana,Latte Baunilha,16.0,Cookie Artesanal,9.0,Balcão,Pix,25.0
2026-04-08,Wednesday,0,7,63,Ocasional,Cappuccino Italiano,14.0,Quiche de Alho Poró,18.0,Delivery,Débito,32.0
2026-04-08,Wednesday,0,20,4,Fim de Semana,Chá Orgânico,12.0,Cookie Artesanal,9.0,Delivery,Crédito,21.0
2026-04-08,Wednesday,0,8,206,Fim de Semana,Chá Orgânico,12.0,Torta de Limão Siciliano,16.0,Balcão,Crédito,28.0
2026-04-08,Wednesday,0,17,235,Trabalhador,Cappuccino Italiano,14.0,Torta de Limão Siciliano,16.0,Balcão,Pix,30.0
2026-04-08,Wednesday,0,15,176,Ocasional,Chá Orgânico,12.0,Croissant Francês,13.0,Delivery,Pix,25.0
2026-04-08,Wednesday,0,14,134,Trabalhador,Mocha Belga,18.0,Croissant Francês,13.0,Balcão,Débito,31.0
2026-04-09,Thursday,0,13,235,Ocasional,Cold Brew Especial,17.0,Torta de Limão Siciliano,16.0,Balcão,Débito,33.0
2026-04-09,Thursday,0,10,166,Trabalhador,Cappuccino Italiano,14.0,Sanduíche Caprese,19.0,Balcão,Débito,33.0
2026-04-09,Thursday,0,18,17,Trabalhador,Espresso Premium,9.5,Croissant Francês,13.0,Balcão,Crédito,22.5
2026-04-09,Thursday,0,14,198,Ocasional,Chá Orgânico,12.0,Bolo Red Velvet,15.0,Balcão,Débito,27.0
2026-04-09,Thursday,0,19,145,Trabalhador,Cappuccino Italiano,14.0,Croissant Francês,13.0,Delivery,Pix,27.0
2026-04-09,Thursday,0,18,54,Trabalhador,Chá Orgânico,12.0,Cookie Artesanal,9.0,Delivery,Pix,21.0
2026-04-09,Thursday,0,11,84,Fim de Semana,Chá Orgânico,12.0,Quiche de Alho Poró,18.0,Balcão,Débito,30.0
2026-04-09,Thursday,0,15,146,Ocasional,Cappuccino Italiano,14.0,Bolo Red Velvet,15.0,Balcão,Pix,29.0
2026-04-09,Thursday,0,18,102,Ocasional,Latte Baunilha,16.0,Cookie Artesanal,9.0,Delivery,Pix,25.0
2026-04-09,Thursday,0,13,297,Fim de Semana,Cappuccino Italiano,14.0,Quiche de Alho Poró,18.0,Balcão,Débito,32.0
2026-04-09,Thursday,0,14,83,Ocasional,Chá Orgânico,12.0,Quiche de Alho Poró,18.0,Delivery,Crédito,30.0
2026-04-09,Thursday,0,11,251,Trabalhador,Latte Baunilha,16.0,Cookie Artesanal,9.0,Delivery,Crédito,25.0
2026-04-09,Thursday,0,10,71,Ocasional,Cold Brew Especial,17.0,Bolo Red Velvet,15.0,Delivery,Débito,32.0
2026-04-09,Thursday,0,8,252,Ocasional,Latte Baunilha,16.0,Torta de Limão Siciliano,16.0,Delivery,Pix,32.0
2026-04-09,Thursday,0,16,112,Ocasional,Latte Baunilha,16.0,Torta de Limão Siciliano,16.0,Delivery,Crédito,32.0
2026-04-09,Thursday,0,14,30,Fim de Semana,Latte Baunilha,16.0,Bolo Red Velvet,15.0,Delivery,Débito,31.0
2026-04-09,Thursday,0,19,18,Trabalhador,Latte Baunilha,16.0,Bolo Red Velvet,15.0,Balcão,Crédito,31.0
2026-04-09,Thursday,0,8,225,Trabalhador,Latte Baunilha,16.0,Quiche de Alho Poró,18.0,Balcão,Débito,34.0
2026-04-09,Thursday,0,19,147,Trabalhador,Espresso Premium,9.5,Cookie Artesanal,9.0,Delivery,Crédito,18.5
2026-04-09,Thursday,0,7,188,Fim de Semana,Cold Brew Especial,17.0,Cookie Artesanal,9.0,Balcão,Crédito,26.0
2026-04-09,Thursday,0,14,202,Ocasional,Latte Baunilha,16.0,Bolo Red Velvet,15.0,Delivery,Pix,31.0
2026-04-09,Thursday,0,8,42,Fim de Semana,Cappuccino Italiano,14.0,Cookie Artesanal,9.0,Balcão,Crédito,23.0
2026-04-09,Thursday,0,16,147,Fim de Semana,Latte Baunilha,16.0,Croissant Francês,13.0,Balcão,Pix,29.0
2026-04-09,Thursday,0,13,283,Ocasional,Espresso Premium,9.5,Bolo Red Velvet,15.0,Balcão,Débito,24.5
2026-04-09,Thursday,0,19,234,Fim de Semana,Cappuccino Italiano,14.0,Croissant Francês,13.0,Balcão,Débito,27.0
2026-04-09,Thursday,0,13,134,Fim de Semana,Cappuccino Italiano,14.0,Torta de Limão Siciliano,16.0,Delivery,Pix,30.0
2026-04-09,Thursday,0,19,50,Ocasional,Espresso Premium,9.5,Quiche de Alho Poró,18.0,Balcão,Débito,27.5
2026-04-09,Thursday,0,17,109,Fim de Semana,Cappuccino Italiano,14.0,Cookie Artesanal,9.0,Balcão,Pix,23.0
2026-04-09,Thursday,0,9,271,Trabalhador,Mocha Belga,18.0,Cookie Artesanal,9.0,Delivery,Crédito,27.0
2026-04-09,Thursday,0,15,40,Trabalhador,Espresso Premium,9.5,Croissant Francês,13.0,Delivery,Crédito,22.5
2026-04-09,Thursday,0,11,192,Fim de Semana,Latte Baunilha,16.0,Quiche de Alho Poró,18.0,Delivery,Crédito,34.0
2026-04-09,Thursday,0,10,93,Trabalhador,Chá Orgânico,12.0,Cookie Artesanal,9.0,Delivery,Débito,21.0
2026-04-09,Thursday,0,13,220,Ocasional,Espresso Premium,9.5,Torta de Limão Siciliano,16.0,Delivery,Débito,25.5
2026-04-09,Thursday,0,7,43,Trabalhador,Espresso Premium,9.5,Quiche de Alho Poró,18.0,Delivery,Débito,27.5
2026-04-09,Thursday,0,14,167,Ocasional,Latte Baunilha,16.0,Cookie Artesanal,9.0,Delivery,Pix,25.0
2026-04-09,Thursday,0,7,190,Trabalhador,Mocha Belga,18.0,Quiche de Alho Poró,18.0,Balcão,Crédito,36.0
2026-04-09,Thursday,0,10,183,Trabalhador,Espresso Premium,9.5,Croissant Francês,13.0,Balcão,Débito,22.5
2026-04-09,Thursday,0,14,285,Fim de Semana,Chá Orgânico,12.0,Bolo Red Velvet,15.0,Balcão,Débito,27.0
2026-04-09,Thursday,0,12,112,Ocasional,Cappuccino Italiano,14.0,Sanduíche Caprese,19.0,Balcão,Crédito,33.0
2026-04-09,Thursday,0,16,141,Fim de Semana,Chá Orgânico,12.0,Bolo Red Velvet,15.0,Delivery,Débito,27.0
2026-04-09,Thursday,0,9,88,Ocasional,Mocha Belga,18.0,Torta de Limão Siciliano,16.0,Balcão,Débito,34.0
2026-04-09,Thursday,0,19,160,Ocasional,Espresso Premium,9.5,Quiche de Alho Poró,18.0,Delivery,Crédito,27.5
2026-04-09,Thursday,0,18,27,Ocasional,Espresso Premium,9.5,Torta de Limão Siciliano,16.0,Balcão,Crédito,25.5
2026-04-09,Thursday,0,8,185,Ocasional,Cappuccino Italiano,14.0,Croissant Francês,13.0,Delivery,Crédito,27.0
2026-04-09,Thursday,0,10,25,Trabalhador,Mocha Belga,18.0,Bolo Red Velvet,15.0,Delivery,Crédito,33.0
2026-04-09,Thursday,0,13,155,Ocasional,Mocha Belga,18.0,Quiche de Alho Poró,18.0,Balcão,Crédito,36.0
2026-04-09,Thursday,0,10,272,Fim de Semana,Mocha Belga,18.0,Cookie Artesanal,9.0,Balcão,Crédito,27.0
2026-04-09,Thursday,0,15,13,Fim de Semana,Cold Brew Especial,17.0,Quiche de Alho Poró,18.0,Balcão,Pix,35.0
2026-04-09,Thursday,0,16,215,Ocasional,Cappuccino Italiano,14.0,Quiche de Alho Poró,18.0,Delivery,Pix,32.0
2026-04-09,Thursday,0,9,271,Trabalhador,Espresso Premium,9.5,Sanduíche Caprese,19.0,Delivery,Crédito,28.5
2026-04-09,Thursday,0,7,170,Ocasional,Espresso Premium,9.5,Quiche de Alho Poró,18.0,Delivery,Crédito,27.5
2026-04-09,Thursday,0,17,210,Fim de Semana,Espresso Premium,9.5,Bolo Red Velvet,15.0,Balcão,Débito,24.5
2026-04-09,Thursday,0,10,224,Fim de Semana,Espresso Premium,9.5,Croissant Francês,13.0,Balcão,Débito,22.5
2026-04-09,Thursday,0,20,292,Trabalhador,Mocha Belga,18.0,Bolo Red Velvet,15.0,Balcão,Crédito,33.0
2026-04-09,Thursday,0,17,71,Trabalhador,Cappuccino Italiano,14.0,Bolo Red Velvet,15.0,Delivery,Crédito,29.0
2026-04-09,Thursday,0,19,3,Ocasional,Latte Baunilha,16.0,Bolo Red Velvet,15.0,Delivery,Crédito,31.0
2026-04-09,Thursday,0,19,281,Fim de Semana,Mocha Belga,18.0,Sanduíche Caprese,19.0,Delivery,Débito,37.0
2026-04-09,Thursday,0,11,277,Ocasional,Chá Orgânico,12.0,Cookie Artesanal,9.0,Delivery,Débito,21.0
2026-04-09,Thursday,0,17,118,Trabalhador,Latte Baunilha,16.0,Quiche de Alho Poró,18.0,Delivery,Crédito,34.0
2026-04-09,Thursday,0,13,294,Trabalhador,Cold Brew Especial,17.0,Sanduíche Caprese,19.0,Delivery,Débito,36.0
2026-04-09,Thursday,0,19,82,Fim de Semana,Chá Orgânico,12.0,Croissant Francês,13.0,Delivery,Débito,25.0
2026-04-09,Thursday,0,15,72,Fim de Semana,Latte Baunilha,16.0,Quiche de Alho Poró,18.0,Balcão,Débito,34.0
2026-04-09,Thursday,0,10,99,Trabalhador,Chá Orgânico,12.0,Quiche de Alho Poró,18.0,Delivery,Crédito,30.0
2026-04-09,Thursday,0,18,66,Trabalhador,Latte Baunilha,16.0,Sanduíche Caprese,19.0,Balcão,Pix,35.0
2026-04-09,Thursday,0,20,183,Fim de Semana,Espresso Premium,9.5,Croissant Francês,13.0,Balcão,Pix,22.5
2026-04-09,Thursday,0,16,168,Ocasional,Cold Brew Especial,17.0,Cookie Artesanal,9.0,Delivery,Débito,26.0
2026-04-09,Thursday,0,10,247,Fim de Semana,Chá Orgânico,12.0,Quiche de Alho Poró,18.0,Balcão,Crédito,30.0
2026-04-09,Thursday,0,13,19,Fim de Semana,Espresso Premium,9.5,Croissant Francês,13.0,Balcão,Débito,22.5
2026-04-09,Thursday,0,10,124,Fim de Semana,Espresso Premium,9.5,Quiche de Alho Poró,18.0,Delivery,Crédito,27.5
2026-04-09,Thursday,0,17,232,Trabalhador,Cold Brew Especial,17.0,Quiche de Alho Poró,18.0,Balcão,Crédito,35.0
2026-04-09,Thursday,0,17,230,Trabalhador,Cappuccino Italiano,14.0,Quiche de Alho Poró,18.0,Delivery,Pix,32.0
2026-04-09,Thursday,0,20,49,Fim de Semana,Latte Baunilha,16.0,Sanduíche Caprese,19.0,Balcão,Pix,35.0
2026-04-09,Thursday,0,13,188,Ocasional,Cold Brew Especial,17.0,Quiche de Alho Poró,18.0,Balcão,Débito,35.0
2026-04-09,Thursday,0,12,210,Trabalhador,Latte Baunilha,16.0,Torta de Limão Siciliano,16.0,Delivery,Pix,32.0
2026-04-09,Thursday,0,8,164,Trabalhador,Mocha Belga,18.0,Torta de Limão Siciliano,16.0,Balcão,Pix,34.0
2026-04-09,Thursday,0,14,86,Ocasional,Cold Brew Especial,17.0,Cookie Artesanal,9.0,Balcão,Pix,26.0
2026-04-09,Thursday,0,14,293,Trabalhador,Cappuccino Italiano,14.0,Sanduíche Caprese,19.0,Balcão,Crédito,33.0
2026-04-09,Thursday,0,7,222,Fim de Semana,Chá Orgânico,12.0,Cookie Artesanal,9.0,Balcão,Crédito,21.0
2026-04-09,Thursday,0,11,47,Ocasional,Espresso Premium,9.5,Croissant Francês,13.0,Balcão,Crédito,22.5
2026-04-09,Thursday,0,8,206,Fim de Semana,Cold Brew Especial,17.0,Bolo Red Velvet,15.0,Delivery,Crédito,32.0
2026-04-09,Thursday,0,10,140,Ocasional,Espresso Premium,9.5,Torta de Limão Siciliano,16.0,Delivery,Pix,25.5
2026-04-09,Thursday,0,11,140,Fim de Semana,Chá Orgânico,12.0,Bolo Red Velvet,15.0,Balcão,Crédito,27.0
2026-04-09,Thursday,0,9,111,Ocasional,Cappuccino Italiano,14.0,Quiche de Alho Poró,18.0,Delivery,Débito,32.0
2026-04-09,Thursday,0,10,250,Trabalhador,Mocha Belga,18.0,Bolo Red Velvet,15.0,Delivery,Crédito,33.0
2026-04-09,Thursday,0,7,266,Ocasional,Chá Orgânico,12.0,Sanduíche Caprese,19.0,Delivery,Pix,31.0
2026-04-09,Thursday,0,11,41,Trabalhador,Chá Orgânico,12.0,Quiche de Alho Poró,18.0,Delivery,Débito,30.0
2026-04-09,Thursday,0,12,273,Ocasional,Mocha Belga,18.0,Quiche de Alho Poró,18.0,Delivery,Pix,36.0
2026-04-10,Friday,0,18,135,Trabalhador,Cappuccino Italiano,14.0,Croissant Francês,13.0,Delivery,Pix,27.0
2026-04-10,Friday,0,11,131,Fim de Semana,Cappuccino Italiano,14.0,Bolo Red Velvet,15.0,Balcão,Pix,29.0
2026-04-10,Friday,0,15,245,Fim de Semana,Latte Baunilha,16.0,Sanduíche Caprese,19.0,Balcão,Pix,35.0
2026-04-10,Friday,0,18,243,Ocasional,Espresso Premium,9.5,Torta de Limão Siciliano,16.0,Delivery,Débito,25.5
2026-04-10,Friday,0,7,139,Ocasional,Cold Brew Especial,17.0,Sanduíche Caprese,19.0,Balcão,Débito,36.0
2026-04-10,Friday,0,13,269,Ocasional,Cappuccino Italiano,14.0,Quiche de Alho Poró,18.0,Balcão,Pix,32.0
2026-04-10,Friday,0,19,268,Trabalhador,Espresso Premium,9.5,Torta de Limão Siciliano,16.0,Balcão,Débito,25.5
2026-04-10,Friday,0,9,70,Fim de Semana,Mocha Belga,18.0,Torta de Limão Siciliano,16.0,Balcão,Crédito,34.0
2026-04-10,Friday,0,16,201,Trabalhador,Chá Orgânico,12.0,Torta de Limão Siciliano,16.0,Balcão,Crédito,28.0
2026-04-10,Friday,0,16,244,Trabalhador,Cappuccino Italiano,14.0,Torta de Limão Siciliano,16.0,Delivery,Débito,30.0
2026-04-10,Friday,0,17,198,Trabalhador,Mocha Belga,18.0,Bolo Red Velvet,15.0,Balcão,Pix,33.0
2026-04-10,Friday,0,14,7,Fim de Semana,Cappuccino Italiano,14.0,Cookie Artesanal,9.0,Delivery,Débito,23.0
2026-04-10,Friday,0,16,244,Fim de Semana,Cappuccino Italiano,14.0,Croissant Francês,13.0,Delivery,Pix,27.0
2026-04-10,Friday,0,8,179,Ocasional,Chá Orgânico,12.0,Bolo Red Velvet,15.0,Balcão,Crédito,27.0
2026-04-10,Friday,0,11,266,Ocasional,Espresso Premium,9.5,Quiche de Alho Poró,18.0,Delivery,Crédito,27.5
2026-04-10,Friday,0,15,108,Ocasional,Cold Brew Especial,17.0,Torta de Limão Siciliano,16.0,Balcão,Crédito,33.0
2026-04-10,Friday,0,16,181,Fim de Semana,Latte Baunilha,16.0,Croissant Francês,13.0,Delivery,Crédito,29.0
2026-04-10,Friday,0,7,214,Ocasional,Mocha Belga,18.0,Quiche de Alho Poró,18.0,Balcão,Pix,36.0
2026-04-10,Friday,0,7,163,Trabalhador,Espresso Premium,9.5,Croissant Francês,13.0,Delivery,Pix,22.5
2026-04-10,Friday,0,8,172,Ocasional,Chá Orgânico,12.0,Bolo Red Velvet,15.0,Balcão,Débito,27.0
2026-04-10,Friday,0,18,55,Ocasional,Latte Baunilha,16.0,Sanduíche Caprese,19.0,Delivery,Crédito,35.0
2026-04-10,Friday,0,15,73,Fim de Semana,Latte Baunilha,16.0,Torta de Limão Siciliano,16.0,Balcão,Débito,32.0
2026-04-10,Friday,0,8,155,Fim de Semana,Cold Brew Especial,17.0,Quiche de Alho Poró,18.0,Balcão,Crédito,35.0
2026-04-10,Friday,0,8,115,Fim de Semana,Mocha Belga,18.0,Sanduíche Caprese,19.0,Balcão,Crédito,37.0
2026-04-10,Friday,0,10,28,Fim de Semana,Mocha Belga,18.0,Quiche de Alho Poró,18.0,Balcão,Pix,36.0
2026-04-10,Friday,0,9,299,Trabalhador,Mocha Belga,18.0,Cookie Artesanal,9.0,Balcão,Pix,27.0
2026-04-10,Friday,0,11,281,Fim de Semana,Chá Orgânico,12.0,Bolo Red Velvet,15.0,Balcão,Pix,27.0
2026-04-10,Friday,0,7,273,Trabalhador,Cappuccino Italiano,14.0,Quiche de Alho Poró,18.0,Delivery,Pix,32.0
2026-04-10,Friday,0,16,233,Fim de Semana,Latte Baunilha,16.0,Torta de Limão Siciliano,16.0,Balcão,Débito,32.0
2026-04-10,Friday,0,8,265,Trabalhador,Latte Baunilha,16.0,Torta de Limão Siciliano,16.0,Delivery,Pix,32.0
2026-04-10,Friday,0,8,3,Fim de Semana,Cappuccino Italiano,14.0,Bolo Red Velvet,15.0,Delivery,Crédito,29.0
2026-04-10,Friday,0,9,60,Trabalhador,Cold Brew Especial,17.0,Croissant Francês,13.0,Balcão,Débito,30.0
2026-04-10,Friday,0,13,157,Trabalhador,Cold Brew Especial,17.0,Torta de Limão Siciliano,16.0,Balcão,Pix,33.0
2026-04-10,Friday,0,19,34,Fim de Semana,Espresso Premium,9.5,Torta de Limão Siciliano,16.0,Balcão,Crédito,25.5
2026-04-10,Friday,0,17,129,Ocasional,Latte Baunilha,16.0,Sanduíche Caprese,19.0,Delivery,Pix,35.0
2026-04-10,Friday,0,9,79,Fim de Semana,Espresso Premium,9.5,Sanduíche Caprese,19.0,Delivery,Pix,28.5
2026-04-10,Friday,0,17,26,Fim de Semana,Mocha Belga,18.0,Torta de Limão Siciliano,16.0,Balcão,Débito,34.0
2026-04-10,Friday,0,13,131,Ocasional,Cappuccino Italiano,14.0,Bolo Red Velvet,15.0,Balcão,Pix,29.0
2026-04-10,Friday,0,9,2,Fim de Semana,Latte Baunilha,16.0,Bolo Red Velvet,15.0,Delivery,Débito,31.0
2026-04-10,Friday,0,20,11,Ocasional,Cappuccino Italiano,14.0,Sanduíche Caprese,19.0,Delivery,Crédito,33.0
2026-04-10,Friday,0,17,128,Trabalhador,Latte Baunilha,16.0,Quiche de Alho Poró,18.0,Balcão,Pix,34.0
2026-04-10,Friday,0,16,299,Ocasional,Mocha Belga,18.0,Torta de Limão Siciliano,16.0,Delivery,Crédito,34.0
2026-04-10,Friday,0,15,166,Trabalhador,Espresso Premium,9.5,Quiche de Alho Poró,18.0,Delivery,Crédito,27.5
2026-04-10,Friday,0,15,200,Ocasional,Latte Baunilha,16.0,Bolo Red Velvet,15.0,Balcão,Pix,31.0
2026-04-10,Friday,0,8,87,Fim de Semana,Cappuccino Italiano,14.0,Torta de Limão Siciliano,16.0,Delivery,Pix,30.0
2026-04-10,Friday,0,9,125,Ocasional,Latte Baunilha,16.0,Quiche de Alho Poró,18.0,Delivery,Crédito,34.0
2026-04-10,Friday,0,12,50,Ocasional,Chá Orgânico,12.0,Cookie Artesanal,9.0,Balcão,Débito,21.0
2026-04-10,Friday,0,16,40,Ocasional,Chá Orgânico,12.0,Croissant Francês,13.0,Balcão,Pix,25.0
2026-04-10,Friday,0,19,241,Fim de Semana,Espresso Premium,9.5,Bolo Red Velvet,15.0,Delivery,Crédito,24.5
2026-04-10,Friday,0,18,98,Fim de Semana,Mocha Belga,18.0,Croissant Francês,13.0,Delivery,Crédito,31.0
2026-04-10,Friday,0,11,87,Trabalhador,Chá Orgânico,12.0,Croissant Francês,13.0,Delivery,Crédito,25.0
2026-04-10,Friday,0,20,173,Fim de Semana,Mocha Belga,18.0,Quiche de Alho Poró,18.0,Delivery,Débito,36.0
2026-04-10,Friday,0,19,187,Trabalhador,Cappuccino Italiano,14.0,Sanduíche Caprese,19.0,Balcão,Débito,33.0
2026-04-10,Friday,0,17,112,Fim de Semana,Cold Brew Especial,17.0,Cookie Artesanal,9.0,Delivery,Pix,26.0
2026-04-10,Friday,0,13,262,Fim de Semana,Chá Orgânico,12.0,Sanduíche Caprese,19.0,Balcão,Pix,31.0
2026-04-10,Friday,0,15,279,Ocasional,Latte Baunilha,16.0,Bolo Red Velvet,15.0,Balcão,Pix,31.0
2026-04-10,Friday,0,12,255,Fim de Semana,Latte Baunilha,16.0,Sanduíche Caprese,19.0,Delivery,Crédito,35.0
2026-04-10,Friday,0,11,6,Ocasional,Espresso Premium,9.5,Sanduíche Caprese,19.0,Delivery,Débito,28.5
2026-04-10,Friday,0,11,69,Trabalhador,Chá Orgânico,12.0,Torta de Limão Siciliano,16.0,Delivery,Débito,28.0
2026-04-10,Friday,0,13,18,Fim de Semana,Chá Orgânico,12.0,Cookie Artesanal,9.0,Balcão,Débito,21.0
2026-04-10,Friday,0,17,281,Ocasional,Mocha Belga,18.0,Quiche de Alho Poró,18.0,Balcão,Crédito,36.0
2026-04-10,Friday,0,18,134,Ocasional,Cappuccino Italiano,14.0,Cookie Artesanal,9.0,Delivery,Pix,23.0
2026-04-10,Friday,0,12,33,Fim de Semana,Espresso Premium,9.5,Bolo Red Velvet,15.0,Balcão,Crédito,24.5
2026-04-10,Friday,0,15,197,Trabalhador,Cappuccino Italiano,14.0,Bolo Red Velvet,15.0,Balcão,Débito,29.0
2026-04-10,Friday,0,7,241,Ocasional,Cappuccino Italiano,14.0,Sanduíche Caprese,19.0,Delivery,Crédito,33.0
2026-04-10,Friday,0,16,176,Ocasional,Mocha Belga,18.0,Cookie Artesanal,9.0,Balcão,Débito,27.0
2026-04-10,Friday,0,7,77,Fim de Semana,Cappuccino Italiano,14.0,Quiche de Alho Poró,18.0,Balcão,Débito,32.0
2026-04-10,Friday,0,10,31,Ocasional,Mocha Belga,18.0,Sanduíche Caprese,19.0,Delivery,Pix,37.0
2026-04-10,Friday,0,14,206,Ocasional,Chá Orgânico,12.0,Croissant Francês,13.0,Delivery,Pix,25.0
2026-04-10,Friday,0,12,95,Ocasional,Espresso Premium,9.5,Bolo Red Velvet,15.0,Delivery,Débito,24.5
2026-04-10,Friday,0,10,79,Ocasional,Chá Orgânico,12.0,Croissant Francês,13.0,Delivery,Pix,25.0
2026-04-10,Friday,0,11,223,Ocasional,Cold Brew Especial,17.0,Bolo Red Velvet,15.0,Delivery,Pix,32.0
2026-04-10,Friday,0,13,218,Ocasional,Cold Brew Especial,17.0,Croissant Francês,13.0,Balcão,Pix,30.0
2026-04-10,Friday,0,15,170,Ocasional,Latte Baunilha,16.0,Sanduíche Caprese,19.0,Delivery,Crédito,35.0
2026-04-10,Friday,0,19,132,Trabalhador,Espresso Premium,9.5,Croissant Francês,13.0,Delivery,Pix,22.5
2026-04-10,Friday,0,9,276,Trabalhador,Cappuccino Italiano,14.0,Sanduíche Caprese,19.0,Balcão,Débito,33.0
2026-04-10,Friday,0,19,117,Fim de Semana,Chá Orgânico,12.0,Bolo Red Velvet,15.0,Balcão,Crédito,27.0
2026-04-10,Friday,0,10,94,Fim de Semana,Cappuccino Italiano,14.0,Torta de Limão Siciliano,16.0,Delivery,Débito,30.0
2026-04-11,Saturday,1,13,34,Trabalhador,Espresso Premium,9.5,Quiche de Alho Poró,18.0,Balcão,Crédito,27.5
2026-04-11,Saturday,1,18,259,Fim de Semana,Chá Orgânico,12.0,Cookie Artesanal,9.0,Delivery,Crédito,21.0
2026-04-11,Saturday,1,20,130,Ocasional,Cappuccino Italiano,14.0,Quiche de Alho Poró,18.0,Balcão,Pix,32.0
2026-04-11,Saturday,1,8,253,Trabalhador,Latte Baunilha,16.0,Sanduíche Caprese,19.0,Balcão,Pix,35.0
2026-04-11,Saturday,1,17,173,Ocasional,Chá Orgânico,12.0,Bolo Red Velvet,15.0,Delivery,Débito,27.0
2026-04-11,Saturday,1,15,43,Ocasional,Cappuccino Italiano,14.0,Bolo Red Velvet,15.0,Balcão,Pix,29.0
2026-04-11,Saturday,1,11,139,Fim de Semana,Espresso Premium,9.5,Quiche de Alho Poró,18.0,Delivery,Pix,27.5
2026-04-11,Saturday,1,17,40,Fim de Semana,Latte Baunilha,16.0,Sanduíche Caprese,19.0,Balcão,Pix,35.0
2026-04-11,Saturday,1,13,188,Trabalhador,Latte Baunilha,16.0,Bolo Red Velvet,15.0,Delivery,Pix,31.0
2026-04-11,Saturday,1,16,64,Ocasional,Espresso Premium,9.5,Sanduíche Caprese,19.0,Balcão,Crédito,28.5
2026-04-11,Saturday,1,12,63,Trabalhador,Mocha Belga,18.0,Cookie Artesanal,9.0,Balcão,Pix,27.0
2026-04-11,Saturday,1,11,82,Trabalhador,Espresso Premium,9.5,Cookie Artesanal,9.0,Delivery,Crédito,18.5
2026-04-11,Saturday,1,10,81,Fim de Semana,Cold Brew Especial,17.0,Bolo Red Velvet,15.0,Delivery,Débito,32.0
2026-04-11,Saturday,1,11,198,Trabalhador,Chá Orgânico,12.0,Bolo Red Velvet,15.0,Balcão,Pix,27.0
2026-04-11,Saturday,1,17,12,Fim de Semana,Mocha Belga,18.0,Sanduíche Caprese,19.0,Delivery,Crédito,37.0
2026-04-11,Saturday,1,7,288,Ocasional,Cold Brew Especial,17.0,Torta de Limão Siciliano,16.0,Balcão,Pix,33.0
2026-04-11,Saturday,1,20,183,Trabalhador,Cappuccino Italiano,14.0,Quiche de Alho Poró,18.0,Delivery,Débito,32.0
2026-04-11,Saturday,1,13,182,Ocasional,Chá Orgânico,12.0,Bolo Red Velvet,15.0,Delivery,Crédito,27.0
2026-04-11,Saturday,1,19,281,Trabalhador,Chá Orgânico,12.0,Cookie Artesanal,9.0,Balcão,Crédito,21.0
2026-04-11,Saturday,1,13,292,Ocasional,Espresso Premium,9.5,Torta de Limão Siciliano,16.0,Delivery,Crédito,25.5
2026-04-11,Saturday,1,15,71,Trabalhador,Espresso Premium,9.5,Quiche de Alho Poró,18.0,Balcão,Débito,27.5
2026-04-11,Saturday,1,19,96,Ocasional,Latte Baunilha,16.0,Bolo Red Velvet,15.0,Delivery,Pix,31.0
2026-04-11,Saturday,1,17,24,Ocasional,Cold Brew Especial,17.0,Torta de Limão Siciliano,16.0,Balcão,Débito,33.0
2026-04-11,Saturday,1,9,276,Ocasional,Latte Baunilha,16.0,Sanduíche Caprese,19.0,Delivery,Débito,35.0
2026-04-11,Saturday,1,20,91,Fim de Semana,Chá Orgânico,12.0,Quiche de Alho Poró,18.0,Balcão,Débito,30.0
2026-04-11,Saturday,1,11,250,Trabalhador,Cold Brew Especial,17.0,Bolo Red Velvet,15.0,Delivery,Crédito,32.0
2026-04-11,Saturday,1,14,300,Trabalhador,Chá Orgânico,12.0,Cookie Artesanal,9.0,Balcão,Crédito,21.0
2026-04-11,Saturday,1,10,172,Fim de Semana,Chá Orgânico,12.0,Croissant Francês,13.0,Delivery,Crédito,25.0
2026-04-11,Saturday,1,7,66,Fim de Semana,Cold Brew Especial,17.0,Quiche de Alho Poró,18.0,Balcão,Débito,35.0
2026-04-11,Saturday,1,14,242,Trabalhador,Mocha Belga,18.0,Cookie Artesanal,9.0,Delivery,Pix,27.0
2026-04-11,Saturday,1,11,156,Fim de Semana,Mocha Belga,18.0,Quiche de Alho Poró,18.0,Balcão,Débito,36.0
2026-04-11,Saturday,1,10,91,Ocasional,Espresso Premium,9.5,Torta de Limão Siciliano,16.0,Balcão,Débito,25.5
2026-04-11,Saturday,1,18,299,Ocasional,Cold Brew Especial,17.0,Croissant Francês,13.0,Delivery,Débito,30.0
2026-04-11,Saturday,1,15,32,Trabalhador,Latte Baunilha,16.0,Cookie Artesanal,9.0,Delivery,Débito,25.0
2026-04-11,Saturday,1,16,14,Fim de Semana,Cold Brew Especial,17.0,Croissant Francês,13.0,Delivery,Pix,30.0
2026-04-11,Saturday,1,12,14,Trabalhador,Chá Orgânico,12.0,Sanduíche Caprese,19.0,Balcão,Débito,31.0
2026-04-11,Saturday,1,15,38,Fim de Semana,Cappuccino Italiano,14.0,Bolo Red Velvet,15.0,Delivery,Crédito,29.0
2026-04-11,Saturday,1,15,115,Fim de Semana,Cold Brew Especial,17.0,Croissant Francês,13.0,Balcão,Pix,30.0
2026-04-11,Saturday,1,13,118,Fim de Semana,Espresso Premium,9.5,Sanduíche Caprese,19.0,Delivery,Débito,28.5
2026-04-11,Saturday,1,9,117,Fim de Semana,Espresso Premium,9.5,Croissant Francês,13.0,Delivery,Pix,22.5
2026-04-11,Saturday,1,11,211,Fim de Semana,Cold Brew Especial,17.0,Quiche de Alho Poró,18.0,Balcão,Crédito,35.0
2026-04-11,Saturday,1,20,158,Fim de Semana,Cappuccino Italiano,14.0,Bolo Red Velvet,15.0,Delivery,Crédito,29.0
2026-04-11,Saturday,1,10,248,Fim de Semana,Latte Baunilha,16.0,Cookie Artesanal,9.0,Delivery,Débito,25.0
2026-04-11,Saturday,1,19,6,Ocasional,Latte Baunilha,16.0,Sanduíche Caprese,19.0,Delivery,Débito,35.0
2026-04-11,Saturday,1,11,26,Ocasional,Espresso Premium,9.5,Torta de Limão Siciliano,16.0,Balcão,Pix,25.5
2026-04-11,Saturday,1,7,91,Fim de Semana,Mocha Belga,18.0,Croissant Francês,13.0,Balcão,Pix,31.0
2026-04-11,Saturday,1,10,148,Ocasional,Espresso Premium,9.5,Cookie Artesanal,9.0,Delivery,Débito,18.5
2026-04-11,Saturday,1,20,40,Ocasional,Chá Orgânico,12.0,Torta de Limão Siciliano,16.0,Delivery,Crédito,28.0
2026-04-11,Saturday,1,19,76,Fim de Semana,Cappuccino Italiano,14.0,Torta de Limão Siciliano,16.0,Balcão,Crédito,30.0
2026-04-11,Saturday,1,7,210,Trabalhador,Mocha Belga,18.0,Bolo Red Velvet,15.0,Balcão,Pix,33.0
2026-04-11,Saturday,1,17,192,Ocasional,Espresso Premium,9.5,Sanduíche Caprese,19.0,Balcão,Pix,28.5
2026-04-11,Saturday,1,20,60,Trabalhador,Chá Orgânico,12.0,Croissant Francês,13.0,Delivery,Crédito,25.0
2026-04-11,Saturday,1,15,62,Trabalhador,Cold Brew Especial,17.0,Quiche de Alho Poró,18.0,Delivery,Débito,35.0
2026-04-11,Saturday,1,14,143,Trabalhador,Cappuccino Italiano,14.0,Croissant Francês,13.0,Delivery,Pix,27.0
2026-04-11,Saturday,1,19,231,Fim de Semana,Espresso Premium,9.5,Croissant Francês,13.0,Delivery,Crédito,22.5
2026-04-11,Saturday,1,14,35,Ocasional,Chá Orgânico,12.0,Croissant Francês,13.0,Delivery,Crédito,25.0
2026-04-11,Saturday,1,15,151,Trabalhador,Espresso Premium,9.5,Quiche de Alho Poró,18.0,Balcão,Débito,27.5
2026-04-11,Saturday,1,11,280,Trabalhador,Mocha Belga,18.0,Sanduíche Caprese,19.0,Balcão,Pix,37.0
2026-04-11,Saturday,1,9,22,Ocasional,Chá Orgânico,12.0,Cookie Artesanal,9.0,Delivery,Pix,21.0
2026-04-11,Saturday,1,18,297,Fim de Semana,Chá Orgânico,12.0,Sanduíche Caprese,19.0,Balcão,Débito,31.0
2026-04-11,Saturday,1,7,275,Trabalhador,Cold Brew Especial,17.0,Sanduíche Caprese,19.0,Delivery,Pix,36.0
2026-04-11,Saturday,1,20,149,Trabalhador,Cappuccino Italiano,14.0,Cookie Artesanal,9.0,Balcão,Débito,23.0
2026-04-11,Saturday,1,14,58,Fim de Semana,Latte Baunilha,16.0,Sanduíche Caprese,19.0,Delivery,Crédito,35.0
2026-04-11,Saturday,1,13,33,Trabalhador,Chá Orgânico,12.0,Cookie Artesanal,9.0,Delivery,Pix,21.0
2026-04-11,Saturday,1,12,157,Trabalhador,Espresso Premium,9.5,Croissant Francês,13.0,Balcão,Crédito,22.5
2026-04-11,Saturday,1,9,114,Ocasional,Cold Brew Especial,17.0,Cookie Artesanal,9.0,Delivery,Débito,26.0
2026-04-11,Saturday,1,7,19,Trabalhador,Cappuccino Italiano,14.0,Sanduíche Caprese,19.0,Delivery,Pix,33.0
2026-04-11,Saturday,1,19,198,Trabalhador,Mocha Belga,18.0,Croissant Francês,13.0,Balcão,Pix,31.0
2026-04-11,Saturday,1,11,199,Ocasional,Espresso Premium,9.5,Cookie Artesanal,9.0,Delivery,Crédito,18.5
2026-04-11,Saturday,1,7,168,Fim de Semana,Latte Baunilha,16.0,Bolo Red Velvet,15.0,Delivery,Crédito,31.0
2026-04-11,Saturday,1,7,264,Ocasional,Espresso Premium,9.5,Torta de Limão Siciliano,16.0,Delivery,Crédito,25.5
2026-04-11,Saturday,1,19,198,Trabalhador,Chá Orgânico,12.0,Croissant Francês,13.0,Balcão,Crédito,25.0
2026-04-11,Saturday,1,10,57,Ocasional,Latte Baunilha,16.0,Torta de Limão Siciliano,16.0,Delivery,Crédito,32.0
2026-04-11,Saturday,1,19,267,Fim de Semana,Cold Brew Especial,17.0,Cookie Artesanal,9.0,Delivery,Crédito,26.0
2026-04-12,Sunday,1,8,68,Ocasional,Mocha Belga,18.0,Cookie Artesanal,9.0,Balcão,Pix,27.0
2026-04-12,Sunday,1,13,294,Fim de Semana,Cold Brew Especial,17.0,Torta de Limão Siciliano,16.0,Balcão,Crédito,33.0
2026-04-12,Sunday,1,10,188,Fim de Semana,Cold Brew Especial,17.0,Torta de Limão Siciliano,16.0,Delivery,Crédito,33.0
2026-04-12,Sunday,1,17,122,Fim de Semana,Cold Brew Especial,17.0,Sanduíche Caprese,19.0,Delivery,Débito,36.0
2026-04-12,Sunday,1,14,171,Trabalhador,Latte Baunilha,16.0,Bolo Red Velvet,15.0,Balcão,Débito,31.0
2026-04-12,Sunday,1,18,63,Trabalhador,Chá Orgânico,12.0,Quiche de Alho Poró,18.0,Balcão,Pix,30.0
2026-04-12,Sunday,1,8,84,Trabalhador,Cappuccino Italiano,14.0,Bolo Red Velvet,15.0,Delivery,Crédito,29.0
2026-04-12,Sunday,1,12,136,Fim de Semana,Espresso Premium,9.5,Bolo Red Velvet,15.0,Balcão,Pix,24.5
2026-04-12,Sunday,1,19,275,Ocasional,Espresso Premium,9.5,Quiche de Alho Poró,18.0,Delivery,Pix,27.5
2026-04-12,Sunday,1,15,20,Fim de Semana,Mocha Belga,18.0,Cookie Artesanal,9.0,Balcão,Débito,27.0
2026-04-12,Sunday,1,8,74,Fim de Semana,Cappuccino Italiano,14.0,Torta de Limão Siciliano,16.0,Balcão,Débito,30.0
2026-04-12,Sunday,1,13,188,Trabalhador,Chá Orgânico,12.0,Torta de Limão Siciliano,16.0,Balcão,Crédito,28.0
2026-04-12,Sunday,1,20,80,Fim de Semana,Mocha Belga,18.0,Sanduíche Caprese,19.0,Delivery,Pix,37.0
2026-04-12,Sunday,1,11,214,Ocasional,Cappuccino Italiano,14.0,Cookie Artesanal,9.0,Delivery,Pix,23.0
2026-04-12,Sunday,1,17,299,Fim de Semana,Latte Baunilha,16.0,Quiche de Alho Poró,18.0,Balcão,Crédito,34.0
2026-04-12,Sunday,1,17,208,Fim de Semana,Cappuccino Italiano,14.0,Cookie Artesanal,9.0,Balcão,Pix,23.0
2026-04-12,Sunday,1,14,237,Trabalhador,Espresso Premium,9.5,Bolo Red Velvet,15.0,Balcão,Crédito,24.5
2026-04-12,Sunday,1,15,295,Fim de Semana,Chá Orgânico,12.0,Cookie Artesanal,9.0,Balcão,Crédito,21.0
2026-04-12,Sunday,1,8,25,Trabalhador,Latte Baunilha,16.0,Quiche de Alho Poró,18.0,Delivery,Débito,34.0
2026-04-12,Sunday,1,14,228,Trabalhador,Mocha Belga,18.0,Torta de Limão Siciliano,16.0,Balcão,Pix,34.0
2026-04-12,Sunday,1,17,24,Fim de Semana,Espresso Premium,9.5,Torta de Limão Siciliano,16.0,Balcão,Débito,25.5
2026-04-12,Sunday,1,15,75,Ocasional,Cold Brew Especial,17.0,Cookie Artesanal,9.0,Balcão,Pix,26.0
2026-04-12,Sunday,1,17,140,Fim de Semana,Cold Brew Especial,17.0,Croissant Francês,13.0,Balcão,Débito,30.0
2026-04-12,Sunday,1,8,291,Ocasional,Latte Baunilha,16.0,Sanduíche Caprese,19.0,Delivery,Débito,35.0
2026-04-12,Sunday,1,10,138,Trabalhador,Espresso Premium,9.5,Quiche de Alho Poró,18.0,Delivery,Crédito,27.5
2026-04-12,Sunday,1,16,38,Trabalhador,Mocha Belga,18.0,Croissant Francês,13.0,Delivery,Crédito,31.0
2026-04-12,Sunday,1,8,207,Ocasional,Latte Baunilha,16.0,Bolo Red Velvet,15.0,Balcão,Crédito,31.0
2026-04-12,Sunday,1,12,161,Ocasional,Cold Brew Especial,17.0,Croissant Francês,13.0,Balcão,Crédito,30.0
2026-04-12,Sunday,1,10,295,Trabalhador,Chá Orgânico,12.0,Bolo Red Velvet,15.0,Delivery,Crédito,27.0
2026-04-12,Sunday,1,12,50,Fim de Semana,Chá Orgânico,12.0,Sanduíche Caprese,19.0,Delivery,Pix,31.0
2026-04-12,Sunday,1,19,43,Fim de Semana,Espresso Premium,9.5,Torta de Limão Siciliano,16.0,Delivery,Pix,25.5
2026-04-12,Sunday,1,14,193,Fim de Semana,Cold Brew Especial,17.0,Quiche de Alho Poró,18.0,Delivery,Pix,35.0
2026-04-12,Sunday,1,20,90,Ocasional,Latte Baunilha,16.0,Cookie Artesanal,9.0,Balcão,Pix,25.0
2026-04-12,Sunday,1,8,48,Fim de Semana,Chá Orgânico,12.0,Torta de Limão Siciliano,16.0,Delivery,Pix,28.0
2026-04-12,Sunday,1,18,37,Ocasional,Espresso Premium,9.5,Quiche de Alho Poró,18.0,Balcão,Débito,27.5
2026-04-12,Sunday,1,18,86,Trabalhador,Espresso Premium,9.5,Sanduíche Caprese,19.0,Balcão,Crédito,28.5
2026-04-12,Sunday,1,9,291,Fim de Semana,Latte Baunilha,16.0,Quiche de Alho Poró,18.0,Delivery,Crédito,34.0
2026-04-12,Sunday,1,19,215,Trabalhador,Cappuccino Italiano,14.0,Torta de Limão Siciliano,16.0,Delivery,Pix,30.0
2026-04-12,Sunday,1,8,65,Fim de Semana,Mocha Belga,18.0,Torta de Limão Siciliano,16.0,Delivery,Pix,34.0
2026-04-12,Sunday,1,13,298,Ocasional,Mocha Belga,18.0,Quiche de Alho Poró,18.0,Balcão,Débito,36.0
2026-04-12,Sunday,1,10,25,Ocasional,Mocha Belga,18.0,Bolo Red Velvet,15.0,Delivery,Crédito,33.0
2026-04-12,Sunday,1,19,163,Ocasional,Mocha Belga,18.0,Cookie Artesanal,9.0,Balcão,Crédito,27.0
2026-04-12,Sunday,1,13,227,Ocasional,Espresso Premium,9.5,Quiche de Alho Poró,18.0,Delivery,Débito,27.5
2026-04-12,Sunday,1,18,103,Fim de Semana,Mocha Belga,18.0,Croissant Francês,13.0,Balcão,Crédito,31.0
2026-04-12,Sunday,1,17,292,Fim de Semana,Mocha Belga,18.0,Croissant Francês,13.0,Balcão,Pix,31.0
2026-04-12,Sunday,1,19,24,Trabalhador,Espresso Premium,9.5,Cookie Artesanal,9.0,Balcão,Crédito,18.5
2026-04-12,Sunday,1,13,25,Ocasional,Chá Orgânico,12.0,Torta de Limão Siciliano,16.0,Delivery,Pix,28.0
2026-04-12,Sunday,1,10,176,Ocasional,Espresso Premium,9.5,Quiche de Alho Poró,18.0,Balcão,Débito,27.5
2026-04-12,Sunday,1,15,143,Trabalhador,Latte Baunilha,16.0,Sanduíche Caprese,19.0,Delivery,Pix,35.0
2026-04-12,Sunday,1,19,79,Fim de Semana,Espresso Premium,9.5,Croissant Francês,13.0,Delivery,Pix,22.5
2026-04-12,Sunday,1,7,209,Fim de Semana,Mocha Belga,18.0,Cookie Artesanal,9.0,Balcão,Débito,27.0
2026-04-12,Sunday,1,19,172,Trabalhador,Chá Orgânico,12.0,Sanduíche Caprese,19.0,Delivery,Débito,31.0
2026-04-12,Sunday,1,20,11,Ocasional,Espresso Premium,9.5,Torta de Limão Siciliano,16.0,Balcão,Crédito,25.5
2026-04-12,Sunday,1,18,163,Trabalhador,Mocha Belga,18.0,Torta de Limão Siciliano,16.0,Delivery,Pix,34.0
2026-04-12,Sunday,1,11,158,Ocasional,Espresso Premium,9.5,Torta de Limão Siciliano,16.0,Balcão,Pix,25.5
2026-04-12,Sunday,1,8,204,Fim de Semana,Mocha Belga,18.0,Sanduíche Caprese,19.0,Balcão,Crédito,37.0
2026-04-12,Sunday,1,14,299,Fim de Semana,Mocha Belga,18.0,Sanduíche Caprese,19.0,Balcão,Débito,37.0
2026-04-12,Sunday,1,15,201,Trabalhador,Cappuccino Italiano,14.0,Quiche de Alho Poró,18.0,Balcão,Pix,32.0
2026-04-12,Sunday,1,17,161,Fim de Semana,Latte Baunilha,16.0,Quiche de Alho Poró,18.0,Delivery,Crédito,34.0
2026-04-12,Sunday,1,16,185,Fim de Semana,Cappuccino Italiano,14.0,Quiche de Alho Poró,18.0,Delivery,Pix,32.0
2026-04-12,Sunday,1,11,166,Trabalhador,Cold Brew Especial,17.0,Croissant Francês,13.0,Delivery,Débito,30.0
2026-04-12,Sunday,1,18,296,Ocasional,Espresso Premium,9.5,Croissant Francês,13.0,Balcão,Crédito,22.5
2026-04-12,Sunday,1,14,113,Ocasional,Cold Brew Especial,17.0,Bolo Red Velvet,15.0,Delivery,Crédito,32.0
2026-04-12,Sunday,1,8,104,Fim de Semana,Cold Brew Especial,17.0,Torta de Limão Siciliano,16.0,Delivery,Pix,33.0
2026-04-12,Sunday,1,15,138,Trabalhador,Latte Baunilha,16.0,Quiche de Alho Poró,18.0,Balcão,Débito,34.0
2026-04-12,Sunday,1,10,112,Trabalhador,Mocha Belga,18.0,Sanduíche Caprese,19.0,Balcão,Crédito,37.0
2026-04-12,Sunday,1,7,23,Fim de Semana,Mocha Belga,18.0,Cookie Artesanal,9.0,Delivery,Pix,27.0
2026-04-12,Sunday,1,16,252,Ocasional,Mocha Belga,18.0,Croissant Francês,13.0,Delivery,Débito,31.0
2026-04-12,Sunday,1,13,211,Ocasional,Chá Orgânico,12.0,Cookie Artesanal,9.0,Delivery,Crédito,21.0
2026-04-12,Sunday,1,14,85,Ocasional,Latte Baunilha,16.0,Bolo Red Velvet,15.0,Balcão,Débito,31.0
2026-04-12,Sunday,1,7,45,Trabalhador,Espresso Premium,9.5,Bolo Red Velvet,15.0,Delivery,Crédito,24.5
2026-04-12,Sunday,1,9,224,Fim de Semana,Espresso Premium,9.5,Sanduíche Caprese,19.0,Balcão,Débito,28.5
2026-04-12,Sunday,1,20,28,Trabalhador,Espresso Premium,9.5,Quiche de Alho Poró,18.0,Balcão,Pix,27.5
2026-04-12,Sunday,1,16,55,Ocasional,Chá Orgânico,12.0,Torta de Limão Siciliano,16.0,Balcão,Pix,28.0
2026-04-12,Sunday,1,8,85,Trabalhador,Mocha Belga,18.0,Croissant Francês,13.0,Delivery,Pix,31.0
2026-04-12,Sunday,1,16,32,Ocasional,Chá Orgânico,12.0,Sanduíche Caprese,19.0,Balcão,Débito,31.0
2026-04-12,Sunday,1,12,184,Fim de Semana,Mocha Belga,18.0,Cookie Artesanal,9.0,Balcão,Pix,27.0
2026-04-12,Sunday,1,9,254,Trabalhador,Cold Brew Especial,17.0,Croissant Francês,13.0,Balcão,Pix,30.0
2026-04-12,Sunday,1,7,26,Fim de Semana,Mocha Belga,18.0,Quiche de Alho Poró,18.0,Balcão,Crédito,36.0
2026-04-12,Sunday,1,7,166,Ocasional,Mocha Belga,18.0,Croissant Francês,13.0,Balcão,Pix,31.0
2026-04-12,Sunday,1,19,43,Fim de Semana,Chá Orgânico,12.0,Croissant Francês,13.0,Delivery,Crédito,25.0
2026-04-13,Monday,0,17,98,Trabalhador,Chá Orgânico,12.0,Croissant Francês,13.0,Delivery,Débito,25.0
2026-04-13,Monday,0,8,69,Ocasional,Cappuccino Italiano,14.0,Cookie Artesanal,9.0,Balcão,Crédito,23.0
2026-04-13,Monday,0,19,184,Ocasional,Cold Brew Especial,17.0,Croissant Francês,13.0,Delivery,Débito,30.0
2026-04-13,Monday,0,8,124,Trabalhador,Mocha Belga,18.0,Quiche de Alho Poró,18.0,Delivery,Débito,36.0
2026-04-13,Monday,0,17,71,Trabalhador,Chá Orgânico,12.0,Bolo Red Velvet,15.0,Delivery,Débito,27.0
2026-04-13,Monday,0,15,186,Fim de Semana,Espresso Premium,9.5,Croissant Francês,13.0,Delivery,Crédito,22.5
2026-04-13,Monday,0,12,214,Fim de Semana,Cappuccino Italiano,14.0,Quiche de Alho Poró,18.0,Delivery,Pix,32.0
2026-04-13,Monday,0,13,178,Ocasional,Cold Brew Especial,17.0,Bolo Red Velvet,15.0,Balcão,Crédito,32.0
2026-04-13,Monday,0,12,168,Ocasional,Espresso Premium,9.5,Torta de Limão Siciliano,16.0,Balcão,Pix,25.5
2026-04-13,Monday,0,13,22,Trabalhador,Cold Brew Especial,17.0,Torta de Limão Siciliano,16.0,Balcão,Pix,33.0
2026-04-13,Monday,0,13,287,Ocasional,Mocha Belga,18.0,Croissant Francês,13.0,Balcão,Débito,31.0
2026-04-13,Monday,0,18,112,Trabalhador,Chá Orgânico,12.0,Cookie Artesanal,9.0,Delivery,Débito,21.0
2026-04-13,Monday,0,19,290,Fim de Semana,Cold Brew Especial,17.0,Quiche de Alho Poró,18.0,Balcão,Crédito,35.0
2026-04-13,Monday,0,19,217,Ocasional,Cold Brew Especial,17.0,Sanduíche Caprese,19.0,Delivery,Crédito,36.0
2026-04-13,Monday,0,19,130,Trabalhador,Latte Baunilha,16.0,Quiche de Alho Poró,18.0,Balcão,Crédito,34.0
2026-04-13,Monday,0,11,178,Fim de Semana,Chá Orgânico,12.0,Croissant Francês,13.0,Delivery,Pix,25.0
2026-04-13,Monday,0,20,182,Ocasional,Latte Baunilha,16.0,Quiche de Alho Poró,18.0,Delivery,Crédito,34.0
2026-04-13,Monday,0,13,289,Fim de Semana,Cold Brew Especial,17.0,Bolo Red Velvet,15.0,Balcão,Pix,32.0
2026-04-13,Monday,0,8,261,Fim de Semana,Cappuccino Italiano,14.0,Cookie Artesanal,9.0,Balcão,Crédito,23.0
2026-04-13,Monday,0,9,176,Trabalhador,Espresso Premium,9.5,Cookie Artesanal,9.0,Delivery,Crédito,18.5
2026-04-13,Monday,0,10,162,Ocasional,Cold Brew Especial,17.0,Cookie Artesanal,9.0,Balcão,Pix,26.0
2026-04-13,Monday,0,14,84,Trabalhador,Espresso Premium,9.5,Sanduíche Caprese,19.0,Delivery,Débito,28.5
2026-04-13,Monday,0,16,171,Fim de Semana,Espresso Premium,9.5,Quiche de Alho Poró,18.0,Delivery,Débito,27.5
2026-04-13,Monday,0,20,191,Ocasional,Cappuccino Italiano,14.0,Cookie Artesanal,9.0,Delivery,Crédito,23.0
2026-04-13,Monday,0,17,148,Ocasional,Espresso Premium,9.5,Quiche de Alho Poró,18.0,Balcão,Crédito,27.5
2026-04-13,Monday,0,20,297,Fim de Semana,Latte Baunilha,16.0,Croissant Francês,13.0,Delivery,Crédito,29.0
2026-04-13,Monday,0,10,234,Trabalhador,Cold Brew Especial,17.0,Quiche de Alho Poró,18.0,Balcão,Pix,35.0
2026-04-13,Monday,0,12,23,Ocasional,Cappuccino Italiano,14.0,Cookie Artesanal,9.0,Balcão,Pix,23.0
2026-04-13,Monday,0,19,220,Ocasional,Espresso Premium,9.5,Quiche de Alho Poró,18.0,Delivery,Pix,27.5
2026-04-13,Monday,0,16,280,Ocasional,Chá Orgânico,12.0,Bolo Red Velvet,15.0,Balcão,Pix,27.0
2026-04-13,Monday,0,9,36,Ocasional,Cappuccino Italiano,14.0,Sanduíche Caprese,19.0,Balcão,Pix,33.0
2026-04-13,Monday,0,18,130,Trabalhador,Mocha Belga,18.0,Sanduíche Caprese,19.0,Balcão,Pix,37.0
2026-04-13,Monday,0,9,184,Ocasional,Espresso Premium,9.5,Torta de Limão Siciliano,16.0,Delivery,Pix,25.5
2026-04-13,Monday,0,7,208,Trabalhador,Cold Brew Especial,17.0,Croissant Francês,13.0,Delivery,Débito,30.0
2026-04-13,Monday,0,11,255,Fim de Semana,Chá Orgânico,12.0,Torta de Limão Siciliano,16.0,Balcão,Crédito,28.0
2026-04-13,Monday,0,12,279,Ocasional,Mocha Belga,18.0,Croissant Francês,13.0,Balcão,Crédito,31.0
2026-04-13,Monday,0,10,204,Trabalhador,Cold Brew Especial,17.0,Croissant Francês,13.0,Balcão,Débito,30.0
2026-04-13,Monday,0,20,60,Ocasional,Cold Brew Especial,17.0,Bolo Red Velvet,15.0,Delivery,Crédito,32.0
2026-04-13,Monday,0,17,133,Fim de Semana,Mocha Belga,18.0,Sanduíche Caprese,19.0,Delivery,Pix,37.0
2026-04-13,Monday,0,13,5,Fim de Semana,Latte Baunilha,16.0,Cookie Artesanal,9.0,Delivery,Crédito,25.0
2026-04-13,Monday,0,14,84,Trabalhador,Latte Baunilha,16.0,Cookie Artesanal,9.0,Delivery,Pix,25.0
2026-04-13,Monday,0,7,218,Ocasional,Mocha Belga,18.0,Quiche de Alho Poró,18.0,Delivery,Débito,36.0
2026-04-13,Monday,0,16,169,Trabalhador,Latte Baunilha,16.0,Croissant Francês,13.0,Balcão,Débito,29.0
2026-04-13,Monday,0,16,21,Fim de Semana,Espresso Premium,9.5,Sanduíche Caprese,19.0,Balcão,Pix,28.5
2026-04-13,Monday,0,14,201,Ocasional,Mocha Belga,18.0,Torta de Limão Siciliano,16.0,Balcão,Crédito,34.0
2026-04-13,Monday,0,18,194,Fim de Semana,Latte Baunilha,16.0,Bolo Red Velvet,15.0,Balcão,Débito,31.0
2026-04-13,Monday,0,14,284,Fim de Semana,Latte Baunilha,16.0,Cookie Artesanal,9.0,Balcão,Débito,25.0
2026-04-13,Monday,0,10,282,Fim de Semana,Latte Baunilha,16.0,Bolo Red Velvet,15.0,Balcão,Crédito,31.0
2026-04-13,Monday,0,17,204,Ocasional,Mocha Belga,18.0,Cookie Artesanal,9.0,Balcão,Pix,27.0
2026-04-13,Monday,0,13,241,Trabalhador,Latte Baunilha,16.0,Quiche de Alho Poró,18.0,Balcão,Débito,34.0
2026-04-13,Monday,0,16,294,Trabalhador,Chá Orgânico,12.0,Bolo Red Velvet,15.0,Balcão,Pix,27.0
2026-04-13,Monday,0,17,14,Trabalhador,Mocha Belga,18.0,Bolo Red Velvet,15.0,Delivery,Crédito,33.0
2026-04-13,Monday,0,13,148,Ocasional,Cappuccino Italiano,14.0,Torta de Limão Siciliano,16.0,Balcão,Pix,30.0
2026-04-13,Monday,0,16,52,Fim de Semana,Latte Baunilha,16.0,Bolo Red Velvet,15.0,Delivery,Pix,31.0
2026-04-13,Monday,0,11,62,Trabalhador,Mocha Belga,18.0,Quiche de Alho Poró,18.0,Balcão,Pix,36.0
2026-04-13,Monday,0,10,111,Trabalhador,Espresso Premium,9.5,Torta de Limão Siciliano,16.0,Balcão,Débito,25.5
2026-04-13,Monday,0,16,300,Trabalhador,Mocha Belga,18.0,Torta de Limão Siciliano,16.0,Balcão,Débito,34.0
2026-04-13,Monday,0,11,129,Trabalhador,Latte Baunilha,16.0,Croissant Francês,13.0,Delivery,Pix,29.0
2026-04-13,Monday,0,13,130,Trabalhador,Cappuccino Italiano,14.0,Sanduíche Caprese,19.0,Balcão,Crédito,33.0
2026-04-13,Monday,0,13,237,Fim de Semana,Mocha Belga,18.0,Sanduíche Caprese,19.0,Balcão,Pix,37.0
2026-04-13,Monday,0,8,43,Fim de Semana,Mocha Belga,18.0,Sanduíche Caprese,19.0,Delivery,Débito,37.0
2026-04-13,Monday,0,15,23,Trabalhador,Chá Orgânico,12.0,Bolo Red Velvet,15.0,Delivery,Pix,27.0
2026-04-13,Monday,0,8,287,Ocasional,Cold Brew Especial,17.0,Cookie Artesanal,9.0,Balcão,Crédito,26.0
2026-04-13,Monday,0,12,297,Trabalhador,Cold Brew Especial,17.0,Quiche de Alho Poró,18.0,Balcão,Pix,35.0
2026-04-13,Monday,0,9,284,Trabalhador,Cappuccino Italiano,14.0,Cookie Artesanal,9.0,Delivery,Pix,23.0
2026-04-13,Monday,0,16,114,Fim de Semana,Espresso Premium,9.5,Quiche de Alho Poró,18.0,Delivery,Crédito,27.5
2026-04-13,Monday,0,19,263,Ocasional,Mocha Belga,18.0,Sanduíche Caprese,19.0,Delivery,Pix,37.0
2026-04-13,Monday,0,7,121,Trabalhador,Espresso Premium,9.5,Quiche de Alho Poró,18.0,Delivery,Débito,27.5
2026-04-13,Monday,0,17,23,Ocasional,Latte Baunilha,16.0,Bolo Red Velvet,15.0,Delivery,Débito,31.0
2026-04-13,Monday,0,12,113,Ocasional,Chá Orgânico,12.0,Croissant Francês,13.0,Balcão,Crédito,25.0
2026-04-13,Monday,0,18,16,Ocasional,Mocha Belga,18.0,Torta de Limão Siciliano,16.0,Balcão,Débito,34.0
2026-04-13,Monday,0,10,293,Fim de Semana,Chá Orgânico,12.0,Torta de Limão Siciliano,16.0,Delivery,Débito,28.0
2026-04-13,Monday,0,10,231,Ocasional,Espresso Premium,9.5,Torta de Limão Siciliano,16.0,Delivery,Débito,25.5
2026-04-13,Monday,0,7,297,Trabalhador,Chá Orgânico,12.0,Cookie Artesanal,9.0,Delivery,Pix,21.0
2026-04-13,Monday,0,16,19,Fim de Semana,Latte Baunilha,16.0,Cookie Artesanal,9.0,Delivery,Débito,25.0
2026-04-13,Monday,0,8,196,Trabalhador,Chá Orgânico,12.0,Croissant Francês,13.0,Balcão,Crédito,25.0
2026-04-13,Monday,0,13,244,Trabalhador,Espresso Premium,9.5,Quiche de Alho Poró,18.0,Balcão,Crédito,27.5
2026-04-13,Monday,0,16,9,Ocasional,Espresso Premium,9.5,Quiche de Alho Poró,18.0,Delivery,Pix,27.5
2026-04-13,Monday,0,12,204,Ocasional,Espresso Premium,9.5,Quiche de Alho Poró,18.0,Delivery,Crédito,27.5
2026-04-13,Monday,0,12,78,Fim de Semana,Mocha Belga,18.0,Croissant Francês,13.0,Delivery,Crédito,31.0
2026-04-13,Monday,0,18,175,Fim de Semana,Cappuccino Italiano,14.0,Bolo Red Velvet,15.0,Delivery,Pix,29.0
2026-04-13,Monday,0,20,27,Ocasional,Latte Baunilha,16.0,Cookie Artesanal,9.0,Delivery,Crédito,25.0
2026-04-13,Monday,0,19,188,Fim de Semana,Cappuccino Italiano,14.0,Cookie Artesanal,9.0,Delivery,Débito,23.0
2026-04-14,Tuesday,0,15,166,Trabalhador,Chá Orgânico,12.0,Cookie Artesanal,9.0,Delivery,Débito,21.0
2026-04-14,Tuesday,0,18,78,Trabalhador,Cappuccino Italiano,14.0,Croissant Francês,13.0,Delivery,Crédito,27.0
2026-04-14,Tuesday,0,16,135,Fim de Semana,Cappuccino Italiano,14.0,Croissant Francês,13.0,Balcão,Pix,27.0
2026-04-14,Tuesday,0,15,85,Ocasional,Latte Baunilha,16.0,Quiche de Alho Poró,18.0,Delivery,Pix,34.0
2026-04-14,Tuesday,0,7,222,Trabalhador,Chá Orgânico,12.0,Sanduíche Caprese,19.0,Balcão,Crédito,31.0
2026-04-14,Tuesday,0,8,29,Trabalhador,Chá Orgânico,12.0,Bolo Red Velvet,15.0,Balcão,Débito,27.0
2026-04-14,Tuesday,0,7,38,Fim de Semana,Mocha Belga,18.0,Quiche de Alho Poró,18.0,Delivery,Crédito,36.0
2026-04-14,Tuesday,0,14,75,Fim de Semana,Cold Brew Especial,17.0,Croissant Francês,13.0,Balcão,Pix,30.0
2026-04-14,Tuesday,0,9,285,Ocasional,Latte Baunilha,16.0,Bolo Red Velvet,15.0,Delivery,Débito,31.0
2026-04-14,Tuesday,0,19,7,Trabalhador,Cappuccino Italiano,14.0,Croissant Francês,13.0,Delivery,Crédito,27.0
2026-04-14,Tuesday,0,10,280,Fim de Semana,Cold Brew Especial,17.0,Quiche de Alho Poró,18.0,Delivery,Débito,35.0
2026-04-14,Tuesday,0,16,101,Trabalhador,Mocha Belga,18.0,Sanduíche Caprese,19.0,Balcão,Crédito,37.0
2026-04-14,Tuesday,0,16,35,Trabalhador,Cold Brew Especial,17.0,Quiche de Alho Poró,18.0,Balcão,Crédito,35.0
2026-04-14,Tuesday,0,10,85,Fim de Semana,Cold Brew Especial,17.0,Sanduíche Caprese,19.0,Delivery,Débito,36.0
2026-04-14,Tuesday,0,10,300,Ocasional,Mocha Belga,18.0,Cookie Artesanal,9.0,Balcão,Pix,27.0
2026-04-14,Tuesday,0,20,102,Ocasional,Espresso Premium,9.5,Torta de Limão Siciliano,16.0,Balcão,Débito,25.5
2026-04-14,Tuesday,0,10,146,Ocasional,Espresso Premium,9.5,Cookie Artesanal,9.0,Balcão,Crédito,18.5
2026-04-14,Tuesday,0,7,126,Trabalhador,Cappuccino Italiano,14.0,Cookie Artesanal,9.0,Delivery,Crédito,23.0
2026-04-14,Tuesday,0,18,242,Ocasional,Cappuccino Italiano,14.0,Sanduíche Caprese,19.0,Balcão,Débito,33.0
2026-04-14,Tuesday,0,19,39,Fim de Semana,Cold Brew Especial,17.0,Cookie Artesanal,9.0,Balcão,Débito,26.0
2026-04-14,Tuesday,0,19,4,Trabalhador,Mocha Belga,18.0,Croissant Francês,13.0,Delivery,Pix,31.0
2026-04-14,Tuesday,0,15,137,Fim de Semana,Espresso Premium,9.5,Quiche de Alho Poró,18.0,Balcão,Débito,27.5
2026-04-14,Tuesday,0,12,284,Trabalhador,Espresso Premium,9.5,Bolo Red Velvet,15.0,Delivery,Crédito,24.5
2026-04-14,Tuesday,0,17,243,Fim de Semana,Cappuccino Italiano,14.0,Sanduíche Caprese,19.0,Balcão,Débito,33.0
2026-04-14,Tuesday,0,15,267,Fim de Semana,Cappuccino Italiano,14.0,Croissant Francês,13.0,Delivery,Pix,27.0
2026-04-14,Tuesday,0,8,19,Ocasional,Latte Baunilha,16.0,Bolo Red Velvet,15.0,Delivery,Pix,31.0
2026-04-14,Tuesday,0,14,139,Trabalhador,Chá Orgânico,12.0,Bolo Red Velvet,15.0,Balcão,Pix,27.0
2026-04-14,Tuesday,0,16,124,Fim de Semana,Cappuccino Italiano,14.0,Bolo Red Velvet,15.0,Balcão,Crédito,29.0
2026-04-14,Tuesday,0,14,29,Fim de Semana,Latte Baunilha,16.0,Cookie Artesanal,9.0,Delivery,Pix,25.0
2026-04-14,Tuesday,0,14,151,Fim de Semana,Espresso Premium,9.5,Cookie Artesanal,9.0,Balcão,Pix,18.5
2026-04-14,Tuesday,0,7,294,Fim de Semana,Espresso Premium,9.5,Bolo Red Velvet,15.0,Delivery,Pix,24.5
2026-04-14,Tuesday,0,11,276,Ocasional,Chá Orgânico,12.0,Bolo Red Velvet,15.0,Balcão,Débito,27.0
2026-04-14,Tuesday,0,11,256,Ocasional,Cappuccino Italiano,14.0,Bolo Red Velvet,15.0,Balcão,Crédito,29.0
2026-04-14,Tuesday,0,10,240,Fim de Semana,Mocha Belga,18.0,Cookie Artesanal,9.0,Balcão,Débito,27.0
2026-04-14,Tuesday,0,15,241,Trabalhador,Cold Brew Especial,17.0,Croissant Francês,13.0,Delivery,Crédito,30.0
2026-04-14,Tuesday,0,17,20,Fim de Semana,Cappuccino Italiano,14.0,Croissant Francês,13.0,Balcão,Crédito,27.0
2026-04-14,Tuesday,0,14,279,Trabalhador,Chá Orgânico,12.0,Croissant Francês,13.0,Balcão,Crédito,25.0
2026-04-14,Tuesday,0,9,244,Trabalhador,Latte Baunilha,16.0,Quiche de Alho Poró,18.0,Balcão,Pix,34.0
2026-04-14,Tuesday,0,9,159,Trabalhador,Chá Orgânico,12.0,Sanduíche Caprese,19.0,Delivery,Pix,31.0
2026-04-14,Tuesday,0,9,109,Trabalhador,Cold Brew Especial,17.0,Quiche de Alho Poró,18.0,Delivery,Crédito,35.0
2026-04-14,Tuesday,0,15,279,Ocasional,Latte Baunilha,16.0,Torta de Limão Siciliano,16.0,Balcão,Crédito,32.0
2026-04-14,Tuesday,0,20,291,Trabalhador,Espresso Premium,9.5,Cookie Artesanal,9.0,Balcão,Crédito,18.5
2026-04-14,Tuesday,0,17,218,Fim de Semana,Mocha Belga,18.0,Cookie Artesanal,9.0,Balcão,Crédito,27.0
2026-04-14,Tuesday,0,18,163,Trabalhador,Cold Brew Especial,17.0,Croissant Francês,13.0,Balcão,Pix,30.0
2026-04-14,Tuesday,0,9,234,Fim de Semana,Chá Orgânico,12.0,Cookie Artesanal,9.0,Balcão,Crédito,21.0
2026-04-14,Tuesday,0,12,175,Fim de Semana,Cold Brew Especial,17.0,Bolo Red Velvet,15.0,Delivery,Débito,32.0
2026-04-14,Tuesday,0,15,131,Trabalhador,Chá Orgânico,12.0,Sanduíche Caprese,19.0,Balcão,Pix,31.0
2026-04-14,Tuesday,0,19,67,Fim de Semana,Cappuccino Italiano,14.0,Sanduíche Caprese,19.0,Delivery,Pix,33.0
2026-04-14,Tuesday,0,12,54,Trabalhador,Latte Baunilha,16.0,Sanduíche Caprese,19.0,Balcão,Crédito,35.0
2026-04-14,Tuesday,0,16,64,Ocasional,Espresso Premium,9.5,Torta de Limão Siciliano,16.0,Delivery,Crédito,25.5
2026-04-14,Tuesday,0,7,108,Fim de Semana,Cold Brew Especial,17.0,Quiche de Alho Poró,18.0,Delivery,Pix,35.0
2026-04-14,Tuesday,0,7,204,Fim de Semana,Espresso Premium,9.5,Sanduíche Caprese,19.0,Delivery,Débito,28.5
2026-04-14,Tuesday,0,19,43,Ocasional,Cold Brew Especial,17.0,Torta de Limão Siciliano,16.0,Delivery,Crédito,33.0
2026-04-14,Tuesday,0,17,88,Ocasional,Cappuccino Italiano,14.0,Sanduíche Caprese,19.0,Balcão,Débito,33.0
2026-04-14,Tuesday,0,8,289,Ocasional,Espresso Premium,9.5,Cookie Artesanal,9.0,Delivery,Crédito,18.5
2026-04-14,Tuesday,0,13,249,Ocasional,Cold Brew Especial,17.0,Quiche de Alho Poró,18.0,Balcão,Pix,35.0
2026-04-14,Tuesday,0,10,205,Trabalhador,Cold Brew Especial,17.0,Croissant Francês,13.0,Balcão,Pix,30.0
2026-04-14,Tuesday,0,20,263,Trabalhador,Cold Brew Especial,17.0,Cookie Artesanal,9.0,Delivery,Débito,26.0
2026-04-14,Tuesday,0,7,96,Fim de Semana,Chá Orgânico,12.0,Bolo Red Velvet,15.0,Balcão,Débito,27.0
2026-04-14,Tuesday,0,20,156,Fim de Semana,Chá Orgânico,12.0,Cookie Artesanal,9.0,Balcão,Pix,21.0
2026-04-14,Tuesday,0,19,21,Fim de Semana,Mocha Belga,18.0,Quiche de Alho Poró,18.0,Delivery,Crédito,36.0
2026-04-14,Tuesday,0,19,237,Ocasional,Mocha Belga,18.0,Quiche de Alho Poró,18.0,Delivery,Débito,36.0
2026-04-14,Tuesday,0,9,177,Fim de Semana,Cold Brew Especial,17.0,Torta de Limão Siciliano,16.0,Balcão,Débito,33.0
2026-04-14,Tuesday,0,10,194,Ocasional,Mocha Belga,18.0,Bolo Red Velvet,15.0,Delivery,Débito,33.0
2026-04-14,Tuesday,0,19,225,Fim de Semana,Latte Baunilha,16.0,Quiche de Alho Poró,18.0,Balcão,Pix,34.0
2026-04-14,Tuesday,0,16,95,Fim de Semana,Cappuccino Italiano,14.0,Bolo Red Velvet,15.0,Delivery,Crédito,29.0
2026-04-14,Tuesday,0,10,30,Fim de Semana,Chá Orgânico,12.0,Croissant Francês,13.0,Balcão,Pix,25.0
2026-04-14,Tuesday,0,14,34,Ocasional,Cappuccino Italiano,14.0,Sanduíche Caprese,19.0,Balcão,Crédito,33.0
2026-04-14,Tuesday,0,10,97,Ocasional,Cold Brew Especial,17.0,Sanduíche Caprese,19.0,Delivery,Crédito,36.0
2026-04-14,Tuesday,0,16,155,Ocasional,Cold Brew Especial,17.0,Torta de Limão Siciliano,16.0,Balcão,Crédito,33.0
2026-04-14,Tuesday,0,8,20,Fim de Semana,Latte Baunilha,16.0,Bolo Red Velvet,15.0,Delivery,Débito,31.0
2026-04-14,Tuesday,0,17,133,Trabalhador,Cappuccino Italiano,14.0,Sanduíche Caprese,19.0,Balcão,Débito,33.0
2026-04-14,Tuesday,0,16,38,Trabalhador,Cappuccino Italiano,14.0,Quiche de Alho Poró,18.0,Balcão,Débito,32.0
2026-04-14,Tuesday,0,19,129,Fim de Semana,Cappuccino Italiano,14.0,Croissant Francês,13.0,Delivery,Crédito,27.0
2026-04-14,Tuesday,0,17,123,Ocasional,Cappuccino Italiano,14.0,Croissant Francês,13.0,Balcão,Débito,27.0
2026-04-14,Tuesday,0,16,176,Fim de Semana,Latte Baunilha,16.0,Bolo Red Velvet,15.0,Delivery,Débito,31.0
2026-04-14,Tuesday,0,16,146,Ocasional,Cappuccino Italiano,14.0,Cookie Artesanal,9.0,Delivery,Débito,23.0
2026-04-14,Tuesday,0,14,202,Fim de Semana,Espresso Premium,9.5,Torta de Limão Siciliano,16.0,Delivery,Débito,25.5
2026-04-14,Tuesday,0,13,224,Trabalhador,Mocha Belga,18.0,Sanduíche Caprese,19.0,Balcão,Crédito,37.0
2026-04-14,Tuesday,0,11,289,Ocasional,Espresso Premium,9.5,Torta de Limão Siciliano,16.0,Balcão,Crédito,25.5
2026-04-14,Tuesday,0,13,129,Fim de Semana,Cappuccino Italiano,14.0,Sanduíche Caprese,19.0,Delivery,Débito,33.0
2026-04-14,Tuesday,0,18,45,Trabalhador,Cold Brew Especial,17.0,Quiche de Alho Poró,18.0,Balcão,Pix,35.0
2026-04-14,Tuesday,0,18,230,Ocasional,Cappuccino Italiano,14.0,Torta de Limão Siciliano,16.0,Delivery,Pix,30.0
2026-04-14,Tuesday,0,12,158,Ocasional,Mocha Belga,18.0,Quiche de Alho Poró,18.0,Delivery,Débito,36.0
2026-04-14,Tuesday,0,18,63,Fim de Semana,Cappuccino Italiano,14.0,Sanduíche Caprese,19.0,Balcão,Débito,33.0
2026-04-15,Wednesday,0,10,141,Ocasional,Latte Baunilha,16.0,Torta de Limão Siciliano,16.0,Balcão,Crédito,32.0
2026-04-15,Wednesday,0,8,267,Fim de Semana,Espresso Premium,9.5,Croissant Francês,13.0,Delivery,Débito,22.5
2026-04-15,Wednesday,0,13,235,Ocasional,Cold Brew Especial,17.0,Cookie Artesanal,9.0,Balcão,Débito,26.0
2026-04-15,Wednesday,0,11,160,Ocasional,Espresso Premium,9.5,Quiche de Alho Poró,18.0,Delivery,Débito,27.5
2026-04-15,Wednesday,0,17,120,Ocasional,Latte Baunilha,16.0,Sanduíche Caprese,19.0,Delivery,Débito,35.0
2026-04-15,Wednesday,0,14,117,Ocasional,Mocha Belga,18.0,Sanduíche Caprese,19.0,Balcão,Crédito,37.0
2026-04-15,Wednesday,0,12,104,Ocasional,Mocha Belga,18.0,Bolo Red Velvet,15.0,Delivery,Crédito,33.0
2026-04-15,Wednesday,0,12,102,Trabalhador,Cold Brew Especial,17.0,Quiche de Alho Poró,18.0,Balcão,Pix,35.0
2026-04-15,Wednesday,0,11,96,Fim de Semana,Cold Brew Especial,17.0,Torta de Limão Siciliano,16.0,Balcão,Crédito,33.0
2026-04-15,Wednesday,0,9,15,Trabalhador,Cappuccino Italiano,14.0,Cookie Artesanal,9.0,Balcão,Pix,23.0
2026-04-15,Wednesday,0,16,45,Ocasional,Latte Baunilha,16.0,Sanduíche Caprese,19.0,Balcão,Pix,35.0
2026-04-15,Wednesday,0,13,217,Fim de Semana,Cold Brew Especial,17.0,Torta de Limão Siciliano,16.0,Delivery,Crédito,33.0
2026-04-15,Wednesday,0,12,268,Fim de Semana,Latte Baunilha,16.0,Torta de Limão Siciliano,16.0,Delivery,Crédito,32.0
2026-04-15,Wednesday,0,11,63,Fim de Semana,Latte Baunilha,16.0,Sanduíche Caprese,19.0,Balcão,Débito,35.0
2026-04-15,Wednesday,0,13,15,Trabalhador,Chá Orgânico,12.0,Croissant Francês,13.0,Balcão,Pix,25.0
2026-04-15,Wednesday,0,10,156,Trabalhador,Cold Brew Especial,17.0,Sanduíche Caprese,19.0,Delivery,Débito,36.0
2026-04-15,Wednesday,0,8,241,Ocasional,Espresso Premium,9.5,Quiche de Alho Poró,18.0,Delivery,Débito,27.5
2026-04-15,Wednesday,0,16,232,Fim de Semana,Latte Baunilha,16.0,Torta de Limão Siciliano,16.0,Delivery,Crédito,32.0
2026-04-15,Wednesday,0,18,227,Trabalhador,Mocha Belga,18.0,Cookie Artesanal,9.0,Delivery,Crédito,27.0
2026-04-15,Wednesday,0,14,1,Fim de Semana,Cappuccino Italiano,14.0,Quiche de Alho Poró,18.0,Delivery,Débito,32.0
2026-04-15,Wednesday,0,11,49,Trabalhador,Latte Baunilha,16.0,Sanduíche Caprese,19.0,Balcão,Pix,35.0
2026-04-15,Wednesday,0,19,236,Fim de Semana,Cappuccino Italiano,14.0,Bolo Red Velvet,15.0,Delivery,Débito,29.0
2026-04-15,Wednesday,0,14,217,Trabalhador,Mocha Belga,18.0,Croissant Francês,13.0,Delivery,Pix,31.0
2026-04-15,Wednesday,0,12,24,Trabalhador,Chá Orgânico,12.0,Torta de Limão Siciliano,16.0,Delivery,Débito,28.0
2026-04-15,Wednesday,0,10,15,Ocasional,Cold Brew Especial,17.0,Sanduíche Caprese,19.0,Balcão,Crédito,36.0
2026-04-15,Wednesday,0,16,227,Trabalhador,Mocha Belga,18.0,Torta de Limão Siciliano,16.0,Delivery,Pix,34.0
2026-04-15,Wednesday,0,11,38,Ocasional,Chá Orgânico,12.0,Croissant Francês,13.0,Delivery,Débito,25.0
2026-04-15,Wednesday,0,18,185,Ocasional,Cold Brew Especial,17.0,Bolo Red Velvet,15.0,Delivery,Crédito,32.0
2026-04-15,Wednesday,0,14,161,Trabalhador,Espresso Premium,9.5,Torta de Limão Siciliano,16.0,Balcão,Crédito,25.5
2026-04-15,Wednesday,0,15,192,Trabalhador,Chá Orgânico,12.0,Torta de Limão Siciliano,16.0,Delivery,Crédito,28.0
2026-04-15,Wednesday,0,15,98,Fim de Semana,Espresso Premium,9.5,Bolo Red Velvet,15.0,Delivery,Crédito,24.5
2026-04-15,Wednesday,0,8,94,Ocasional,Chá Orgânico,12.0,Croissant Francês,13.0,Delivery,Crédito,25.0
2026-04-15,Wednesday,0,9,179,Trabalhador,Cold Brew Especial,17.0,Bolo Red Velvet,15.0,Delivery,Pix,32.0
2026-04-15,Wednesday,0,13,84,Ocasional,Latte Baunilha,16.0,Torta de Limão Siciliano,16.0,Delivery,Débito,32.0
2026-04-15,Wednesday,0,13,124,Trabalhador,Cappuccino Italiano,14.0,Torta de Limão Siciliano,16.0,Delivery,Débito,30.0
2026-04-15,Wednesday,0,10,295,Fim de Semana,Cappuccino Italiano,14.0,Quiche de Alho Poró,18.0,Delivery,Pix,32.0
2026-04-15,Wednesday,0,11,45,Trabalhador,Latte Baunilha,16.0,Quiche de Alho Poró,18.0,Balcão,Débito,34.0
2026-04-15,Wednesday,0,12,248,Trabalhador,Chá Orgânico,12.0,Quiche de Alho Poró,18.0,Delivery,Pix,30.0
2026-04-15,Wednesday,0,8,42,Ocasional,Mocha Belga,18.0,Torta de Limão Siciliano,16.0,Delivery,Débito,34.0
2026-04-15,Wednesday,0,17,52,Ocasional,Espresso Premium,9.5,Torta de Limão Siciliano,16.0,Balcão,Pix,25.5
2026-04-15,Wednesday,0,10,251,Trabalhador,Latte Baunilha,16.0,Sanduíche Caprese,19.0,Balcão,Pix,35.0
2026-04-15,Wednesday,0,16,26,Ocasional,Mocha Belga,18.0,Cookie Artesanal,9.0,Balcão,Pix,27.0
2026-04-15,Wednesday,0,8,123,Trabalhador,Mocha Belga,18.0,Croissant Francês,13.0,Balcão,Crédito,31.0
2026-04-15,Wednesday,0,19,116,Trabalhador,Cappuccino Italiano,14.0,Sanduíche Caprese,19.0,Delivery,Pix,33.0
2026-04-15,Wednesday,0,14,92,Fim de Semana,Mocha Belga,18.0,Croissant Francês,13.0,Balcão,Crédito,31.0
2026-04-15,Wednesday,0,10,224,Ocasional,Chá Orgânico,12.0,Bolo Red Velvet,15.0,Delivery,Débito,27.0
2026-04-15,Wednesday,0,12,253,Fim de Semana,Chá Orgânico,12.0,Quiche de Alho Poró,18.0,Balcão,Pix,30.0
2026-04-15,Wednesday,0,9,253,Ocasional,Cappuccino Italiano,14.0,Bolo Red Velvet,15.0,Balcão,Débito,29.0
2026-04-15,Wednesday,0,11,70,Trabalhador,Mocha Belga,18.0,Croissant Francês,13.0,Delivery,Pix,31.0
2026-04-15,Wednesday,0,18,274,Trabalhador,Chá Orgânico,12.0,Bolo Red Velvet,15.0,Balcão,Crédito,27.0
2026-04-15,Wednesday,0,18,75,Trabalhador,Cold Brew Especial,17.0,Quiche de Alho Poró,18.0,Delivery,Débito,35.0
2026-04-15,Wednesday,0,17,151,Trabalhador,Cold Brew Especial,17.0,Cookie Artesanal,9.0,Balcão,Crédito,26.0
2026-04-15,Wednesday,0,15,138,Ocasional,Cold Brew Especial,17.0,Sanduíche Caprese,19.0,Delivery,Débito,36.0
2026-04-15,Wednesday,0,17,85,Ocasional,Espresso Premium,9.5,Cookie Artesanal,9.0,Balcão,Débito,18.5
2026-04-15,Wednesday,0,12,215,Trabalhador,Latte Baunilha,16.0,Bolo Red Velvet,15.0,Delivery,Débito,31.0
2026-04-15,Wednesday,0,15,42,Trabalhador,Cold Brew Especial,17.0,Quiche de Alho Poró,18.0,Balcão,Pix,35.0
2026-04-15,Wednesday,0,9,128,Trabalhador,Cold Brew Especial,17.0,Sanduíche Caprese,19.0,Balcão,Débito,36.0
2026-04-15,Wednesday,0,8,39,Ocasional,Chá Orgânico,12.0,Sanduíche Caprese,19.0,Delivery,Crédito,31.0
2026-04-15,Wednesday,0,14,176,Trabalhador,Chá Orgânico,12.0,Croissant Francês,13.0,Delivery,Débito,25.0
2026-04-15,Wednesday,0,11,131,Trabalhador,Mocha Belga,18.0,Croissant Francês,13.0,Balcão,Pix,31.0
2026-04-15,Wednesday,0,16,113,Ocasional,Cold Brew Especial,17.0,Torta de Limão Siciliano,16.0,Delivery,Débito,33.0
2026-04-15,Wednesday,0,19,107,Ocasional,Cappuccino Italiano,14.0,Cookie Artesanal,9.0,Balcão,Crédito,23.0
2026-04-15,Wednesday,0,16,132,Fim de Semana,Espresso Premium,9.5,Quiche de Alho Poró,18.0,Delivery,Crédito,27.5
2026-04-15,Wednesday,0,9,28,Fim de Semana,Chá Orgânico,12.0,Quiche de Alho Poró,18.0,Delivery,Pix,30.0
2026-04-15,Wednesday,0,9,148,Ocasional,Mocha Belga,18.0,Sanduíche Caprese,19.0,Balcão,Crédito,37.0
2026-04-15,Wednesday,0,13,281,Ocasional,Latte Baunilha,16.0,Cookie Artesanal,9.0,Balcão,Pix,25.0
2026-04-15,Wednesday,0,15,173,Trabalhador,Latte Baunilha,16.0,Cookie Artesanal,9.0,Delivery,Débito,25.0
2026-04-15,Wednesday,0,7,73,Trabalhador,Cappuccino Italiano,14.0,Torta de Limão Siciliano,16.0,Balcão,Pix,30.0
2026-04-15,Wednesday,0,7,145,Trabalhador,Cold Brew Especial,17.0,Croissant Francês,13.0,Balcão,Crédito,30.0
2026-04-15,Wednesday,0,18,137,Trabalhador,Cappuccino Italiano,14.0,Bolo Red Velvet,15.0,Delivery,Débito,29.0
2026-04-15,Wednesday,0,17,42,Ocasional,Cappuccino Italiano,14.0,Croissant Francês,13.0,Balcão,Débito,27.0
2026-04-15,Wednesday,0,17,246,Fim de Semana,Cappuccino Italiano,14.0,Sanduíche Caprese,19.0,Balcão,Pix,33.0
2026-04-15,Wednesday,0,15,83,Trabalhador,Cold Brew Especial,17.0,Croissant Francês,13.0,Balcão,Débito,30.0
2026-04-15,Wednesday,0,18,56,Ocasional,Chá Orgânico,12.0,Bolo Red Velvet,15.0,Balcão,Crédito,27.0
2026-04-15,Wednesday,0,18,135,Ocasional,Latte Baunilha,16.0,Cookie Artesanal,9.0,Delivery,Pix,25.0
2026-04-15,Wednesday,0,7,197,Fim de Semana,Cappuccino Italiano,14.0,Bolo Red Velvet,15.0,Delivery,Crédito,29.0
2026-04-15,Wednesday,0,19,281,Fim de Semana,Latte Baunilha,16.0,Cookie Artesanal,9.0,Delivery,Crédito,25.0
2026-04-15,Wednesday,0,19,264,Trabalhador,Latte Baunilha,16.0,Torta de Limão Siciliano,16.0,Balcão,Pix,32.0
2026-04-15,Wednesday,0,11,93,Trabalhador,Cappuccino Italiano,14.0,Bolo Red Velvet,15.0,Delivery,Pix,29.0
2026-04-15,Wednesday,0,12,45,Trabalhador,Mocha Belga,18.0,Cookie Artesanal,9.0,Balcão,Crédito,27.0
2026-04-15,Wednesday,0,19,193,Fim de Semana,Latte Baunilha,16.0,Sanduíche Caprese,19.0,Delivery,Débito,35.0
2026-04-15,Wednesday,0,19,284,Trabalhador,Cold Brew Especial,17.0,Quiche de Alho Poró,18.0,Delivery,Pix,35.0
2026-04-16,Thursday,0,18,1,Ocasional,Cappuccino Italiano,14.0,Quiche de Alho Poró,18.0,Balcão,Pix,32.0
2026-04-16,Thursday,0,20,141,Trabalhador,Chá Orgânico,12.0,Bolo Red Velvet,15.0,Delivery,Débito,27.0
2026-04-16,Thursday,0,16,250,Fim de Semana,Cappuccino Italiano,14.0,Cookie Artesanal,9.0,Delivery,Crédito,23.0
2026-04-16,Thursday,0,18,67,Fim de Semana,Cold Brew Especial,17.0,Quiche de Alho Poró,18.0,Balcão,Crédito,35.0
2026-04-16,Thursday,0,17,112,Trabalhador,Cappuccino Italiano,14.0,Bolo Red Velvet,15.0,Delivery,Pix,29.0
2026-04-16,Thursday,0,18,100,Ocasional,Cappuccino Italiano,14.0,Cookie Artesanal,9.0,Delivery,Pix,23.0
2026-04-16,Thursday,0,12,37,Fim de Semana,Chá Orgânico,12.0,Bolo Red Velvet,15.0,Balcão,Débito,27.0
2026-04-16,Thursday,0,8,136,Fim de Semana,Mocha Belga,18.0,Sanduíche Caprese,19.0,Delivery,Débito,37.0
2026-04-16,Thursday,0,16,73,Ocasional,Mocha Belga,18.0,Sanduíche Caprese,19.0,Delivery,Débito,37.0
2026-04-16,Thursday,0,11,199,Trabalhador,Latte Baunilha,16.0,Bolo Red Velvet,15.0,Delivery,Pix,31.0
2026-04-16,Thursday,0,16,105,Trabalhador,Cold Brew Especial,17.0,Torta de Limão Siciliano,16.0,Delivery,Pix,33.0
2026-04-16,Thursday,0,11,139,Trabalhador,Mocha Belga,18.0,Quiche de Alho Poró,18.0,Balcão,Pix,36.0
2026-04-16,Thursday,0,7,150,Fim de Semana,Cold Brew Especial,17.0,Bolo Red Velvet,15.0,Balcão,Pix,32.0
2026-04-16,Thursday,0,11,66,Fim de Semana,Cappuccino Italiano,14.0,Cookie Artesanal,9.0,Delivery,Pix,23.0
2026-04-16,Thursday,0,18,281,Trabalhador,Chá Orgânico,12.0,Bolo Red Velvet,15.0,Balcão,Crédito,27.0
2026-04-16,Thursday,0,20,294,Fim de Semana,Mocha Belga,18.0,Cookie Artesanal,9.0,Delivery,Pix,27.0
2026-04-16,Thursday,0,14,13,Fim de Semana,Espresso Premium,9.5,Bolo Red Velvet,15.0,Delivery,Crédito,24.5
2026-04-16,Thursday,0,8,258,Fim de Semana,Cappuccino Italiano,14.0,Quiche de Alho Poró,18.0,Balcão,Crédito,32.0
2026-04-16,Thursday,0,14,39,Trabalhador,Cappuccino Italiano,14.0,Sanduíche Caprese,19.0,Delivery,Crédito,33.0
2026-04-16,Thursday,0,16,210,Ocasional,Cold Brew Especial,17.0,Quiche de Alho Poró,18.0,Balcão,Crédito,35.0
2026-04-16,Thursday,0,14,15,Fim de Semana,Chá Orgânico,12.0,Cookie Artesanal,9.0,Delivery,Pix,21.0
2026-04-16,Thursday,0,12,15,Ocasional,Cold Brew Especial,17.0,Bolo Red Velvet,15.0,Balcão,Crédito,32.0
2026-04-16,Thursday,0,19,240,Ocasional,Espresso Premium,9.5,Croissant Francês,13.0,Delivery,Pix,22.5
2026-04-16,Thursday,0,7,96,Ocasional,Mocha Belga,18.0,Cookie Artesanal,9.0,Balcão,Crédito,27.0
2026-04-16,Thursday,0,17,117,Trabalhador,Latte Baunilha,16.0,Croissant Francês,13.0,Delivery,Pix,29.0
2026-04-16,Thursday,0,10,269,Ocasional,Chá Orgânico,12.0,Croissant Francês,13.0,Balcão,Débito,25.0
2026-04-16,Thursday,0,8,219,Trabalhador,Espresso Premium,9.5,Torta de Limão Siciliano,16.0,Balcão,Débito,25.5
2026-04-16,Thursday,0,12,160,Fim de Semana,Cappuccino Italiano,14.0,Torta de Limão Siciliano,16.0,Balcão,Crédito,30.0
2026-04-16,Thursday,0,15,211,Fim de Semana,Latte Baunilha,16.0,Torta de Limão Siciliano,16.0,Delivery,Débito,32.0
2026-04-16,Thursday,0,20,237,Ocasional,Mocha Belga,18.0,Sanduíche Caprese,19.0,Balcão,Crédito,37.0
2026-04-16,Thursday,0,10,240,Fim de Semana,Chá Orgânico,12.0,Quiche de Alho Poró,18.0,Delivery,Pix,30.0
2026-04-16,Thursday,0,8,196,Ocasional,Cold Brew Especial,17.0,Croissant Francês,13.0,Balcão,Débito,30.0
2026-04-16,Thursday,0,10,90,Fim de Semana,Latte Baunilha,16.0,Sanduíche Caprese,19.0,Delivery,Pix,35.0
2026-04-16,Thursday,0,20,70,Trabalhador,Chá Orgânico,12.0,Cookie Artesanal,9.0,Delivery,Débito,21.0
2026-04-16,Thursday,0,7,101,Trabalhador,Latte Baunilha,16.0,Quiche de Alho Poró,18.0,Balcão,Crédito,34.0
2026-04-16,Thursday,0,17,30,Fim de Semana,Cold Brew Especial,17.0,Quiche de Alho Poró,18.0,Delivery,Débito,35.0
2026-04-16,Thursday,0,13,199,Fim de Semana,Espresso Premium,9.5,Quiche de Alho Poró,18.0,Balcão,Crédito,27.5
2026-04-16,Thursday,0,11,109,Ocasional,Cold Brew Especial,17.0,Torta de Limão Siciliano,16.0,Delivery,Débito,33.0
2026-04-16,Thursday,0,10,258,Fim de Semana,Espresso Premium,9.5,Bolo Red Velvet,15.0,Delivery,Pix,24.5
2026-04-16,Thursday,0,20,6,Fim de Semana,Espresso Premium,9.5,Sanduíche Caprese,19.0,Balcão,Crédito,28.5
2026-04-16,Thursday,0,12,6,Ocasional,Chá Orgânico,12.0,Cookie Artesanal,9.0,Balcão,Débito,21.0
2026-04-16,Thursday,0,8,198,Fim de Semana,Mocha Belga,18.0,Cookie Artesanal,9.0,Delivery,Crédito,27.0
2026-04-16,Thursday,0,19,22,Trabalhador,Cappuccino Italiano,14.0,Sanduíche Caprese,19.0,Balcão,Crédito,33.0
2026-04-16,Thursday,0,8,51,Fim de Semana,Mocha Belga,18.0,Croissant Francês,13.0,Delivery,Crédito,31.0
2026-04-16,Thursday,0,8,49,Trabalhador,Cappuccino Italiano,14.0,Torta de Limão Siciliano,16.0,Balcão,Débito,30.0
2026-04-16,Thursday,0,19,189,Trabalhador,Cappuccino Italiano,14.0,Quiche de Alho Poró,18.0,Delivery,Débito,32.0
2026-04-16,Thursday,0,12,149,Ocasional,Cappuccino Italiano,14.0,Bolo Red Velvet,15.0,Balcão,Débito,29.0
2026-04-16,Thursday,0,7,249,Ocasional,Cappuccino Italiano,14.0,Torta de Limão Siciliano,16.0,Balcão,Débito,30.0
2026-04-16,Thursday,0,10,51,Trabalhador,Chá Orgânico,12.0,Torta de Limão Siciliano,16.0,Balcão,Débito,28.0
2026-04-16,Thursday,0,13,127,Trabalhador,Chá Orgânico,12.0,Croissant Francês,13.0,Delivery,Pix,25.0
2026-04-16,Thursday,0,13,265,Ocasional,Cappuccino Italiano,14.0,Quiche de Alho Poró,18.0,Balcão,Crédito,32.0
2026-04-16,Thursday,0,17,242,Ocasional,Cappuccino Italiano,14.0,Cookie Artesanal,9.0,Delivery,Crédito,23.0
2026-04-16,Thursday,0,20,136,Fim de Semana,Cold Brew Especial,17.0,Sanduíche Caprese,19.0,Delivery,Débito,36.0
2026-04-16,Thursday,0,18,147,Trabalhador,Cold Brew Especial,17.0,Quiche de Alho Poró,18.0,Balcão,Pix,35.0
2026-04-16,Thursday,0,13,153,Ocasional,Latte Baunilha,16.0,Torta de Limão Siciliano,16.0,Delivery,Débito,32.0
2026-04-16,Thursday,0,12,157,Ocasional,Cold Brew Especial,17.0,Sanduíche Caprese,19.0,Delivery,Crédito,36.0
2026-04-16,Thursday,0,14,161,Trabalhador,Cappuccino Italiano,14.0,Torta de Limão Siciliano,16.0,Delivery,Débito,30.0
2026-04-16,Thursday,0,16,62,Ocasional,Latte Baunilha,16.0,Quiche de Alho Poró,18.0,Balcão,Pix,34.0
2026-04-16,Thursday,0,9,119,Ocasional,Mocha Belga,18.0,Croissant Francês,13.0,Balcão,Crédito,31.0
2026-04-16,Thursday,0,10,120,Fim de Semana,Cappuccino Italiano,14.0,Bolo Red Velvet,15.0,Balcão,Débito,29.0
2026-04-16,Thursday,0,18,49,Trabalhador,Espresso Premium,9.5,Sanduíche Caprese,19.0,Delivery,Crédito,28.5
2026-04-16,Thursday,0,10,62,Trabalhador,Cappuccino Italiano,14.0,Cookie Artesanal,9.0,Delivery,Pix,23.0
2026-04-16,Thursday,0,13,281,Ocasional,Cold Brew Especial,17.0,Croissant Francês,13.0,Balcão,Débito,30.0
2026-04-16,Thursday,0,19,185,Fim de Semana,Chá Orgânico,12.0,Torta de Limão Siciliano,16.0,Delivery,Crédito,28.0
2026-04-16,Thursday,0,11,287,Ocasional,Cappuccino Italiano,14.0,Bolo Red Velvet,15.0,Delivery,Crédito,29.0
2026-04-16,Thursday,0,10,153,Trabalhador,Latte Baunilha,16.0,Quiche de Alho Poró,18.0,Delivery,Débito,34.0
2026-04-16,Thursday,0,11,14,Trabalhador,Latte Baunilha,16.0,Croissant Francês,13.0,Delivery,Pix,29.0
2026-04-16,Thursday,0,8,129,Ocasional,Cappuccino Italiano,14.0,Sanduíche Caprese,19.0,Delivery,Crédito,33.0
2026-04-16,Thursday,0,16,47,Fim de Semana,Espresso Premium,9.5,Quiche de Alho Poró,18.0,Delivery,Crédito,27.5
2026-04-16,Thursday,0,13,249,Trabalhador,Latte Baunilha,16.0,Quiche de Alho Poró,18.0,Delivery,Débito,34.0
2026-04-16,Thursday,0,12,76,Ocasional,Chá Orgânico,12.0,Quiche de Alho Poró,18.0,Delivery,Pix,30.0
2026-04-16,Thursday,0,18,271,Trabalhador,Cappuccino Italiano,14.0,Bolo Red Velvet,15.0,Balcão,Pix,29.0
2026-04-16,Thursday,0,12,37,Trabalhador,Mocha Belga,18.0,Bolo Red Velvet,15.0,Delivery,Crédito,33.0
2026-04-16,Thursday,0,15,61,Fim de Semana,Cappuccino Italiano,14.0,Bolo Red Velvet,15.0,Delivery,Débito,29.0
2026-04-16,Thursday,0,15,150,Ocasional,Cappuccino Italiano,14.0,Torta de Limão Siciliano,16.0,Balcão,Pix,30.0
2026-04-16,Thursday,0,13,29,Fim de Semana,Cappuccino Italiano,14.0,Quiche de Alho Poró,18.0,Balcão,Débito,32.0
2026-04-16,Thursday,0,7,56,Ocasional,Latte Baunilha,16.0,Bolo Red Velvet,15.0,Delivery,Crédito,31.0
2026-04-16,Thursday,0,11,76,Fim de Semana,Cold Brew Especial,17.0,Quiche de Alho Poró,18.0,Delivery,Pix,35.0
2026-04-16,Thursday,0,11,242,Fim de Semana,Espresso Premium,9.5,Bolo Red Velvet,15.0,Delivery,Pix,24.5
2026-04-16,Thursday,0,15,71,Trabalhador,Espresso Premium,9.5,Cookie Artesanal,9.0,Delivery,Crédito,18.5
2026-04-16,Thursday,0,8,66,Trabalhador,Espresso Premium,9.5,Croissant Francês,13.0,Balcão,Crédito,22.5
2026-04-16,Thursday,0,11,131,Trabalhador,Cappuccino Italiano,14.0,Quiche de Alho Poró,18.0,Delivery,Pix,32.0
2026-04-16,Thursday,0,9,143,Trabalhador,Espresso Premium,9.5,Bolo Red Velvet,15.0,Delivery,Débito,24.5
2026-04-16,Thursday,0,12,147,Trabalhador,Mocha Belga,18.0,Cookie Artesanal,9.0,Balcão,Pix,27.0
2026-04-16,Thursday,0,15,10,Fim de Semana,Chá Orgânico,12.0,Cookie Artesanal,9.0,Delivery,Débito,21.0
2026-04-17,Friday,0,20,38,Fim de Semana,Cappuccino Italiano,14.0,Croissant Francês,13.0,Balcão,Débito,27.0
2026-04-17,Friday,0,9,287,Ocasional,Cold Brew Especial,17.0,Sanduíche Caprese,19.0,Balcão,Crédito,36.0
2026-04-17,Friday,0,10,11,Trabalhador,Cold Brew Especial,17.0,Cookie Artesanal,9.0,Delivery,Débito,26.0
2026-04-17,Friday,0,19,272,Ocasional,Espresso Premium,9.5,Cookie Artesanal,9.0,Delivery,Pix,18.5
2026-04-17,Friday,0,17,77,Trabalhador,Espresso Premium,9.5,Cookie Artesanal,9.0,Balcão,Débito,18.5
2026-04-17,Friday,0,15,282,Trabalhador,Cold Brew Especial,17.0,Sanduíche Caprese,19.0,Balcão,Pix,36.0
2026-04-17,Friday,0,16,52,Ocasional,Latte Baunilha,16.0,Croissant Francês,13.0,Balcão,Crédito,29.0
2026-04-17,Friday,0,11,148,Fim de Semana,Chá Orgânico,12.0,Bolo Red Velvet,15.0,Delivery,Pix,27.0
2026-04-17,Friday,0,13,62,Fim de Semana,Mocha Belga,18.0,Bolo Red Velvet,15.0,Delivery,Pix,33.0
2026-04-17,Friday,0,7,80,Trabalhador,Chá Orgânico,12.0,Sanduíche Caprese,19.0,Balcão,Crédito,31.0
2026-04-17,Friday,0,11,51,Trabalhador,Mocha Belga,18.0,Bolo Red Velvet,15.0,Delivery,Débito,33.0
2026-04-17,Friday,0,18,284,Fim de Semana,Mocha Belga,18.0,Quiche de Alho Poró,18.0,Delivery,Pix,36.0
2026-04-17,Friday,0,16,230,Trabalhador,Mocha Belga,18.0,Quiche de Alho Poró,18.0,Balcão,Crédito,36.0
2026-04-17,Friday,0,16,163,Ocasional,Latte Baunilha,16.0,Sanduíche Caprese,19.0,Balcão,Pix,35.0
2026-04-17,Friday,0,11,203,Fim de Semana,Chá Orgânico,12.0,Sanduíche Caprese,19.0,Balcão,Débito,31.0
2026-04-17,Friday,0,8,119,Ocasional,Chá Orgânico,12.0,Sanduíche Caprese,19.0,Balcão,Pix,31.0
2026-04-17,Friday,0,7,136,Trabalhador,Latte Baunilha,16.0,Cookie Artesanal,9.0,Balcão,Pix,25.0
2026-04-17,Friday,0,20,183,Trabalhador,Cappuccino Italiano,14.0,Cookie Artesanal,9.0,Balcão,Crédito,23.0
2026-04-17,Friday,0,11,57,Ocasional,Espresso Premium,9.5,Sanduíche Caprese,19.0,Delivery,Crédito,28.5
2026-04-17,Friday,0,7,168,Fim de Semana,Espresso Premium,9.5,Quiche de Alho Poró,18.0,Balcão,Pix,27.5
2026-04-17,Friday,0,8,70,Trabalhador,Cold Brew Especial,17.0,Croissant Francês,13.0,Balcão,Pix,30.0
2026-04-17,Friday,0,9,228,Ocasional,Chá Orgânico,12.0,Cookie Artesanal,9.0,Balcão,Pix,21.0
2026-04-17,Friday,0,9,105,Fim de Semana,Espresso Premium,9.5,Cookie Artesanal,9.0,Delivery,Crédito,18.5
2026-04-17,Friday,0,8,43,Ocasional,Mocha Belga,18.0,Sanduíche Caprese,19.0,Balcão,Crédito,37.0
2026-04-17,Friday,0,15,217,Fim de Semana,Mocha Belga,18.0,Quiche de Alho Poró,18.0,Balcão,Crédito,36.0
2026-04-17,Friday,0,18,34,Trabalhador,Espresso Premium,9.5,Cookie Artesanal,9.0,Balcão,Crédito,18.5
2026-04-17,Friday,0,8,300,Trabalhador,Espresso Premium,9.5,Cookie Artesanal,9.0,Delivery,Pix,18.5
2026-04-17,Friday,0,20,275,Fim de Semana,Chá Orgânico,12.0,Bolo Red Velvet,15.0,Delivery,Débito,27.0
2026-04-17,Friday,0,14,184,Trabalhador,Mocha Belga,18.0,Croissant Francês,13.0,Delivery,Crédito,31.0
2026-04-17,Friday,0,13,120,Ocasional,Mocha Belga,18.0,Cookie Artesanal,9.0,Balcão,Crédito,27.0
2026-04-17,Friday,0,7,230,Trabalhador,Latte Baunilha,16.0,Bolo Red Velvet,15.0,Balcão,Débito,31.0
2026-04-17,Friday,0,14,166,Trabalhador,Latte Baunilha,16.0,Cookie Artesanal,9.0,Balcão,Crédito,25.0
2026-04-17,Friday,0,16,138,Ocasional,Cold Brew Especial,17.0,Quiche de Alho Poró,18.0,Balcão,Débito,35.0
2026-04-17,Friday,0,13,244,Trabalhador,Cold Brew Especial,17.0,Cookie Artesanal,9.0,Balcão,Débito,26.0
2026-04-17,Friday,0,14,282,Fim de Semana,Chá Orgânico,12.0,Bolo Red Velvet,15.0,Balcão,Débito,27.0
2026-04-17,Friday,0,18,199,Trabalhador,Latte Baunilha,16.0,Sanduíche Caprese,19.0,Balcão,Pix,35.0
2026-04-17,Friday,0,15,32,Ocasional,Cold Brew Especial,17.0,Torta de Limão Siciliano,16.0,Delivery,Débito,33.0
2026-04-17,Friday,0,10,215,Ocasional,Espresso Premium,9.5,Quiche de Alho Poró,18.0,Balcão,Pix,27.5
2026-04-17,Friday,0,14,81,Fim de Semana,Mocha Belga,18.0,Torta de Limão Siciliano,16.0,Delivery,Débito,34.0
2026-04-17,Friday,0,19,16,Ocasional,Cappuccino Italiano,14.0,Cookie Artesanal,9.0,Balcão,Débito,23.0
2026-04-17,Friday,0,17,266,Ocasional,Chá Orgânico,12.0,Bolo Red Velvet,15.0,Delivery,Débito,27.0
2026-04-17,Friday,0,18,238,Trabalhador,Chá Orgânico,12.0,Cookie Artesanal,9.0,Delivery,Crédito,21.0
2026-04-17,Friday,0,16,175,Trabalhador,Chá Orgânico,12.0,Croissant Francês,13.0,Delivery,Débito,25.0
2026-04-17,Friday,0,8,146,Fim de Semana,Espresso Premium,9.5,Croissant Francês,13.0,Balcão,Crédito,22.5
2026-04-17,Friday,0,7,213,Ocasional,Cold Brew Especial,17.0,Cookie Artesanal,9.0,Balcão,Pix,26.0
2026-04-17,Friday,0,11,142,Fim de Semana,Espresso Premium,9.5,Croissant Francês,13.0,Balcão,Débito,22.5
2026-04-17,Friday,0,14,130,Trabalhador,Latte Baunilha,16.0,Sanduíche Caprese,19.0,Delivery,Débito,35.0
2026-04-17,Friday,0,15,109,Ocasional,Latte Baunilha,16.0,Quiche de Alho Poró,18.0,Delivery,Crédito,34.0
2026-04-17,Friday,0,14,33,Ocasional,Latte Baunilha,16.0,Quiche de Alho Poró,18.0,Balcão,Pix,34.0
2026-04-17,Friday,0,11,284,Trabalhador,Latte Baunilha,16.0,Bolo Red Velvet,15.0,Balcão,Débito,31.0
2026-04-17,Friday,0,12,64,Ocasional,Cappuccino Italiano,14.0,Torta de Limão Siciliano,16.0,Delivery,Pix,30.0
2026-04-17,Friday,0,9,69,Fim de Semana,Espresso Premium,9.5,Quiche de Alho Poró,18.0,Balcão,Pix,27.5
2026-04-17,Friday,0,9,36,Fim de Semana,Cold Brew Especial,17.0,Sanduíche Caprese,19.0,Balcão,Débito,36.0
2026-04-17,Friday,0,12,48,Fim de Semana,Mocha Belga,18.0,Quiche de Alho Poró,18.0,Delivery,Crédito,36.0
2026-04-17,Friday,0,18,129,Trabalhador,Latte Baunilha,16.0,Quiche de Alho Poró,18.0,Balcão,Pix,34.0
2026-04-17,Friday,0,11,248,Ocasional,Chá Orgânico,12.0,Bolo Red Velvet,15.0,Delivery,Crédito,27.0
2026-04-17,Friday,0,9,190,Trabalhador,Latte Baunilha,16.0,Croissant Francês,13.0,Balcão,Pix,29.0
2026-04-17,Friday,0,16,290,Fim de Semana,Cold Brew Especial,17.0,Quiche de Alho Poró,18.0,Balcão,Crédito,35.0
2026-04-17,Friday,0,7,92,Fim de Semana,Cappuccino Italiano,14.0,Cookie Artesanal,9.0,Delivery,Débito,23.0
2026-04-17,Friday,0,15,282,Trabalhador,Latte Baunilha,16.0,Croissant Francês,13.0,Delivery,Débito,29.0
2026-04-17,Friday,0,18,108,Trabalhador,Espresso Premium,9.5,Sanduíche Caprese,19.0,Delivery,Débito,28.5
2026-04-17,Friday,0,20,6,Fim de Semana,Espresso Premium,9.5,Torta de Limão Siciliano,16.0,Balcão,Pix,25.5
2026-04-17,Friday,0,12,37,Trabalhador,Cold Brew Especial,17.0,Quiche de Alho Poró,18.0,Balcão,Débito,35.0
2026-04-17,Friday,0,13,272,Ocasional,Chá Orgânico,12.0,Torta de Limão Siciliano,16.0,Balcão,Pix,28.0
2026-04-17,Friday,0,20,124,Trabalhador,Latte Baunilha,16.0,Quiche de Alho Poró,18.0,Delivery,Crédito,34.0
2026-04-17,Friday,0,7,45,Ocasional,Chá Orgânico,12.0,Torta de Limão Siciliano,16.0,Delivery,Débito,28.0
2026-04-17,Friday,0,19,11,Fim de Semana,Cold Brew Especial,17.0,Sanduíche Caprese,19.0,Balcão,Pix,36.0
2026-04-17,Friday,0,20,155,Trabalhador,Cold Brew Especial,17.0,Cookie Artesanal,9.0,Delivery,Pix,26.0
2026-04-17,Friday,0,10,202,Trabalhador,Espresso Premium,9.5,Bolo Red Velvet,15.0,Delivery,Pix,24.5
2026-04-17,Friday,0,18,299,Trabalhador,Chá Orgânico,12.0,Croissant Francês,13.0,Delivery,Pix,25.0
2026-04-18,Saturday,1,10,49,Fim de Semana,Latte Baunilha,16.0,Quiche de Alho Poró,18.0,Delivery,Pix,34.0
2026-04-18,Saturday,1,12,296,Ocasional,Cappuccino Italiano,14.0,Torta de Limão Siciliano,16.0,Delivery,Débito,30.0
2026-04-18,Saturday,1,17,152,Trabalhador,Espresso Premium,9.5,Croissant Francês,13.0,Delivery,Crédito,22.5
2026-04-18,Saturday,1,12,102,Trabalhador,Cold Brew Especial,17.0,Croissant Francês,13.0,Delivery,Débito,30.0
2026-04-18,Saturday,1,10,162,Ocasional,Chá Orgânico,12.0,Sanduíche Caprese,19.0,Delivery,Débito,31.0
2026-04-18,Saturday,1,14,5,Trabalhador,Cappuccino Italiano,14.0,Torta de Limão Siciliano,16.0,Balcão,Pix,30.0
2026-04-18,Saturday,1,8,293,Fim de Semana,Cold Brew Especial,17.0,Bolo Red Velvet,15.0,Delivery,Crédito,32.0
2026-04-18,Saturday,1,12,240,Fim de Semana,Cold Brew Especial,17.0,Croissant Francês,13.0,Delivery,Débito,30.0
2026-04-18,Saturday,1,10,43,Fim de Semana,Cold Brew Especial,17.0,Cookie Artesanal,9.0,Delivery,Pix,26.0
2026-04-18,Saturday,1,9,256,Ocasional,Cappuccino Italiano,14.0,Sanduíche Caprese,19.0,Balcão,Débito,33.0
2026-04-18,Saturday,1,19,29,Trabalhador,Latte Baunilha,16.0,Cookie Artesanal,9.0,Delivery,Crédito,25.0
2026-04-18,Saturday,1,12,159,Trabalhador,Mocha Belga,18.0,Bolo Red Velvet,15.0,Balcão,Pix,33.0
2026-04-18,Saturday,1,7,21,Fim de Semana,Cappuccino Italiano,14.0,Torta de Limão Siciliano,16.0,Balcão,Crédito,30.0
2026-04-18,Saturday,1,18,115,Ocasional,Mocha Belga,18.0,Cookie Artesanal,9.0,Balcão,Pix,27.0
2026-04-18,Saturday,1,15,190,Trabalhador,Cappuccino Italiano,14.0,Croissant Francês,13.0,Balcão,Pix,27.0
2026-04-18,Saturday,1,19,160,Ocasional,Chá Orgânico,12.0,Croissant Francês,13.0,Delivery,Pix,25.0
2026-04-18,Saturday,1,8,30,Ocasional,Chá Orgânico,12.0,Bolo Red Velvet,15.0,Delivery,Crédito,27.0
2026-04-18,Saturday,1,19,103,Ocasional,Latte Baunilha,16.0,Quiche de Alho Poró,18.0,Balcão,Pix,34.0
2026-04-18,Saturday,1,16,149,Ocasional,Latte Baunilha,16.0,Quiche de Alho Poró,18.0,Balcão,Crédito,34.0
2026-04-18,Saturday,1,20,193,Fim de Semana,Cold Brew Especial,17.0,Sanduíche Caprese,19.0,Balcão,Pix,36.0
2026-04-18,Saturday,1,8,242,Trabalhador,Latte Baunilha,16.0,Sanduíche Caprese,19.0,Delivery,Débito,35.0
2026-04-18,Saturday,1,10,165,Ocasional,Latte Baunilha,16.0,Croissant Francês,13.0,Balcão,Crédito,29.0
2026-04-18,Saturday,1,7,52,Trabalhador,Espresso Premium,9.5,Bolo Red Velvet,15.0,Balcão,Pix,24.5
2026-04-18,Saturday,1,18,176,Ocasional,Espresso Premium,9.5,Torta de Limão Siciliano,16.0,Balcão,Pix,25.5
2026-04-18,Saturday,1,7,64,Fim de Semana,Latte Baunilha,16.0,Croissant Francês,13.0,Delivery,Pix,29.0
2026-04-18,Saturday,1,13,139,Fim de Semana,Cappuccino Italiano,14.0,Bolo Red Velvet,15.0,Balcão,Crédito,29.0
2026-04-18,Saturday,1,17,57,Fim de Semana,Mocha Belga,18.0,Croissant Francês,13.0,Balcão,Pix,31.0
2026-04-18,Saturday,1,20,193,Fim de Semana,Cold Brew Especial,17.0,Torta de Limão Siciliano,16.0,Balcão,Pix,33.0
2026-04-18,Saturday,1,15,30,Ocasional,Mocha Belga,18.0,Quiche de Alho Poró,18.0,Delivery,Pix,36.0
2026-04-18,Saturday,1,17,179,Fim de Semana,Mocha Belga,18.0,Sanduíche Caprese,19.0,Delivery,Pix,37.0
2026-04-18,Saturday,1,12,297,Fim de Semana,Mocha Belga,18.0,Cookie Artesanal,9.0,Delivery,Débito,27.0
2026-04-18,Saturday,1,16,42,Ocasional,Cappuccino Italiano,14.0,Cookie Artesanal,9.0,Balcão,Crédito,23.0
2026-04-18,Saturday,1,10,240,Fim de Semana,Cold Brew Especial,17.0,Sanduíche Caprese,19.0,Delivery,Débito,36.0
2026-04-18,Saturday,1,16,212,Fim de Semana,Cold Brew Especial,17.0,Torta de Limão Siciliano,16.0,Delivery,Débito,33.0
2026-04-18,Saturday,1,19,110,Ocasional,Mocha Belga,18.0,Quiche de Alho Poró,18.0,Balcão,Crédito,36.0
2026-04-18,Saturday,1,11,80,Trabalhador,Cold Brew Especial,17.0,Croissant Francês,13.0,Balcão,Pix,30.0
2026-04-18,Saturday,1,7,247,Trabalhador,Espresso Premium,9.5,Quiche de Alho Poró,18.0,Balcão,Débito,27.5
2026-04-18,Saturday,1,20,169,Trabalhador,Cold Brew Especial,17.0,Sanduíche Caprese,19.0,Balcão,Débito,36.0
2026-04-18,Saturday,1,20,129,Fim de Semana,Espresso Premium,9.5,Bolo Red Velvet,15.0,Delivery,Crédito,24.5
2026-04-18,Saturday,1,18,94,Ocasional,Cold Brew Especial,17.0,Torta de Limão Siciliano,16.0,Delivery,Débito,33.0
2026-04-18,Saturday,1,18,174,Ocasional,Espresso Premium,9.5,Quiche de Alho Poró,18.0,Balcão,Débito,27.5
2026-04-18,Saturday,1,18,195,Fim de Semana,Cappuccino Italiano,14.0,Torta de Limão Siciliano,16.0,Balcão,Pix,30.0
2026-04-18,Saturday,1,7,41,Fim de Semana,Chá Orgânico,12.0,Sanduíche Caprese,19.0,Delivery,Pix,31.0
2026-04-18,Saturday,1,14,149,Fim de Semana,Latte Baunilha,16.0,Sanduíche Caprese,19.0,Balcão,Débito,35.0
2026-04-18,Saturday,1,19,88,Fim de Semana,Cold Brew Especial,17.0,Quiche de Alho Poró,18.0,Balcão,Débito,35.0
2026-04-18,Saturday,1,12,132,Ocasional,Espresso Premium,9.5,Quiche de Alho Poró,18.0,Delivery,Pix,27.5
2026-04-18,Saturday,1,19,221,Trabalhador,Cold Brew Especial,17.0,Torta de Limão Siciliano,16.0,Balcão,Débito,33.0
2026-04-18,Saturday,1,18,95,Trabalhador,Chá Orgânico,12.0,Croissant Francês,13.0,Delivery,Débito,25.0
2026-04-18,Saturday,1,14,183,Trabalhador,Latte Baunilha,16.0,Torta de Limão Siciliano,16.0,Delivery,Crédito,32.0
2026-04-18,Saturday,1,11,268,Fim de Semana,Latte Baunilha,16.0,Torta de Limão Siciliano,16.0,Delivery,Débito,32.0
2026-04-18,Saturday,1,13,51,Trabalhador,Espresso Premium,9.5,Torta de Limão Siciliano,16.0,Balcão,Débito,25.5
2026-04-18,Saturday,1,14,14,Ocasional,Cappuccino Italiano,14.0,Torta de Limão Siciliano,16.0,Balcão,Débito,30.0
2026-04-18,Saturday,1,17,149,Ocasional,Mocha Belga,18.0,Quiche de Alho Poró,18.0,Delivery,Débito,36.0
2026-04-18,Saturday,1,18,220,Fim de Semana,Cappuccino Italiano,14.0,Bolo Red Velvet,15.0,Balcão,Pix,29.0
2026-04-18,Saturday,1,12,154,Ocasional,Mocha Belga,18.0,Torta de Limão Siciliano,16.0,Delivery,Crédito,34.0
2026-04-18,Saturday,1,7,293,Fim de Semana,Latte Baunilha,16.0,Cookie Artesanal,9.0,Delivery,Crédito,25.0
2026-04-18,Saturday,1,9,289,Fim de Semana,Espresso Premium,9.5,Torta de Limão Siciliano,16.0,Balcão,Débito,25.5
2026-04-18,Saturday,1,15,111,Ocasional,Espresso Premium,9.5,Quiche de Alho Poró,18.0,Balcão,Débito,27.5
2026-04-18,Saturday,1,11,248,Fim de Semana,Cold Brew Especial,17.0,Quiche de Alho Poró,18.0,Balcão,Débito,35.0
2026-04-18,Saturday,1,15,179,Fim de Semana,Latte Baunilha,16.0,Sanduíche Caprese,19.0,Balcão,Crédito,35.0
2026-04-18,Saturday,1,7,271,Fim de Semana,Chá Orgânico,12.0,Croissant Francês,13.0,Delivery,Crédito,25.0
2026-04-18,Saturday,1,19,5,Ocasional,Cappuccino Italiano,14.0,Croissant Francês,13.0,Delivery,Débito,27.0
2026-04-18,Saturday,1,19,229,Fim de Semana,Cold Brew Especial,17.0,Croissant Francês,13.0,Delivery,Pix,30.0
2026-04-18,Saturday,1,13,173,Ocasional,Cold Brew Especial,17.0,Torta de Limão Siciliano,16.0,Delivery,Débito,33.0
2026-04-18,Saturday,1,20,286,Trabalhador,Mocha Belga,18.0,Torta de Limão Siciliano,16.0,Balcão,Pix,34.0
2026-04-18,Saturday,1,16,138,Fim de Semana,Cold Brew Especial,17.0,Sanduíche Caprese,19.0,Balcão,Débito,36.0
2026-04-18,Saturday,1,9,150,Ocasional,Cold Brew Especial,17.0,Torta de Limão Siciliano,16.0,Delivery,Crédito,33.0
2026-04-18,Saturday,1,16,203,Ocasional,Chá Orgânico,12.0,Cookie Artesanal,9.0,Delivery,Pix,21.0
2026-04-18,Saturday,1,7,192,Ocasional,Cold Brew Especial,17.0,Cookie Artesanal,9.0,Delivery,Débito,26.0
2026-04-18,Saturday,1,8,58,Ocasional,Chá Orgânico,12.0,Quiche de Alho Poró,18.0,Balcão,Débito,30.0
2026-04-18,Saturday,1,7,38,Trabalhador,Espresso Premium,9.5,Cookie Artesanal,9.0,Delivery,Débito,18.5
2026-04-19,Sunday,1,15,249,Fim de Semana,Espresso Premium,9.5,Torta de Limão Siciliano,16.0,Delivery,Crédito,25.5
2026-04-19,Sunday,1,14,291,Ocasional,Mocha Belga,18.0,Sanduíche Caprese,19.0,Balcão,Débito,37.0
2026-04-19,Sunday,1,7,274,Fim de Semana,Cappuccino Italiano,14.0,Sanduíche Caprese,19.0,Delivery,Crédito,33.0
2026-04-19,Sunday,1,16,220,Ocasional,Mocha Belga,18.0,Cookie Artesanal,9.0,Delivery,Pix,27.0
2026-04-19,Sunday,1,13,72,Ocasional,Cappuccino Italiano,14.0,Quiche de Alho Poró,18.0,Balcão,Débito,32.0
2026-04-19,Sunday,1,16,243,Fim de Semana,Chá Orgânico,12.0,Croissant Francês,13.0,Balcão,Crédito,25.0
2026-04-19,Sunday,1,17,100,Trabalhador,Mocha Belga,18.0,Quiche de Alho Poró,18.0,Delivery,Crédito,36.0
2026-04-19,Sunday,1,18,78,Ocasional,Cappuccino Italiano,14.0,Croissant Francês,13.0,Balcão,Débito,27.0
2026-04-19,Sunday,1,15,191,Fim de Semana,Mocha Belga,18.0,Quiche de Alho Poró,18.0,Delivery,Crédito,36.0
2026-04-19,Sunday,1,18,100,Ocasional,Chá Orgânico,12.0,Cookie Artesanal,9.0,Delivery,Pix,21.0
2026-04-19,Sunday,1,15,157,Ocasional,Cappuccino Italiano,14.0,Bolo Red Velvet,15.0,Delivery,Pix,29.0
2026-04-19,Sunday,1,17,5,Trabalhador,Espresso Premium,9.5,Cookie Artesanal,9.0,Balcão,Débito,18.5
2026-04-19,Sunday,1,16,170,Trabalhador,Latte Baunilha,16.0,Torta de Limão Siciliano,16.0,Delivery,Pix,32.0
2026-04-19,Sunday,1,15,203,Trabalhador,Mocha Belga,18.0,Croissant Francês,13.0,Balcão,Débito,31.0
2026-04-19,Sunday,1,8,273,Fim de Semana,Latte Baunilha,16.0,Sanduíche Caprese,19.0,Balcão,Débito,35.0
2026-04-19,Sunday,1,15,256,Trabalhador,Mocha Belga,18.0,Cookie Artesanal,9.0,Balcão,Débito,27.0
2026-04-19,Sunday,1,19,9,Ocasional,Cappuccino Italiano,14.0,Croissant Francês,13.0,Delivery,Pix,27.0
2026-04-19,Sunday,1,13,19,Ocasional,Espresso Premium,9.5,Sanduíche Caprese,19.0,Delivery,Pix,28.5
2026-04-19,Sunday,1,17,249,Fim de Semana,Cold Brew Especial,17.0,Torta de Limão Siciliano,16.0,Balcão,Crédito,33.0
2026-04-19,Sunday,1,9,200,Trabalhador,Chá Orgânico,12.0,Quiche de Alho Poró,18.0,Balcão,Pix,30.0
2026-04-19,Sunday,1,20,283,Ocasional,Cold Brew Especial,17.0,Bolo Red Velvet,15.0,Delivery,Crédito,32.0
2026-04-19,Sunday,1,10,133,Ocasional,Latte Baunilha,16.0,Quiche de Alho Poró,18.0,Delivery,Débito,34.0
2026-04-19,Sunday,1,15,92,Fim de Semana,Cold Brew Especial,17.0,Bolo Red Velvet,15.0,Balcão,Crédito,32.0
2026-04-19,Sunday,1,15,157,Ocasional,Mocha Belga,18.0,Croissant Francês,13.0,Delivery,Pix,31.0
2026-04-19,Sunday,1,19,88,Fim de Semana,Latte Baunilha,16.0,Quiche de Alho Poró,18.0,Delivery,Débito,34.0
2026-04-19,Sunday,1,8,284,Fim de Semana,Chá Orgânico,12.0,Croissant Francês,13.0,Balcão,Débito,25.0
2026-04-19,Sunday,1,17,170,Fim de Semana,Latte Baunilha,16.0,Cookie Artesanal,9.0,Delivery,Pix,25.0
2026-04-19,Sunday,1,14,274,Fim de Semana,Cold Brew Especial,17.0,Cookie Artesanal,9.0,Delivery,Crédito,26.0
2026-04-19,Sunday,1,13,137,Ocasional,Latte Baunilha,16.0,Torta de Limão Siciliano,16.0,Delivery,Pix,32.0
2026-04-19,Sunday,1,9,87,Trabalhador,Cold Brew Especial,17.0,Bolo Red Velvet,15.0,Delivery,Crédito,32.0
2026-04-19,Sunday,1,15,147,Fim de Semana,Latte Baunilha,16.0,Torta de Limão Siciliano,16.0,Delivery,Pix,32.0
2026-04-19,Sunday,1,15,242,Trabalhador,Latte Baunilha,16.0,Croissant Francês,13.0,Delivery,Crédito,29.0
2026-04-19,Sunday,1,13,57,Ocasional,Espresso Premium,9.5,Croissant Francês,13.0,Balcão,Crédito,22.5
2026-04-19,Sunday,1,12,17,Fim de Semana,Chá Orgânico,12.0,Cookie Artesanal,9.0,Balcão,Débito,21.0
2026-04-19,Sunday,1,8,278,Ocasional,Cappuccino Italiano,14.0,Croissant Francês,13.0,Delivery,Débito,27.0
2026-04-19,Sunday,1,20,32,Trabalhador,Cold Brew Especial,17.0,Sanduíche Caprese,19.0,Delivery,Crédito,36.0
2026-04-19,Sunday,1,12,283,Ocasional,Cappuccino Italiano,14.0,Quiche de Alho Poró,18.0,Balcão,Pix,32.0
2026-04-19,Sunday,1,15,36,Ocasional,Mocha Belga,18.0,Bolo Red Velvet,15.0,Delivery,Crédito,33.0
2026-04-19,Sunday,1,14,194,Ocasional,Mocha Belga,18.0,Torta de Limão Siciliano,16.0,Delivery,Débito,34.0
2026-04-19,Sunday,1,7,70,Fim de Semana,Cappuccino Italiano,14.0,Bolo Red Velvet,15.0,Delivery,Débito,29.0
2026-04-19,Sunday,1,14,297,Trabalhador,Mocha Belga,18.0,Quiche de Alho Poró,18.0,Balcão,Pix,36.0
2026-04-19,Sunday,1,18,217,Trabalhador,Cold Brew Especial,17.0,Bolo Red Velvet,15.0,Balcão,Débito,32.0
2026-04-19,Sunday,1,8,276,Fim de Semana,Latte Baunilha,16.0,Torta de Limão Siciliano,16.0,Balcão,Crédito,32.0
2026-04-19,Sunday,1,20,172,Trabalhador,Latte Baunilha,16.0,Torta de Limão Siciliano,16.0,Balcão,Crédito,32.0
2026-04-19,Sunday,1,7,25,Ocasional,Chá Orgânico,12.0,Croissant Francês,13.0,Delivery,Débito,25.0
2026-04-19,Sunday,1,7,255,Trabalhador,Chá Orgânico,12.0,Cookie Artesanal,9.0,Delivery,Pix,21.0
2026-04-19,Sunday,1,19,207,Trabalhador,Cappuccino Italiano,14.0,Cookie Artesanal,9.0,Balcão,Pix,23.0
2026-04-19,Sunday,1,16,241,Ocasional,Cappuccino Italiano,14.0,Croissant Francês,13.0,Balcão,Débito,27.0
2026-04-19,Sunday,1,14,230,Fim de Semana,Cold Brew Especial,17.0,Croissant Francês,13.0,Delivery,Débito,30.0
2026-04-19,Sunday,1,14,120,Ocasional,Cappuccino Italiano,14.0,Sanduíche Caprese,19.0,Delivery,Débito,33.0
2026-04-19,Sunday,1,19,239,Fim de Semana,Latte Baunilha,16.0,Quiche de Alho Poró,18.0,Balcão,Débito,34.0
2026-04-19,Sunday,1,18,3,Fim de Semana,Cappuccino Italiano,14.0,Sanduíche Caprese,19.0,Balcão,Crédito,33.0
2026-04-19,Sunday,1,16,294,Fim de Semana,Cold Brew Especial,17.0,Cookie Artesanal,9.0,Balcão,Crédito,26.0
2026-04-19,Sunday,1,12,232,Ocasional,Latte Baunilha,16.0,Bolo Red Velvet,15.0,Delivery,Crédito,31.0
2026-04-19,Sunday,1,8,298,Fim de Semana,Chá Orgânico,12.0,Croissant Francês,13.0,Delivery,Débito,25.0
2026-04-19,Sunday,1,10,154,Trabalhador,Latte Baunilha,16.0,Sanduíche Caprese,19.0,Delivery,Crédito,35.0
2026-04-19,Sunday,1,15,25,Fim de Semana,Cold Brew Especial,17.0,Quiche de Alho Poró,18.0,Balcão,Pix,35.0
2026-04-19,Sunday,1,16,104,Ocasional,Espresso Premium,9.5,Quiche de Alho Poró,18.0,Balcão,Pix,27.5
2026-04-19,Sunday,1,7,178,Trabalhador,Mocha Belga,18.0,Cookie Artesanal,9.0,Delivery,Crédito,27.0
2026-04-19,Sunday,1,16,163,Fim de Semana,Espresso Premium,9.5,Croissant Francês,13.0,Balcão,Débito,22.5
2026-04-19,Sunday,1,9,148,Fim de Semana,Espresso Premium,9.5,Cookie Artesanal,9.0,Delivery,Crédito,18.5
2026-04-19,Sunday,1,14,143,Trabalhador,Chá Orgânico,12.0,Quiche de Alho Poró,18.0,Delivery,Débito,30.0
2026-04-19,Sunday,1,11,52,Trabalhador,Cold Brew Especial,17.0,Sanduíche Caprese,19.0,Balcão,Crédito,36.0
2026-04-19,Sunday,1,16,8,Trabalhador,Mocha Belga,18.0,Bolo Red Velvet,15.0,Delivery,Crédito,33.0
2026-04-19,Sunday,1,8,295,Ocasional,Latte Baunilha,16.0,Cookie Artesanal,9.0,Delivery,Débito,25.0
2026-04-19,Sunday,1,20,119,Fim de Semana,Latte Baunilha,16.0,Sanduíche Caprese,19.0,Delivery,Pix,35.0
2026-04-19,Sunday,1,16,109,Ocasional,Chá Orgânico,12.0,Quiche de Alho Poró,18.0,Balcão,Crédito,30.0
2026-04-19,Sunday,1,17,161,Fim de Semana,Chá Orgânico,12.0,Bolo Red Velvet,15.0,Delivery,Pix,27.0
2026-04-19,Sunday,1,19,71,Ocasional,Latte Baunilha,16.0,Quiche de Alho Poró,18.0,Delivery,Pix,34.0
2026-04-19,Sunday,1,9,14,Fim de Semana,Mocha Belga,18.0,Cookie Artesanal,9.0,Balcão,Crédito,27.0
2026-04-19,Sunday,1,15,213,Ocasional,Latte Baunilha,16.0,Torta de Limão Siciliano,16.0,Delivery,Crédito,32.0
2026-04-19,Sunday,1,9,170,Ocasional,Mocha Belga,18.0,Sanduíche Caprese,19.0,Delivery,Pix,37.0
2026-04-19,Sunday,1,14,136,Ocasional,Chá Orgânico,12.0,Cookie Artesanal,9.0,Delivery,Pix,21.0
2026-04-19,Sunday,1,9,74,Ocasional,Chá Orgânico,12.0,Quiche de Alho Poró,18.0,Delivery,Débito,30.0
2026-04-19,Sunday,1,19,128,Ocasional,Cappuccino Italiano,14.0,Bolo Red Velvet,15.0,Balcão,Débito,29.0
2026-04-19,Sunday,1,18,241,Ocasional,Chá Orgânico,12.0,Cookie Artesanal,9.0,Balcão,Crédito,21.0
2026-04-19,Sunday,1,15,168,Trabalhador,Latte Baunilha,16.0,Croissant Francês,13.0,Delivery,Crédito,29.0
2026-04-19,Sunday,1,8,158,Trabalhador,Cappuccino Italiano,14.0,Quiche de Alho Poró,18.0,Balcão,Débito,32.0
2026-04-19,Sunday,1,12,250,Trabalhador,Cold Brew Especial,17.0,Torta de Limão Siciliano,16.0,Delivery,Crédito,33.0
2026-04-19,Sunday,1,10,223,Ocasional,Cappuccino Italiano,14.0,Bolo Red Velvet,15.0,Balcão,Pix,29.0
2026-04-19,Sunday,1,9,12,Ocasional,Cold Brew Especial,17.0,Sanduíche Caprese,19.0,Balcão,Débito,36.0
2026-04-19,Sunday,1,7,230,Trabalhador,Cold Brew Especial,17.0,Cookie Artesanal,9.0,Balcão,Pix,26.0
2026-04-19,Sunday,1,13,89,Trabalhador,Espresso Premium,9.5,Bolo Red Velvet,15.0,Balcão,Débito,24.5
2026-04-19,Sunday,1,10,117,Ocasional,Cappuccino Italiano,14.0,Cookie Artesanal,9.0,Delivery,Débito,23.0
2026-04-19,Sunday,1,18,276,Trabalhador,Espresso Premium,9.5,Torta de Limão Siciliano,16.0,Delivery,Crédito,25.5
